공통표준단어명,공통표준단어영문약어명,공통표준단어 영문명,공통표준단어 설명,형식단어여부,공통표준도메인분류명,이음동의어 목록,금칙어 목록,제정차수,"개정구분명(폐기 또는 변경)",개정항목,개정사유
1회섭취참고량,RAFOS,Reference Amount For One Serving,一回攝取參考量. 만 3세 이상 소비계층이 통상적으로 소비하는 식품별 1회 섭취량과 시장조사 결과 등을 바탕으로 설정한 값을 말한다 ,N,,,,5차(2022-07),,,
1회투여량,SGLDS,Single Dose,一回投與量. 한 번에 약물이나 주사 등이 몸에 투여되는 구체적인 양,Y,수,,,8차(2025-11),,,
API,API,Application Programming Interface,"API. 운영 체제, 프로그래밍 언어 등에 있는 라이브러리를 응용 프로그램 개발 시 이용할 수 있도록 규칙들을 정의해 놓은 인터페이스",N,,,,6차(2023-11),,,
CAS,CAS,Chemical Abstract Service,CAS. 화학적 동질성을 갖는 물질에 대하여 미국 화학회(化學會)에서 부여한 고유 번호,N,,,,6차(2023-11),,,
CCTV,CCTV,Closed-Circuit Television,CCTV. 특정 수신자를 대상으로 화상을 전송하는 텔레비전 방식,N,,,,8차(2025-11),,,
CI,CI,Connecting Information,"Connecting Information. 여러 온라인 서비스에서 동일인을 확인할 수 있는 연계 정보로, 본인인증을 거친 뒤 사업자 간 사용자를 식별할 수 있는 암호화된 고유값",N,,,,8차(2025-11),,,
CMS,CMS,Cash Management Service,"CMS. 은행에 직접 가지 않고도 컴퓨터나 단말기를 통신 회선으로 연결하여 은행이 제공하는 각종 금융 거래 정보를 이용하거나, 자금의 효율적 관리, 자금 대체 따위를 할 수 있는 서비스",N,,,,7차(2024-11),,,
CPU,CPU,Central Processing Unit,CPU. 컴퓨터 시스템 전체의 작동을 통제하고 프로그램의 모든 연산을 수행하는 가장 핵심적인 장치,N,,,,6차(2023-11),,,
DI,DI,Duplication Information,"Duplication/Dedication Information. 중복가입 확인 정보로, 하나의 서비스 내에서 동일 사용자의 중복 가입을 막고, 계정 구분을 위한 식별값",N,,,,8차(2025-11),,,
EAI,EAI,Enterprise Application Integration,EAI. 기업 내 연관된 모든 애플리케이션을 유기적으로 연동하여 필요한 정보를 집중적으로 통합하는 일,N,,,,7차(2024-11),,,
ERP,ERP,Enterprise Resource Planning,Enterprise Resource Planning. 기업의 모든 업무 프로세스와 자원을 통합적으로 관리하는 시스템 및 소프트웨어,N,,,,8차(2025-11),,,
ESB,ESB,Enterprise Service Bus,Enterprise Service Bus. 여러 이기종 시스템을 효율적으로 연계하는 미들웨어 플랫폼,N,,,,8차(2025-11),,,
FAQ,FAQ,Frequently Asked Question,FAQ. 많은 사람이 자주 물어보는 질문과 그에 대한 답을 정리해 놓은 문서,N,,,,6차(2023-11),,,
G2B,G2B,Government-To-Business,"G2B. 정부-기업 간 거래. 정부 전자조달. 물품이나 용역의 입찰, 공문서 교환 등의 사업",N,,,,7차(2024-11),,,
GIS,GIS,Geographic Information System,GIS. 지리정보시스템(Geographic Information System) 지도에 관한 속성 정보를 컴퓨터를 이용해서 해석하는 지도 정보 시스템,N,,,,4차(2021-12),,,
HTML,HTML,Hypertext Markup Language,HTML. 하이퍼링크를 사용하는 컴퓨터 언어. 홈페이지 제작에 주로 사용하는 언어로 표시가 있는 글을 선택하면 그것과 연결되어 있는 내용을 보여 주거나 연결되어 있는 프로그램을 실행,N,,,,1차(2020-08),,,
IMO,IMO,International Maritime Organization,"International Maritime Organization. 국제해사기구를 칭하며 배의 항로, 교통 규칙, 항만 시설 따위의 국제적 통일을 목적으로 설립한 국제 연합의 전문 기구",N,,,,8차(2025-11),,,
IP,IP,Internet Protocol,"IP. OSI 모델의 제3계층(네트워크층)에 해당되는 프로토콜로 IP계층에 따라 다른 네트워크 간 패킷의 전송, 즉 경로 제어를 위한 규약",N,,아이피,,2차(2020-12),,,
MAC,MAC,Medium Access Control,"MAC. OSI 기본 참조 모델의 데이터 링크 계층의 일부로서, 동일한 매체를 여러 노드가 공유하는 특성상에 존재하는 구내 정보 통신망(LAN) 고유의 계층",N,,,,2차(2020-12),,,
MMS,MMS,Multimedia Messaging Service,"MMS. 3세대 이동통신 서비스의 기본 요소로서 정지 영상, 음악, 음성 및 동영상 등의 다양한 형식의 데이터를 주고받을 수 있는 메시징 시스템",N,,,,7차(2024-11),,,
OTP,OTP,One-Time Password,OTP. 사용자 인증을 위하여 로그인을 할 때마다 매번 새로 생성되는 비밀번호,N,,,,8차(2025-11),,,
PDF,PDF,Portable Document Format,PDF. 원본 문서가 어떠한 애플리케이션에서 작성되었는지에 상관없이 여러 플랫폼 환경에서 문서를 동일하게 출력하고 디스플레이할 수 있도록 해주는 파일 포맷,N,,,,6차(2023-11),,,
PG,PG,Payment Gateway,"PG. 인터넷상에서 금융 기관과 하는 거래를 대행해 주는 업체. 신용 카드 거래, 계좌 이체, 핸드폰 이용 결제 등 다양한 소액 결제 서비스를 대신 제공해 준다",N,,,,6차(2023-11),,,
POS,POS,Point Of Sales,"POS. 상점의 전자식 금전 등록기, 정찰 판독 장치 등을 컴퓨터에 연결하여 상품 데이터를 관리하는 시스템",N,,,,7차(2024-11),,,
PQ,PQ,Pre-Qualification,"Pre-Qualification. 입찰 전 사업수행능력 사전심사로, 일정 수준 이상의 역량과 신뢰도를 갖춘 업체만 공사나 용역 입찰에 참가할 수 있도록 제한하는 제도",N,,,,8차(2025-11),,,
QR코드,QRCD,Quick Response Code,"QR CODE. 컴퓨터로 만든 흑백 격자무늬 코드로, 정보를 나타내는 매트릭스 형식의 이차원 코드",N,,큐알코드,,7차(2024-11),,,
RFID,RFID,Radio Frequency Identification,RFID. 전파 신호를 통해 비접촉식으로 사물에 부착된 얇은 평면 형태의 태그를 식별하여 정보를 처리하는 시스템,N,,,,7차(2024-11),,,
RSS,RSS,Really Simple Syndication,RSS. 웹 사이트 간의 자료 교환 및 배급을 위한 확장성 링크 언어(XML) 기반의 규격,N,,,,7차(2024-11),,,
SMS,SMS,Short Message Service,"SMS. 컴퓨터, 휴대전화 이용자들이 별도의 부가장비 없이도 간단한 단문의 메시지를 주고 받을 수 있는 문자 서비스",N,,,,1차(2020-08),,,
SNS,SNS,Social Networking Service,SNS. 동일한 관심 또는 특성을 갖는 사람들이 연결될 수 있도록 온라인 기반의 개인 간 소셜 네트워크를 만들고 운영하는 데 초점을 맞춘 서비스,N,,,,7차(2024-11),,,
SQL,SQL,Structured Query Language,SQL. 관계형 데이터베이스 관리 시스템(RDBMS) 또는 관계형 데이터 스트림 관리 시스템(RDSMS)의 조작과 관리를 위한 표준 질의 언어,N,,,,6차(2023-11),,,
SSL,SSL,Secure Sockets Layer,SSL. 인터넷상에서 데이터 통신 보안을 제공하는 암호 프로토콜,N,,,,7차(2024-11),,,
SSO,SSO,Single Sign-On,Single Sign-On. 한 번 인증으로 여러 시스템 이용 가능하도록 하는 통합 로그인 기술,N,,,,8차(2025-11),,,
TV수신료,TVSFE,TV Subscription Fee,TV受信料. 텔레비전 방송을 수신하는 대가로 지불하는 돈,Y,요금,,,7차(2024-11),,,
URL,URL,Uniform Resource Locator,URL. 확인된 리소스가 어디에 있는지 또 이를 탐색하는 메커니즘이 어디에 있는지에 대해 규정하는 URL,N,,,,2차(2020-12),,,
VOC,VOC,Voice of Customer,"VOC. 콜센터에 접수되는 고객의 불만 사항에 대해, 접수부터 처리까지 처리 상황을 실시간으로 관리하고 처리 결과를 관서별로 지표화하여 관리하고 평가함으로써 고객의 체감 서비스를 향상하는 고객 관리 시스템",N,,,,6차(2023-11),,,
WBS,WBS,Work Breakdown Structure,"WBS. 프로젝트 과업과 하위 과업 그리고 작업 단위의 계층을 나타내는 구조. 한 개 이상의 작업 단위가 완성되어 하위 과업이 완성되고, 한 개 이상의 하위 과업이 완성되어 프로젝트가 완성된다",N,,,,7차(2024-11),,,
XML,XML,Extensible Mark-Up Language,Extensible Markup Language. 데이터를 저장하고 전달하는 데 사용되는 다목적 마크업 언어,N,,,,8차(2025-11),,,
X좌표,XCRD,X-Coordinate,"X座標. 직선·평면·공간에서 점의 위치를 나타낼 때, 원점에서 직각으로 만나는 두 좌표축(X축과 Y축)을 사용해서 X축에 내린 수선의 눈금인 x를 그 점의 x좌표 또는 가로좌표라고 함",Y,좌표,,,6차(2023-11),,,
Y좌표,YCRD,Y-Coordinate,"Y座標. 직선·평면·공간에서 점의 위치를 나타낼 때, 원점에서 직각으로 만나는 두 좌표축(X축과 Y축)을 사용해서 Y축에 내린 수선의 눈금인 y를 그 점의 y좌표 또는 세로좌표라고 함",Y,좌표,,,6차(2023-11),,,
Z좌표,ZCRD,Z-Coordinate,"Z座標. 3차원의 데카르트 좌표계에서 가로축(X축)과 세로축(Y축)에 대하여 직각이 되는 제3의 축(Z축)을 의미. X-Y-Z 좌표계는 길이, 너비, 깊이를 갖는 모델을 생성하여 3차원 공간에서 모델을 이동하는 데 사용된다",Y,좌표,,,7차(2024-11),,,
가감,ADSB,Addition And Subtraction,加減. 더하거나 빼는 일 또는 그렇게 하여 알맞게 맞추는 일,N,,,,6차(2023-11),,,
가격,PRC,Price,價格. 물건이 지니고 있는 가치를 돈으로 나타낸 것,Y,가격,,,6차(2023-11),,,
가결,PSD,Passed,"可決. 회의에서, 제출된 의안을 합당하다고 결정함",N,,,,8차(2025-11),,,
가계수표,PSCK,Personal Check,家計手票. 은행에 가계 종합 예금 계좌를 가진 사람이 그 은행 앞으로 발행하는 소액 수표,N,,,,8차(2025-11),,,
가공비,PRCFE,Processing Fee,加工費. 가공을 하는 데 드는 비용,Y,비용,,,8차(2025-11),,,
가구,HSHD,Household,家口. 현실적으로 주거 및 생계를 같이하는 사람의 집단을 세는 단위,N,,,,6차(2023-11),,,
가능,PSBLTY,Possibility,可能. 할 수 있거나 될 수 있음,N,,,,3차(2021-10),,,
가동,OPRTNG,Operating,稼動. 사람이나 기계 따위가 움직여 일함. 또는 기계 따위를 움직여 일하게 함,N,,,,4차(2021-12),,,
가동률,OPRT,Operation Rate,稼動率. 생산 설비가 가동될 수 있는 최대 시간과 실지로 가동한 시간의 비율,Y,율,,,7차(2024-11),,,
가로,WDTH,Width,가로. 왼쪽에서 오른쪽으로 나 있는 방향 또는 그 길이,N,,,,6차(2023-11),,,
가맹점,FRCS,Franchise,加盟店. 어떤 조직의 동맹이나 연맹에 든 가게나 상점,N,,,,2차(2020-12),,,
가분할,DVSB,Divisible,"可分割. 해당 부지, 구역, 재산 등에서 실제로 분할이 허용되는 것",N,,,,8차(2025-11),,,
가산,ADTN,Addition,加算. 더하여 셈함. 몇 개의 수나 식 따위를 합하여 계산함. 또는 그런 셈,N,,,,2차(2020-12),,,
가산금,ADAMT,Additional Amount,"加算金. 세금이나 공공요금 따위를 납부 기한까지 내지 않은 경우, 원래 금액에 일정한 비율로 덧붙여 매기는 금액",Y,금액,,,8차(2025-11),,,
가산세,ADDTX,Additional Tax,加算稅. 규정한 세금을 납부하지 않았을 때 본래 부과된 금액에 일정 비율로 금액을 부과하는 세금,Y,금액,,,5차(2022-07),,,
가산점,ADSC,Additional Score,加算點. 어떤 것에 대한 대가로 더 주는 점수,N,,,,7차(2024-11),,,
가상,VR,Virtual,假象. 주관적으로는 실제 있는 것처럼 보이나 객관적으로는 존재하지 않는 거짓 현상. 假想. 사실이 아니거나 사실 여부가 분명하지 않은 것을 사실이라고 가정하여 생각함,N,,,,2차(2020-12),,,
가속도,ACL,Acceleration,加速度. 일의 진행에 따라 점점 더해지는 속도 또는 그렇게 변하는 속도,Y,수,,,8차(2025-11),,,
가수금,SPRCP,Suspense Receipt,假受金. 부기(簿記)에서 처리할 계정이 미정(未定)인 상태로 우선 받아 두는 돈,Y,금액,,,6차(2023-11),,,
가스,GAS,Gas,GAS. 기체 물질을 통틀어 이르는 말,N,,,,6차(2023-11),,,
가압류,PRAT,Provisional Attachment,假押留. 민사 소송법에서 법원이 채권자를 위하여 나중에 강제 집행을 할 목적으로 채무자의 재산을 임시로 확보하는 일,N,,,,6차(2023-11),,,
가액,EQVL,Equivalent Value,價額. 물건의 가치에 상당한 금액,Y,금액,,,6차(2023-11),,,
가용,AVL,Available,可用. 사용할 수 있음,N,,,,7차(2024-11),,,
가입,JOIN,Join,"加入. 조직이나 단체 따위에 들어가거나, 서비스를 제공하는 상품 따위를 신청함",N,,,,1차(2020-08),,,
가입비,MBSFE,Membership Fee,加入費. 어떤 모임 따위에 들어가기 위하여 필요한 비용,Y,비용,,,8차(2025-11),,,
가입자,SBSR,Subscriber,加入者. 조직이나 단체 따위에 들어간 사람 또는 서비스를 제공하는 상품 따위를 신청한 사람,N,,,,6차(2023-11),,,
가족,FAM,Family,"家族. 주로 부부를 중심으로 한, 친족 관계에 있는 사람들의 집단. 또는 그 구성원. 혼인, 혈연, 입양 등",N,,,,2차(2020-12),,,
가족력,FMHST,Family History,"家族歷. 환자의 가족이나 가까운 친척, 같이 사는 사람들의 의학적 내력",N,,,,8차(2025-11),,,
가중치,WGVL,Weighted Value,加重値. 일반적으로 평균치를 산출할 때 개별치에 부여되는 중요도 또는 어떤 상품이 경제생활에서 차지하는 중요도,N,,,,6차(2023-11),변경,공통표준단어 설명,유관 단어와의 통일성 및 적합성을 고려하여 설명 수정
가중평균,WGAV,Weighted Average,加重平均. 각 항의 수치에 그 중요도에 비례하는 계수를 곱한 다음 산출한 평균,N,,,,8차(2025-11),,,
가지급,PRVPY,Provisional Payment,假支給. 치를 돈 따위의 일부 또는 전액을 정한 날보다 앞당겨 임시로 지급하는 일,N,,가지불,,6차(2023-11),,,
가축,LVST,Livestock,家畜. 집에서 기르는 짐승,N,,,,8차(2025-11),,,
가치,WRTH,Worth,價値. 사물이 지니고 있는 쓸모,N,,,,6차(2023-11),,,
가해자,ASLNT,Assailant,"加害者. 다른 사람의 생명이나 신체, 재산, 명예 따위에 해를 끼친 사람",N,,,,7차(2024-11),,,
각도,ANGL,Angle,角度. 한 점에서 갈리어 나간 두 직선의 벌어진 정도,Y,수,,,8차(2025-11),,,
각하,RJTN,Rejection,"却下. 행정법에서, 국가 기관에 대한 행정상 신청을 배척하는 처분",N,,,,6차(2023-11),,,
간선시설,ATLFCS,Arterial Facilities,幹線施設. 도로ㆍ상하수도ㆍ전기시설ㆍ가스시설ㆍ통신시설 및 지역난방시설 등 주택단지 안의 기간시설을 그 주택단지 밖에 있는 같은 종류의 기간시설에 연결하는 시설,N,,,,4차(2021-12),,,
간염,HPTS,Hepatitis,肝炎. 간에 생기는 염증을 통틀어 이르는 말,N,,,,8차(2025-11),,,
간접,IDRT,Indirect,間接. 중간에 매개(媒介)가 되는 사람이나 사물 따위를 통하여 맺어지는 관계,N,,,,6차(2023-11),,,
간접비,IDRCO,Indirect Cost,間接費. 여러 가지 제품의 생산에 공통으로 소요되는 비용,Y,비용,"간접생산비, 공통비용",,6차(2023-11),,,
간행물,PBLC,Publication,"刊行物. 간행된 책, 신문, 그림 따위를 통틀어 이르는 말",N,,발간물,,6차(2023-11),,,
간호사,NRS,Nurse,看護師. 의사의 진료를 돕고 환자를 돌보는 사람으로서 법으로 그 자격을 정함,N,,,,6차(2023-11),,,
감가상각,DPRC,Depreciation,減價償却. 토지를 제외한 고정 자산에 생기는 가치의 소모를 셈하는 회계상의 절차. 고정 자산 가치의 소모를 각 회계 연도에 할당하여 그 자산의 가격을 줄여 간다,N,,,,7차(2024-11),,,
감가상각률,DPRT,Depreciation Rate,減價償却率. 유형의 고정 자산의 원가에 대한 감가상각액의 비율,Y,율,,,6차(2023-11),,,
감가상각비,DPCO,Depreciation Cost,減價償却費. 감가상각액을 충당하는 비용,Y,비용,,,6차(2023-11),,,
감독자,SPVSR,Supervisor,監督者. 감독하는 사람,N,,,,6차(2023-11),,,
감리,SPVS,Supervision,監理. 감독하고 관리함,N,,,,6차(2023-11),,,
감리원,SPVR,Supervisor,監理員. 감리 업무를 하는 사람,N,,감리자,,7차(2024-11),,,
감면,RDCT,Reduction,減免. 매겨야 할 부담 따위를 덜어 주거나 면제함,N,,,,6차(2023-11),,,
감면율,RDCRT,Reduction Rate,減免率. 매겨야 할 부담 따위를 덜어 주거나 면제한 정도. 또는 그 비율,Y,율,,,6차(2023-11),,,
감사,ADT,Audit,勘査. 잘 살펴 조사함,N,,,,6차(2023-11),,,
감사인,ADTR,Auditor,監査人. 실제로 감사 업무를 담당하는 사람을 이르는 말,N,,감사자,,7차(2024-11),,,
감소,DCRS,Decrease,減少. 양이나 수치가 줆. 또는 양이나 수치를 줄임,N,,,,6차(2023-11),,,
감소율,RDRT,"	Reduction Rate",減少率. 줄어드는 비율,Y,율,,,8차(2025-11),,,
감액,RDAMT,Reduction Amount,減額. 액수를 줄임 또는 줄인 액수,N,,,,6차(2023-11),,,
감점,SBPT,Subtract Points,減點. 점수가 깎임 또는 그 점수,N,,,,6차(2023-11),,,
감정,APRS,Appraisal,"鑑定. 사물의 특성이나 참과 거짓, 좋고 나쁨을 분별하여 판정함",N,,,,6차(2023-11),,,
감정가,APPRC,Appraised Price,"鑑定價. 골동품, 역사 자료, 보석, 토지 따위의 사물에 대하여 특성이나 가치를 분별하여 매기는 가격",Y,가격,감정값,,6차(2023-11),,,
감축량,RDQTY,Reduction Quantity,減縮量. 종전보다 소비하거나 버리던 양에서 줄인 양,Y,수,,,8차(2025-11),,,
값,VL,Value,값. 어떤 사물의 중요성이나 의의,N,,,,5차(2022-07),,,
강도,STR,Strength,強度. 어떤 것의 센 정도 또는 전장(電場)·전류(電流)·방사능 따위의 양(量)의 세기,Y,수,,,8차(2025-11),,,
강등,DMTN,Demotion,降等. 등급이나 계급 따위가 낮아짐 또는 등급이나 계급 따위를 낮춤,N,,,,8차(2025-11),,,
강사,INSTR,Instructor,講師. 학교나 학원 따위에서 위촉을 받아 강의를 하는 사람,N,,,,2차(2020-12),,,
강사료,LCFE,Lecturer Fee,講師料. 강의를 한 대가로 받는 돈,Y,요금,,,8차(2025-11),,,
강설량,SNFL,Snowfall,降雪量. 일정한 기간 동안 일정한 곳에 내린 눈의 양,Y,수,,,8차(2025-11),,,
강수,PRCP,Precipitation,"降水. 비, 눈, 우박, 안개 따위로 지상에 내린 물",N,,,,8차(2025-11),,,
강수량,RN,Rainfall,"降水量. 비, 눈, 우박, 안개 따위로 일정 기간 동안 일정한 곳에 내린 물의 총량",Y,수,,,6차(2023-11),,,
강수확률,POR,Probability Of Rainfall,降水確率. 일정한 지역 안에 있는 임의의 장소에서 지정한 시간 동안 측량할 만한 충분한 양의 비가 내릴 확률,Y,율,,,6차(2023-11),,,
강열감량,IGLS,Ignition Loss,强熱減量. 시료를 고온에서 가열했을 때 무게가 감소하는 현상,N,,,,8차(2025-11),,,
강우량,RNFL,Rainfall,降雨量. 일정 기간 동안 일정한 곳에 내린 비의 분량,Y,수,,,8차(2025-11),,,
강의,LCTR,Lecture,講義. 학문이나 기술의 일정한 내용을 체계적으로 설명하여 가르침,N,,,,6차(2023-11),,,
강의료,LCTRFE,Lecture Fee,講義料. 강의에 대한 보수로 받거나 내는 돈,Y,요금,,,8차(2025-11),,,
강의실,LCTRM,Lecture Room,講義室. 강의하는 데 쓰는 방,N,,,,6차(2023-11),,,
강점,STRPT,Strong Point,強點. 남보다 우세하거나 더 뛰어난 점,N,,,,8차(2025-11),,,
강좌,CORS,Course,講座. 강의나 강연 또는 설교를 하는 자리,N,,,,8차(2025-11),,,
개간면적,LDRCAR,Land Reclamation Area,開墾面積. 거친 땅이나 버려둔 땅을 일구어 쓸모 있는 땅으로 만든 공간의 넓이,Y,면적,,,8차(2025-11),,,
개관,OPNNG,Opening,"開館. 도서관, 영화관, 박물관, 회관 따위의 기관이 설비를 차려 놓고 처음이나 그날의 일을 시작하기 위하여 문을 엶 또는 그렇게 함",N,,,,7차(2024-11),변경,공통표준단어 설명,유관 단어와의 통일성 및 적합성을 고려하여 설명 수정
개교,OPSCH,Open A School,開校. 학교를 새로 세워 처음으로 운영을 시작함,N,,,,8차(2025-11),,,
개략,OUTL,Outline,槪略. 내용을 대강 추려 줄임 또는 그런 것,N,,,,8차(2025-11),,,
개발,DVLP,Development,"開發. 새로운 물건을 만들거나 새로운 생각을 내어놓음. 소프트웨어 공학에서는 요구분석, 설계, 코딩, 통합, 시험, 설치와 소프트웨어 제품의 인수를 지원하기 위한 소프트웨어 생명주기 프로세스를 말함",N,,,,6차(2023-11),,,
개발비,DVLCO,Development Cost,"開發費. 새 기술의 도입, 경영 조직의 개선, 시장의 개척 따위를 위하여 지출하는 돈",Y,비용,,,7차(2024-11),,,
개발자,DVLPR,Developer,"開發者. 새로운 물건을 만들거나 새로운 생각을 내놓는 사람. 소프트웨어 공학에서는 소프트웨어 생명주기 동안 개발 활동(요구 분석, 설계, 시험에서 인수까지)을 수행하는 개인 또는 조직",N,,,,6차(2023-11),,,
개방,OPN,Open,開放. 문이나 어떠한 공간 따위를 열어 자유롭게 드나들고 이용하게 함,N,,,,6차(2023-11),,,
개별,INDIV,Individual,個別. 여럿 중에서 하나씩 따로 나뉘어 있는 상태,N,,,,2차(2020-12),,,
개봉,OPEN,Open,開封. 봉하여 두었던 것을 떼거나 엶,N,,,,7차(2024-11),,,
개선,IMPV,Improvement,"改善. 잘못된 것이나 부족한 것, 나쁜 것 따위를 고쳐 더 좋게 만듦",N,,,,6차(2023-11),,,
개설,ESTBL,Establishment,開設. 설비나 제도 따위를 새로 마련하고 그에 관한 일을 시작함,N,,,,1차(2020-08),,,
개시,STRT,Start,開始. 행동이나 일 따위를 시작함 ,N,,,,1차(2020-08),,,
개업,OPBIZ,Opening of Business,開業. 영업을 처음 시작함,N,,,,1차(2020-08),,,
개요,OTLN,Outline,槪要. 간결하게 추려낸 주요 내용,Y,내용,,,6차(2023-11),,,
개월수,MCNT,Month Count,個月數. 개월의 수효,Y,수,,,6차(2023-11),,,
개인,INDV,Individuals,"個人. 국가나 사회, 단체 등을 구성하는 낱낱의 사람",N,,,,6차(2023-11),,,
개인식별,PRIDTF,Personal Identification,"個人識別. 성명을 알 수 없는 사람이나 시체의 신원을 지문, 혈액형, 발자국, 글씨 따위를 조사하여 알아내는 일",N,,,,5차(2022-07),,,
개인정보,PRVC,Privacy,"個人情報. 살아 있는 개인에 관한 정보로서 성명, 주민등록번호 및 영상 등을 통하여 개인을 알아볼 수 있는 정보(해당 정보만으로는 특정 개인을 알아볼 수 없더라도 다른 정보와 쉽게 결합하여 알아볼 수 있는 것을 포함한다)",N,,,,1차(2020-08),,,
개점,OPSTR,Open Store,"開店. 새로 가게를 내어 처음으로 영업을 시작하거나, 가게 문을 열고 하루의 영업을 시작함",N,,,,6차(2023-11),변경,공통표준단어 설명,유관 단어와의 통일성 및 적합성을 고려하여 설명 수정
개정,RVSN,Revision,改正. 주로 문서의 내용 따위를 고쳐 바르게 함,N,,,,1차(2020-08),,,
개찰,BDOPN,Bid Opening,開札. 입찰한 결과를 견주어 조사함,N,,,,6차(2023-11),,,
개체,INDVD,Individual,個體. 전체나 집단에 상대하여 하나하나의 낱개를 이르는 말,N,,,,8차(2025-11),,,
개최,HDMT,Hold A Meeting,開催. 모임이나 회의 등을 주최하여 엶,N,,,,3차(2021-10),,,
개통,OPNG,Opening,"開通. 길, 다리, 철로, 전화, 전신 따위를 완성하거나 이어 통하게 함",N,,,,5차(2022-07),,,
개편,RGNZ,Reorganization,改編. 조직 따위를 고쳐 편성함,N,,,,8차(2025-11),,,
객관식,MLCH,Multiple Choice,客觀式. ‘선택형’을 일상적으로 이르는 말,N,,,,7차(2024-11),,,
객석,ADTRM,Auditorium,客席. 극장 따위에서 손님이 앉는 자리,N,,,,7차(2024-11),,,
객실,GSRM,Guest Room,客室. 손님을 거처하게 하거나 접대할 수 있도록 정해 놓은 방,N,,,,6차(2023-11),,,
객체,OBJT,Object,客體. 의사나 행위가 미치는 대상 또는 모두 포함한 개념,N,,,,6차(2023-11),,,
갱신,UPDT,Update,更新. 이미 있던 것을 고쳐 새롭게 함,N,,업데이트,,1차(2020-08),,,
거래,DLNG,Dealings,去來. 주고 받음 또는 사고 팖,N,,,,1차(2020-08),,,
거래자,DLR,Dealer,去來者. 물건을 사고 팔거나 돈을 주고받는 사람,N,,,,6차(2023-11),,,
거래처,CNPT,Counterparty,去來處. 돈이나 물건 따위를 계속 거래하는 곳,N,,,,2차(2020-12),,,
거리,DSTNC,Distance,距離.  두 개의 물건이나 장소 따위가 공간적으로 떨어진 길이,Y,수,,,7차(2024-11),,,
거부,RJT,Rejection,拒否. 요구나 제의 따위를 받아들이지 않고 물리침,N,,,,8차(2025-11),,,
거소,PLCRS,Place Of Residence,居所. 살고 있는 곳,N,,,,8차(2025-11),,,
거절,RFSL,Refusal,"拒絕. 상대편의 요구, 제안, 선물, 부탁 따위를 받아들이지 않고 물리침",N,,,,6차(2023-11),,,
거주,HAB,Habitation,居住. 일정한 곳에 머물러 삶 또는 그런 집,N,,주거,,6차(2023-11),,,
거주자,RSDNT,Resident,居住者. 일정한 곳에 거주하는 사람,N,,,,8차(2025-11),,,
거주지,RSDC,Residence,居住地. 현재 거주하고 있는 장소,N,,,,6차(2023-11),,,
거치,DFMT,Deferment,"据置. 그대로 둠 또는 공채(公債), 사채(社債) 따위의 상환 또는 지급을 일정 기간 하지 않는 일",N,,,,6차(2023-11),,,
거치연수,DFYRS,Deferment Years,"据置年數. 공채(公債), 사채(社債) 따위의 상환 또는 지급을 일정 기간 하지 않는 해의 수",Y,수,,,6차(2023-11),,,
건강,HLTH,Health,健康. 정신적으로나 육체적으로 아무 탈이 없고 튼튼함 또는 그런 상태,N,,,,6차(2023-11),,,
건강보험증,HIC,Health Insurance Card,健康保險證. 건강 보험 계약의 성립을 증명하는 문서,N,,,,6차(2023-11),,,
건물,BLDG,Building,"建物. 사람이 들어 살거나, 일을 하거나, 물건을 넣어 두기 위하여 지은 집을 통틀어 이르는 말",N,,,,2차(2020-12),,,
건물번호,BNO,Building Number,建物番號. 행정안전부장관이 정하는 기준에 따라 건물(둘 이상의 건물 등이 현실적으로 하나의 집단을 형성하고 있는 경우에는 그 건물등의 전체)마다 매긴 번호,Y,건물번호,,,2차(2020-12),,,
건물본번,BMNO,Building Main Number,建物本番. 행정안전부장관이 정하는 기준에 따라 건물마다 매긴 번호의 붙임표(-) 앞에 오는 주된 번호,Y,건물본번,,,2차(2020-12),,,
건물부번,BSNO,Building Sub Number,建物副番. 행정안전부장관이 정하는 기준에 따라 건물마다 매긴 번호의 붙임표(-) 뒤에 오는 가지 번호,Y,건물부번,,,2차(2020-12),,,
건설,CNSTR,Construction,"建設. 건물, 설비, 시설 따위를 새로 만들어 세움",N,,,,8차(2025-11),,,
건설기계,CNEQ,Construction Equipment,建設機械. 건설 공사에 쓰는 기계를 통틀어 이르는 말,N,,,,8차(2025-11),,,
건수,NOCS,The Number Of Cases,件數. 일이나 사건 따위의 수,Y,수,,,2차(2020-12),변경,공통표준단어 설명,유관 단어와의 통일성 및 적합성을 고려하여 설명 수정
건의,SGST,Suggestion,建議. 개인이나 단체가 의견이나 희망을 내놓음 또는 그 의견이나 희망,N,,,,6차(2023-11),,,
건축,ARCH,Architecture,"建築. 집이나 성, 다리 따위의 구조물을 그 목적에 따라 설계하여 흙이나 나무, 돌, 벽돌, 쇠 따위를 써서 세우거나 쌓아 만드는 일",N,,,,5차(2022-07),,,
건축면적,BDAR,Building Area,"建築面積. 건축물 외벽의 중심선으로 둘러싸인 부분의 수평투영면적, 즉 건물의 가장 넓은 바닥면적으로, 보통은 가장 넓은 층인 1층의 바닥 넓이",Y,면적,건물면적,,2차(2020-12),,,
건축물,BDST,Buildings & Structures,"建築物. 땅 위에 지은 구조물 중에서 지붕, 기둥, 벽이 있는 건물을 통틀어 이르는 말",N,,,,5차(2022-07),,,
건축물대장,BDRG,Building Register,"建築物臺帳. 건축물의 소재, 구조, 면적 및 소유자의 주소, 성명 따위를 적은 문서",N,,,,2차(2020-12),,,
건축비,CNSTCO,Construction Cost,建築費. 건축하는 데 드는 비용,Y,비용,,,8차(2025-11),,,
건축주,BDONR,Building Owner,建築主. 건축에 관한 공사를 청부 계약할 때 그 주문자. 또는 청부 계약을 하지 않고 스스로 공사를 하는 사람,N,,,,8차(2025-11),,,
건폐율,BDCVRT,Building Coverage Ratio,建蔽率. 대지 면적에 대한 건물의 바닥 면적의 비율. 건축 밀도를 나타내는 지표의 하나,Y,율,,,4차(2021-12),,,
검사,INSP,Inspection,檢査. 사실이나 일의 상태 또는 물질의 구성 성분 따위를 조사하여 옳고 그름과 낫고 못함을 판단하는 일,N,,,,1차(2020-08),,,
검사소,INSOFC,Inspection Office,檢査所. 검사를 주 업무로 하는 기관이나 단체,N,,,,8차(2025-11),,,
검사자,TSTR,Tester,檢査者. 몸이나 사물의 상태를 조사하여 옳고 그름과 낫고 못함을 일정한 기준에 비추어 판단하는 일을 하는 사람,N,,,,6차(2023-11),,,
검색,SRCH,Search,"檢索. 책이나 컴퓨터에서, 목적에 따라 필요한 자료들을 찾아내는 일",N,,,,4차(2021-12),,,
검색어,SRWRD,Search Word,檢索語. 주로 인터넷상에서 찾아야 하거나 찾은 말,N,,,,7차(2024-11),,,
검수,IGI,Incoming Goods Inspection,"檢收. 물건의 규격, 수량, 품질 따위를 검사한 후 물건을 받음",N,,,,4차(2021-12),,,
검수자,CHCKR,Checker,"檢收者. 물건의 규격, 수량, 품질 따위를 검사한 후 물건을 받는 사람",N,,,,4차(2021-12),,,
검정,RCGN,Recognition,"檢定. 일정한 규정에 따라 자격이나 조건을 검사하여 결정하거나 또는 어떤 자격에 필요한 지식, 학력, 기술 따위가 있는지 검정하기 위하여 실시하는 시험",N,,,,2차(2020-12),,,
검증,VRFC,Verification,檢證. 어떤 대상의 성질이나 상태 따위를 인식하여 조사하는 일,N,,,,1차(2020-08),,,
검진,CKUP,Checkup,檢診. 건강 상태와 질병의 유무를 알아보기 위하여 증상이나 상태를 살피는 일,N,,,,6차(2023-11),,,
검출,DTCT,Detection,"檢出. 화학 분석에서, 물질 속에 어떤 화학 성분이나 미생물이 있는지를 검사하여 확인하는 일",N,,,,7차(2024-11),,,
검침,MTRD,Meter Reading,"檢針. 전기, 수도, 가스 따위의 사용량을 알기 위하여 계량기의 숫자를 검사함",N,,,,7차(2024-11),,,
검토,RVW,Review,檢討. 어떤 사실이나 내용을 분석하여 따짐,N,,,,1차(2020-08),,,
검토자,RVWR,Reviewer,檢討者. 어떤 사실이나 내용을 분석하여 따지는 사람,N,,,,4차(2021-12),,,
게시,PSTG,Posting,揭示. 여러 사람에게 알리기 위하여 내붙이거나 내걸어 두루 보게 함. 또는 그런 물건,N,,,,1차(2020-08),,,
게시물,PST,Post,揭示物. 여러 사람에게 알리기 위하여 내붙이거나 내걸어 두루 보게 한 물건이나 글,N,,,,4차(2021-12),,,
게시자,PBLR,Publisher,揭示者. 여러 사람에게 알리기 위하여 내붙이거나 내걸어 두루 보게 한 사람,N,,,,2차(2020-12),,,
게시판,BBS,Bulletin Board System,揭示板. 여러 사람에게 알릴 내용을 내붙이거나 내걸어 두루 보게 붙이는 판,N,,,,5차(2022-07),,,
게임,GAME,Game,Game. 규칙을 정해 놓고 승부를 겨루는 놀이,N,,,,7차(2024-11),,,
견본,SAMPL,Sample,見本. 전체 상품의 품질이나 상태 따위를 알아볼 수 있도록 내놓아 보이는 물건,N,,,,8차(2025-11),,,
견적,ESTMT,Estimate,見積. 어떤 일을 하는 데 필요한 비용 따위를 미리 어림잡아 계산함 또는 그런 계산,N,,,,6차(2023-11),,,
결격,DSQL,Disqualification,缺格. 필요한 자격을 갖추고 있지 못함,N,,,,8차(2025-11),,,
결과,RSLT,Result,結果. 어떤 원인으로 결말이 생김. 또는 그런 결말의 상태,N,,,,5차(2022-07),,,
결근,ABSWK,Absence From Work,缺勤. 근무해야 할 날에 출근하지 않고 빠짐,N,,,,7차(2024-11),,,
결론,CNCLSN,Conclusion,結論. 말이나 글의 끝을 맺는 부분,N,,맺음말,,8차(2025-11),,,
결산,SOA,Settlement of Accounts,決算. 일정한 기간 동안의 수입과 지출을 마감하여 계산함 또는 그렇게 산출한 계산,N,,,,6차(2023-11),,,
결석,ABSNC,Absence,缺席. 나가야 할 자리에 나가지 않음,N,,,,7차(2024-11),,,
결손,DFCT,Deficit,缺損. 어느 부분이 없거나 잘못되어서 불완전함,N,,,,8차(2025-11),,,
결원,VCNCY,Vacancy,缺員. 사람이 빠져 정원에 차지 않고 빔 또는 그런 인원,N,,,,8차(2025-11),,,
결의,RSLTN,Resolution,決議. 의논하여 결정함. 또는 그런 결정,N,,,,3차(2021-10),,,
결의서,RSDOC,Resolution Document,決意書. 어떤 사안에 대하여 결의한 내용을 적은 문서,N,,,,7차(2024-11),,,
결재,ATRZ,Authorization,決裁. 결정할 권한이 있는 상관이 부하가 제출한 안건을 검토하여 허가하거나 승인함,N,,,,1차(2020-08),,,
결재선,APLN,Approval Line,決裁線. 결재가 이루어지는 과정이나 절차,N,,,,6차(2023-11),,,
결재자,APRVR,Approver,決裁者. 부하가 제출한 안건을 검토하여 허가하거나 승인하는 상관,N,,,,4차(2021-12),,,
결정,DCSN,Decision,決定. 행동이나 태도를 분명하게 정함. 또는 그렇게 정해진 내용,N,,,,1차(2020-08),,,
결제,STLM,Settlement,決濟. 증권 또는 대금을 주고받아 매매 당사자 사이의 거래 관계를 끝맺는 일,N,,,,1차(2020-08),,,
결제자,STLAGT,"	Settlement Agent",決濟者. 증권 또는 대금을 주고받아 매매 당사자 사이의 거래 관계를 끝맺는 일을 하는 사람,N,,,,8차(2025-11),,,
결함,DFC,Defect,缺陷. 부족하거나 완전하지 못하여 흠이 되는 부분,N,,,,7차(2024-11),,,
결혼,MRG,Marriage,結婚. 남녀가 정식으로 부부 관계를 맺음,N,,혼인,,3차(2021-10),,,
겸업,SDJB,Side Job,兼業. 주된 직업 외에 다른 일을 겸하여 함 또는 그렇게 하는 일,N,,,,6차(2023-11),,,
겸직,CCPS,Concurrent Position,兼職. 자기의 본디 직무 외에 다른 직무를 겸함 또는 그 직무,N,,,,6차(2023-11),,,
경고,WARN,Warning,警告. 조심하거나 삼가도록 미리 주의를 줌. 또는 그 주의,N,,,,7차(2024-11),,,
경과,ELPS,Elapse,經過. 시간이 지나감,N,,,,6차(2023-11),,,
경과연수,ELYRS,Elapsed Years,經過年數. 시간이 지나간 햇수,Y,수,,,6차(2023-11),,,
경도,LOT,Longitude,經度. 지구 위의 위치를 나타내는 좌표축 중에서 세로로 된 것. 한 지점의 경도는 그 지점을 지나는 자오선과 런던의 그리니치 천문대를 지나는 본초 자오선이 이루는 각도임,Y,경도,,,2차(2020-12),,,
경력,CRR,Career,經歷. 겪어 지내 온 여러 가지 일,N,,,,6차(2023-11),,,
경력연수,EPYRS,Experience Years,經歷年數. 개인이 쌓아온 직업상의 경험 기간,Y,수,,,8차(2025-11),,,
경로,PATH,Path,經路. 지나는 길,N,,,패스,5차(2022-07),,,
경로우대,SNPR,Senior Preference,敬老優待. 노인을 공경하여 특별히 잘 대우함. 또는 그런 대우,N,,,,7차(2024-11),,,
경매,AUCTN,Auction,競賣. 물건을 사려는 사람이 여럿일 때 값을 가장 높이 부르는 사람에게 파는 일,N,,,,6차(2023-11),,,
경비,EPS,Expense,經費. 사업을 경영하거나 운영하는 데 필요한 비용,Y,비용,,,6차(2023-11),,,
경비율,EXPNRT,Expense Rate,經費率. 사업을 경영하거나 운영하는 데 필요한 비용을 백분율로 산정한 것,Y,율,,,8차(2025-11),,,
경사도,GRDNT,Gradient,傾斜度. 기울어진 정도,Y,수,,,8차(2025-11),,,
경상기술료,RNRLTY,Running Royalty,經常技術料. 매출 또는 이익 등에 대하여 일정 비율로 지급하는 기술료,Y,요금,,,8차(2025-11),,,
경상이익,ORDPF,Ordinary Profit,經常利益. 기업의 경영 활동에서 경상적으로 발생하는 이익,Y,금액,,,7차(2024-11),,,
경상자,SLIPR,Slightly Injured Person,輕傷者. 조금 다친 사람,N,,,,7차(2024-11),,,
경영,MNGM,Management,經營. 기업이나 사업 따위를 관리하고 운영함,N,,,,6차(2023-11),,,
경영체,BIZORG,Business Organization,經營體. 관리하고 운영하는 기업이나 사업 따위의 조직체,N,,,,7차(2024-11),,,
경위,CRCM,Circumstances,經緯. 일이 진행되어 온 과정,Y,내용,,,8차(2025-11),,,
경유,VIA,Via,經由. 어떤 곳을 거쳐 지남,N,,,,8차(2025-11),,,
경유지,STPV,Stopover,經由地. 거쳐 지나는 곳,N,,,,7차(2024-11),,,
경작면적,CLTVAR,Cultivation Area,耕作面積. 실제로 농사짓는 땅의 넓이,Y,면적,경작면,,6차(2023-11),,,
경제,ECNM,Economy,經濟. 인간의 생활에 필요한 재화나 용역을 생산·분배·소비하는 모든 활동,N,,,,8차(2025-11),,,
경조,CGCD,Congratulations And Condolences,慶弔. 경축하는 것과 조문(弔問) 하는 일,N,,,,7차(2024-11),,,
경찰서,POLSTN,Police Station,警察署. 경찰 사무를 맡아보는 관청,N,,,,6차(2023-11),,,
경합채권,CMPCLM,Competition Claims,競合債權. 청구할 수 있는 권리가 서로 맞서서 권리가 중복되는 채권,N,,,,6차(2023-11),,,
계급,ECHLN,Echelon,"階級. 사회나 일정한 조직 내에서의 지위, 관직 따위의 단계",N,,,,5차(2022-07),,,
계량,MSR,Measuring,"計量. 수량을 헤아리거나 부피, 무게 따위를 잼",N,,,,7차(2024-11),,,
계량기,MSINS,Measuring Instrument,計量器. 수량을 헤아리는 데 쓰는 기구,N,,,,7차(2024-11),,,
계산,CAL,Calculation,計算. 수를 헤아림,N,,,,6차(2023-11),,,
계산서,BLL,Bill,計算書. 계산한 내용을 자세히 적은 서류,N,,,,6차(2023-11),,,
계산식,CALFM,Calculation Formula,計算式. 주어진 수를 일정한 규칙에 따라 처리하여 수치를 구하는 식,N,,,,7차(2024-11),,,
계수,CFC,Coefficient,"係數. 하나의 수량을 여러 양의 다른 함수로 나타내는 관계식에서, 물질의 종류에 따라 달라지는 비례 상수",Y,율,,,6차(2023-11),,,
계약,CTRT,Contract,契約. 관련되는 사람이나 조직체 사이에서 서로 지켜야 할 의무에 대하여 글이나 말로 정하여 둠. 또는 그런 약속,N,,,,1차(2020-08),,,
계약면적,CTRTAR,Contract Area,"契約面積. 공동주택을 분양할 때 주택공급 면적. 주거전용면적, 주거공용면적 및 그 밖의 공용면적(경비실, 기계실, 노인정, 관리실, 주민공동시설, 보육시설 등)과 지하 주차장 면적을 합한 면적을 말한다",Y,면적,,,6차(2023-11),,,
계약자,CTRTR,Contractor,契約者. 계약을 맺은 사람,N,,,,6차(2023-11),,,
계약직,CTWK,Contract Work,"契約職. 일정한 근로 기간 및 방식, 임금 따위를 계약을 통하여 약정하고 그 기간 내에만 고용이 지속되는 직위나 직무",N,,,,7차(2024-11),,,
계절,SEAS,Season,季節. 규칙적으로 되풀이되는 자연 현상에 따라서 일 년을 구분한 것,N,,,,8차(2025-11),,,
계정,ACNT,Account,"計定. 부기(簿記)의 원장(原帳)에서 같은 종류나 동일 명칭의 자산, 부채, 자본, 수익, 비용, 손실에 대하여 그 증감을 계산/기록하기 위하여 설정한 단위",N,,,,5차(2022-07),,,
계정과목,ACNTL,Account Title,"計定科目. 회계에서, 단위가 되는 각 계정의 명칭",N,,,,5차(2022-07),,,
계좌,BACNT,Bank Account,計座. 금융 기관에 예금하려고 설정한 개인명의나 법인명의 계좌,N,,,,5차(2022-07),,,
계좌번호,ACTNO,Account Number,計座番號. 금융 기관 등에 예금하려고 설정한 개인명의나 법인명의 계좌에 부여하는 식별 번호,Y,계좌번호,,,2차(2020-12),,,
계좌이체,ACTRSF,Account Transfer,計座移替. 한 계좌에 들어 있는 돈을 다른 계좌로 옮김,N,,,,4차(2021-12),,,
계층,LYR,Layer,"Layer. 통신 프로토콜의 구조화를 위한 방법의 하나로, 통신을 위한 전반적인 소프트웨어 및 하드웨어적인 사항의 여러 관련된 부분을 모아서 수직적 구조를 갖도록 한 것",N,,레이어,,5차(2022-07),,,
계통한계가격,SMP,System Marginal Price,"系統限界價格. 전력의 시장 가격을 매길 때, 거래하는 시간별로 일반 발전기의 생산 전력량에 적용하는 값으로 발전회사가 전력을 한전에 판매하는 도매가격이자, 전력시장에서 거래되는 표준가격",Y,가격,,,8차(2025-11),,,
계획,PLAN,Plan,"計劃/計畫. 앞으로 할 일의 절차, 방법, 규모 따위를 미리 헤아려 작정함. 또는 그 내용",N,,,,1차(2020-08),,,
계획량,PLNQTY,Planned Quantity,計劃量. 미리 헤아려 하기로 작정한 분량,Y,수,,,7차(2024-11),,,
계획서,PLDOC,Planning Document,計劃書. 계획한 내용을 담은 서류,N,,,,7차(2024-11),,,
고객,CUST,Customer,顧客. 상점 따위에 물건을 사러 오는 손님,N,,,,2차(2020-12),,,
고도,ALTD,Altitude,高度. 평균 해수면 따위를 0으로 하여 측정한 대상 물체의 높이,Y,수,,,6차(2023-11),,,
고등학교,HGSCHL,High School,高等學校. 중학교를 졸업한 사람에게 고등 보통 교육과 실업 교육을 실시하는 학교,N,,,고교,7차(2024-11),,,
고발,ACSTN,Accusation,告發. 세상에 잘 알려지지 않은 잘못이나 비리 따위를 드러내어 알림,N,,,,6차(2023-11),,,
고시,ANCMNT,Announcement,告示. 글로 써서 게시하여 널리 알림. 주로 행정 기관에서 일반 국민들을 대상으로 어떤 내용을 알리는 경우를 이름,N,,,,1차(2020-08),,,
고용,EPM,Employment,雇用. 삯을 주고 사람을 부림,N,,,,6차(2023-11),,,
고용률,EMPRT,Employment Rate,雇傭率. 15~64세에 해당하는 생산 가능 인구 중 취업한 사람의 비율,Y,율,,,8차(2025-11),,,
고용보험,EPIS,Employment Insurance,"雇用保險. 실업자에게 보험금을 주어 직업 능력의 개발과 향상, 실업자의 생활 안정과 재취업을 지원하는 보험",N,,,,6차(2023-11),,,
고용보험료,EPISPM,Employment Insurance Premium,雇用保險料. 고용 보험에 가입한 사람이 보험자에게 내는 일정한 돈,Y,요금,,,6차(2023-11),,,
고유,UNQ,Unique,固有.본래부터 가지고 있는 특유한 것,N,,,,5차(2022-07),,,
고유식별정보,UII,Unique Identifier Information,"固有識別情報. 개인을 고유하게 구별하기 위해 부여된 식별정보로, 주민등록번호, 여권번호, 운전면허의 면허번호, 외국인등록번호를 말함 (규제「개인정보 보호법」 제24조제1항 및 규제「개인정보 보호법 시행령」 제19조)",N,,,,6차(2023-11),,,
고장,BKDN,Breakdown,故障. 기구나 기계가 제대로 움직이지 못하게 되는 기능상의 장애,N,,,,7차(2024-11),,,
고정,FIX,Fixation,固定. 한번 정한 대로 변경하지 아니함,N,,,,6차(2023-11),,,
고정비,FXCO,Fixed Cost,固定費. 생산량의 변동 여부에 관계없이 일정하게 지출되는 비용,Y,비용,,,8차(2025-11),,,
고정비율,FARTO,Fixed Assets Ratio,"固定比率. 자기 자본에 대한 고정 자산의 비율. 기업의 안정성 측정을 위하여 사용하며, 이 비율이 낮을수록 회사 재정이 건전하다고 할 수 있다",Y,율,,,6차(2023-11),,,
고지,INFRM,Inform,告知. 게시나 글을 통하여 알림,N,,,,1차(2020-08),,,
고지서,NTSH,Notice Sheet,告知書. 법적 권한을 가진 행정 기관 따위에서 세금이나 부담금을 매기어 납부하도록 알리는 문서,N,,,,8차(2025-11),,,
고충,DSTRS,Distress,苦衷. 괴로운 심정이나 사정,N,,,,7차(2024-11),,,
고향사랑,HAFCT,Hometown Affection,故鄕사랑. 자기가 태어나서 자란 곳을 몹시 아끼고 귀중히 여기는 마음 또는 그런 일,N,,,,8차(2025-11),,,
고혈압,HBPR,High Blood Pressure,高血壓. 혈압이 정상 수치보다 높은 증상,N,,,,7차(2024-11),,,
곡선,CURVE,Curve,曲線. 모나지 아니하고 부드럽게 굽은 선,N,,,,8차(2025-11),,,
공가,OFVC,Official Vacation,公暇. 공무원이 얻을 수 있도록 공식적으로 인정되어 있는 휴가,N,,,,8차(2025-11),,,
공개,RLS,Release,"公開. 어떤 사실이나 사물, 내용 따위를 여러 사람에게 널리 터놓음",N,,,,1차(2020-08),,,
공고,PBANC,Public Announcement,"公告. 국가 기관이나 공공 단체에서 일정한 사항을 일반 대중에게 광고, 게시, 또는 다른 공개적 방법으로 널리 알림",N,,,,1차(2020-08),,,
공공,PBL,Public,公共. 국가나 사회의 구성원에게 두루 관계되는 것,N,,,,8차(2025-11),,,
공공기관,PBNST,Public Institution,公共機關. 국가나 사회의 구성원에게 두루 관계되는 기관,N,,,,6차(2023-11),,,
공공누리,KOGL,Korea Open Government License,"公共누리. 공공저작물 자유이용 허락 표시제도. 국가, 지방자치단체, 공공기관이 4가지 공공누리 유형 마크를 통해 개방한 공공저작물 정보를 통합 제공하는 서비스",N,,,,7차(2024-11),,,
공과금,UTBL,Utility Bill,"公課金. 국가나 공공 단체가 국민에게 부과하는 금전적인 부담으로 각종 세금을 비롯하여 전기료, 수도료 따위가 포함된다",Y,금액,,,8차(2025-11),,,
공구,TOOL,Tool,工具. 물건을 만들거나 고치는 데에 쓰는 기구나 도구를 통틀어 이르는 말,N,,,,8차(2025-11),,,
공급,SPLY,Supply,供給. 요구나 필요에 따라 물품 따위를 제공함,N,,,,5차(2022-07),,,
공급면적,SPLYAR,Supply Area,"供給面積. 공동 주택에서 방이나 거실 따위를 모두 포함한 전용 면적에, 계단이나 현관 따위의 주거와 관련된 공용 면적을 합산한 면적",Y,면적,,,6차(2023-11),,,
공급받는자,SPLRCP,Supply Recipient,供給받는者. 공급을 받는 역할을 담당하는 사람이나 기관,N,,,,6차(2023-11),,,
공급자,SPLR,Supplier,供給者. 공급하는 역할을 담당하는 사람이나 기관,N,,,,6차(2023-11),,,
공단,PBCP,Public Corporation,公團. 국가적인 차원의 일정 사업을 수행하기 위하여 설립된 특수 법인의 하나,N,,,,8차(2025-11),,,
공동,JNT,Joint,共同. 둘 이상의 사람이나 단체가 함께 일을 하거나 같은 자격으로 관계를 가짐,N,,,,6차(2023-11),,,
공동명의,JNTNM,Joint Name,共同名義. 둘 이상의 사람이나 단체가 공동으로 이름을 내세우는 것 또는 그런 이름,N,,,,6차(2023-11),,,
공동수급,JSD,Joint Supply And Demand,共同需給. 하나의 계약을 2인 이상의 사업자가 함께 이행하는 것,N,,,,7차(2024-11),,,
공동주택,APTCPX,Apartment Complex,共同住宅. 여러 가구가 한 건축물 안에서 각각 따로 생활을 할 수 있게 설계하여 지은 큰 집,N,,,,4차(2021-12),,,
공란,BLNK,Blank,"空欄. 책, 서류, 공책 따위의 지면에 글자 없이 비워 둔 칸이나 줄",N,,,,7차(2024-11),,,
공매,PBAC,Public Auction,公賣. 법률에 의하여 공공 기관이 강제적으로 물건을 처분하여 돈으로 바꾸는 일,N,,,,7차(2024-11),,,
공모,PBCNTS,Public Contest,公募. 일반에게 널리 공개하여 모집함,N,,,,7차(2024-11),,,
공무원,PBOFC,Public Official,公務員. 국가 또는 지방 공공 단체의 사무를 맡아보는 사람,N,,,,6차(2023-11),,,
공문,OFDOC,Official Document,公文. 공공 기관이나 단체에서 공식으로 작성한 서류,N,,공문서,,6차(2023-11),,,
공법,MTCNS,Method Of Construction,工法. 공사하는 방법,N,,,,7차(2024-11),,,
공부,OFBK,Official Book,公簿. 관청이나 관공서에서 법규에 따라 작성하여 비치하는 장부,N,,,,6차(2023-11),,,
공부면적,PBRGAR,Public Register Area,"公簿面積. 등기부 등본, 토지 대장, 건축물대장 등 국가나 지방 자치 단체가 작성/비치하는 공부에 기재된 면적",Y,면적,,,5차(2022-07),,,
공사,CSTRN,Construction,工事. 토목이나 건축 따위의 일,N,,,,1차(2020-08),,,
공사비,CNSCO,Construction Cost,工事費. 공사에 드는 비용,Y,비용,,,7차(2024-11),,,
공시,PBLNT,Public Notice,公示. 일정한 내용을 공개적으로 게시하여 일반에게 널리 알림. 또는 그렇게 알리는 글,N,,,,5차(2022-07),,,
공시가,OFPRC,Official Notice Price,公示價. 정부나 공공 기관에서 공시한 값,Y,가격,,,6차(2023-11),,,
공시지가,OALP,Officially Announced Land Price,公示地價. 국토교통부장관이 조사ㆍ평가하여 공개적으로 게시하여 알린 표준지의 단위 면적당 가격,Y,가격,표준지공시지가,,2차(2020-12),,,
공실,EPRM,Empty Room,空室. 사용하지 않는 빈방,N,,,,7차(2024-11),,,
공여,PRVSN,Provision,供與. 어떤 물건이나 이익 따위를 상대편에게 돌아가도록 함,N,,,,8차(2025-11),,,
공연,PRFR,Performance,"公演. 음악, 무용, 연극 따위를 많은 사람 앞에서 보이는 일",N,,,,7차(2024-11),,,
공용,CMUS,Common Use,公用. 공공의 목적으로 씀. 또는 그런 물건,N,,,,8차(2025-11),,,
공용면적,CMAR,Common Area,共用面積. 임대 사무실이나 공동 주택 등 여러 사람이 사용하는 건물에서 공동으로 이용하는 부분의 바닥 넓이,Y,면적,,,2차(2020-12),,,
공원,PARK,Park,"公園. 국가나 지방 공공 단체가 공중의 보건ㆍ휴양ㆍ놀이 따위를 위하여 마련한 정원, 유원지, 동산 등의 사회 시설",N,,,,4차(2021-12),,,
공원면적,PRKAR,Park Area,"公園面積. 국가나 지방 공공 단체가 공중의 보건・휴양・놀이 따위를 위하여 마련한 정원, 유원지, 동산 등의 사회 시설의 면적",Y,면적,,,7차(2024-11),,,
공유,SHRN,Sharing,共有. 두 사람 이상이 한 물건을 공동으로 소유함,N,,,,6차(2023-11),,,
공유면적,SHRAR,Shared Area,"共有面積. 아파트 따위의 공동 주택에서, 각 가구가 공동으로 사용하는 부분의 바닥 면적. 출입구나 엘리베이터의 홀, 계단, 통로, 관리인실, 기계실 따위가 이에 속한다",Y,면적,,,7차(2024-11),,,
공장,FCTRY,Factory,工場. 원료나 재료를 가공하여 물건을 만들어 내는 설비를 갖춘 곳,N,,,,6차(2023-11),,,
공적,CNTRB,Contribution,功績. 노력과 수고를 들여 이루어 낸 일의 결과,N,,,,6차(2023-11),,,
공정,PROCS,Process,工程. 일이 진척되는 과정이나 정도,N,,,,6차(2023-11),,,
공정가액,FVAMT,Fair Value Amount,公正價額. 합리적인 판단력과 거래의사가 있는 독립된 당사자 간에 거래될 수 있는 교환가격,Y,금액,,,8차(2025-11),,,
공정률,PRCRT,Process Rate,工程律. 완성된 상태를 기준으로 하여 작업이 어느 정도 진척되었는지를 나타내는 비율,Y,율,,,7차(2024-11),,,
공제,DDC,Deduction,控除. 받을 몫에서 일정한 금액이나 수량을 뺌,N,,,,2차(2020-12),,,
공종,CNSTP,Construction Type,工種. 건설공사 분야에서 공사의 종류 또는 작업의 세부 분류,N,,,,8차(2025-11),,,
공지,NTC,Notice,公知. 세상에 널리 알림,N,,,,1차(2020-08),,,
공지글,ANNC,Announcement,公知글. 여러 사람이 두루 알도록 인터넷 게시판에 올리는 글,N,,,,8차(2025-11),,,
공탁,DPOST,Deposit,供託. 돈이나 물건을 제공하고 그 보관을 위탁함,N,,,,6차(2023-11),,,
공탁자,DPOSTR,Depositor,供託者. 법령의 규정에 따라 금전이나 유가 증권 따위를 공탁소에 맡겨 두는 사람,N,,,,8차(2025-11),,,
공통,COM,Common,共通. 둘 또는 그 이상의 여럿 사이에 두루 통하고 관계됨,N,,,,6차(2023-11),,,
공포,PRMG,Promulgation,"公布. 이미 확정된 법률, 조약, 명령 따위를 일반 국민에게 널리 알리는 일",N,,,,6차(2023-11),,,
공표,OFANC,Official Announcement,公表. 여러 사람에게 널리 드러내어 알림,N,,,,6차(2023-11),,,
공항,ARPRT,Airport,空港. 항공 수송을 위하여 사용하는 공공용 비행장,N,,,,8차(2025-11),,,
공휴일,LHLDY,Legal Holiday,公休日. 국가나 사회에서 정하여 다 함께 쉬는 날,N,,,,6차(2023-11),,,
과거,PAST,Past,過去. 이미 지나간 때,N,,,,7차(2024-11),,,
과락,FLSBJ,Fail A Subject,科落. 어떤 과목의 성적이 합격 기준에 못 미치는 일,N,,,,7차(2024-11),,,
과목,SBJCT,Subject,科目. 가르치거나 배워야 할 지식 및 경험의 체계를 세분하여 계통을 세운 영역,N,,,,5차(2022-07),,,
과세,TXTN,Taxation,課稅. 세금을 정하여 그것을 내도록 의무를 지움,N,,,,4차(2021-12),,,
과세면적,TXAR,Taxable Area,課稅面積. 세금을 부과하는데 기준이 되는 토지나 건물의 면적,Y,면적,,,6차(2023-11),,,
과세표준,TXBS,Tax Base,課稅標準. 과세의 기준이 되는 것,N,,,,4차(2021-12),,,
과오납,OEPY,Overpayment Or Erroneous Payment,過誤納. 과납과 오납을 아울러 이르는 말,N,,,,7차(2024-11),,,
과오납금,OVPMNT,Overpayments,過誤納金. 내야 할 세금보다 많이 납부하였거나 또는 실수나 착오로 잘못 낸 세금,Y,금액,,,4차(2021-12),,,
과정,CRS,Course,過程. 일이 되어 가는 경로,N,,,,5차(2022-07),,,
과제,ASMT,Assignment,課題. 처리하거나 해결해야 할 문제,N,,,,5차(2022-07),,,
과징금,SRCHG,Surcharge,課徵金. 규약 위반에 대한 제재로 징수하는 돈,Y,금액,,,7차(2024-11),,,
과태료,FFNLG,Fine For Negligence,"過怠料. 공법에서, 의무 이행을 태만히 한 사람에게 벌로 물게 하는 돈",Y,금액,,,4차(2021-12),,,
과학기술인,SCEGNR,Scientists and Engineers,科學技術人. 과학의 원리를 기술에 활용하여 인간 생활에 쓸 수 있도록 만드는 사람,N,,,,6차(2023-11),,,
관계,REL,Relation,"關係. 둘 이상의 사람, 사물, 현상 따위가 서로 관련을 맺거나 관련이 있음. 또는 그런 관련",N,,"관련, 연관, 유관",,2차(2020-12),,,
관계자,RLPR,Related Person,關係者. 어떤 일에 관련이 있는 사람,N,,관계인,,6차(2023-11),,,
관광지,TRSPT,Tourist Spot,"觀光地. 경치가 뛰어나거나 사적(史跡), 온천 따위가 있어 관광할 만한 곳",N,,,,7차(2024-11),,,
관급,GVSP,Government Supply,官給. 공공기관에서 공급하거나 발주함,N,,,,7차(2024-11),,,
관내,WTJR,Within The Jurisdiction,管內. 어떤 기관이 관할하는 구역의 안,N,,,,7차(2024-11),,,
관람,VWNG,Viewing,"觀覽. 연극, 영화, 운동 경기, 미술품 따위를 구경함",N,,,,7차(2024-11),,,
관리,MNG,Management,"管理. 어떤 일의 사무를 맡아 처리하거나 시설이나 물건의 유지, 개량 따위의 일을 맡아 함",N,,,,1차(2020-08),,,
관리비,MNCO,Maintenance Cost,管理費. 시설이나 물건을 관리하는 데 드는 비용,Y,비용,,,6차(2023-11),,,
관리자,MNGR,Manager,"管理者. 소유자로부터 위탁을 받아 시설을 관리하는 자, 사법상(私法上) 타인의 재산을 관리하는 사람",N,,,,1차(2020-08),,,
관리주체,MNATH,Management Authority,管理主體. 관계 법령 혹은 계약에 의하여 해당 시설물의 관리자로 규정된 자나 해당 시설물의 소유자,N,,,,6차(2023-11),,,
관리청,MNAGC,Management Agency,管理廳. 어떤 일의 사무를 맡아 처리하는 중앙 행정 기관의 분류 단위,N,,,,7차(2024-11),,,
관보,OFGZ,Official Gazette,官報. 정부가 일반에게 널리 알릴 사항을 실어 발행하는 기관지,N,,,,8차(2025-11),,,
관서,GVMNFC,Government Office,官署. 관청과 그 부속 기관을 통틀어 이르는 말,N,,,,5차(2022-07),,,
관서장,CGO,Chief Of Government Office,官署長. 관청과 그 부속 기관의 우두머리를 통틀어 이르는 말,N,,,,7차(2024-11),,,
관세율,TRFRT,Tariff Rate,關稅率. 수입하거나 수출하는 물품에 매기는 세율,Y,율,,,6차(2023-11),,,
관심,ITRST,Interest,關心. 어떤 것에 마음이 끌려 주의를 기울임. 또는 그런 마음이나 주의,N,,,,4차(2021-12),,,
관인,OCSL,Official Seal,"官印. 정부 기관에서 발행하는, 인증이 필요한 문서 따위에 찍는 도장",N,,,,8차(2025-11),,,
관찰,OBSRV,Observation,觀察. 사물이나 현상을 주의하여 자세히 살펴봄,N,,,,8차(2025-11),,,
관측,OBSRVN,Observation,"觀測. 육안이나 기계로 자연 현상 특히 천체나 기상의 상태, 추이, 변화 따위를 관찰하여 측정하는 일",N,,,,4차(2021-12),,,
관측소,OBSVTR,Observatory,觀測所. 적의 동태를 살피기 위하여 여러 가지 관측 장비를 설치한 곳,N,,,,5차(2022-07),,,
관측지점,OBSPT,Observation Point,觀測地點. 대기나 수질의 오염 정도를 지속적으로 관측하는 시설이나 장소,N,,,,8차(2025-11),,,
관할,CMPTNC,Competence,管轄. 일정한 권한을 가지고 통제하거나 지배함. 또는 그런 지배가 미치는 범위,N,,,,3차(2021-10),,,
광고,AD,Advertisement,廣告. 상품이나 서비스에 대한 정보를 여러 가지 매체를 통하여 소비자에게 널리 알리는 의도적인 활동,N,,,,8차(2025-11),,,
광고비,ADEXP,Advertising Expenses,廣告費. 광고하는 데 지출되는 경비,Y,비용,,,8차(2025-11),,,
광산,MINE,Mine,鑛山. 광물을 캐내는 곳,N,,,,8차(2025-11),,,
광역시도,MCTPV,Metropolitan Cities And Provinces,"廣域市道. 행정구역상 상급 지방자치단체로 특별시, 광역시, 도, 특별자치도, 특별자치시가 해당됨",N,,,,6차(2023-11),,,
교대,SHFT,Shift,交代. 어떤 일을 여럿이 나누어서 차례에 따라 맡아 함,N,,,,8차(2025-11),,,
교량,BRG,Bridge,橋梁. 시내나 강을 사람이나 차량이 건널 수 있게 만든 다리,N,,,,6차(2023-11),,,
교부,DTBN,Distribution,"交付/交附. 내어 줌, 물건을 인도하는 일",N,,,,1차(2020-08),,,
교부금,GRNAMT,Grant Amount,交付金. 정부나 공공 단체가 기업이나 개인에게 교부하는 돈,Y,금액,,,8차(2025-11),,,
교수,PRFSR,Professor,"敎授. 대학에서, 학문을 가르치고 연구하는 사람",N,,,,7차(2024-11),,,
교시,CLPD,Class Period,校時. 학교의 수업 시간을 세는 단위,N,,,,8차(2025-11),,,
교육,EDU,Education,敎育. 지식과 기술 따위를 가르치며 인격을 길러 줌,N,,,,1차(2020-08),,,
교육과정,CRCLM,Curriculum,"敎育課程. 교육 내용과 관련하여, 교과의 배열과 조직을 체계화한 전체적인 계획",N,,,,5차(2022-07),,,
교육기관,EDNST,Education Institution,"敎育機關. 교육에 관한 일을 맡아보는 곳. 좁게는 학교를 이르며, 넓게는 교육 행정 기관도 포함",N,,,,4차(2021-12),,,
교육비,EDUCO,Educational Cost,敎育費. 교육에 드는 경비,Y,비용,,,6차(2023-11),,,
교육생,TRNE,Trainee,敎育生. 어떤 기관에서 지식이나 기술 따위를 배우는 학생,N,,,,7차(2024-11),,,
교육세,EDUTX,Education Tax,敎育稅. 의무 교육에 필요한 경비를 마련할 목적으로 부과하는 조세,Y,금액,,,6차(2023-11),,,
교육연수,EDTRN,Education and Training,"敎育硏修. 지식과 기술 따위를 가르치며 인격, 기술, 학문 등을 닦아서 단련함",N,,,,6차(2023-11),,,
교육자,EDCTR,Educator,敎育者. 교원으로서 교육에 종사하는 사람,N,,,,8차(2025-11),,,
교육청,OFED,Office Of Education,敎育廳. 각 시도 내 학교 및 교육 기관에서 행하는 교육과 학예에 관한 사무를 맡아보는 관청,N,,,,8차(2025-11),,,
교재,TCMTR,Teaching Materials,敎材. 학문이나 기예 따위를 가르치거나 배우는 데 필요한 여러 가지 재료,N,,,,7차(2024-11),,,
교재비,TBEXP,Textbook Expense,敎材費. 학문이나 기예 따위를 가르치거나 배우는 데 필요한 여러 가지 재료를 마련하는 데 드는 비용,Y,비용,,,8차(2025-11),,,
교점,NODE,Node,"交點. 서로 만나는 점. 데이터 통신망에서, 데이터를 전송하는 통로에 접속되는 하나 이상의 기능 단위. 주로 통신망의 분기점이나 단말기의 접속점을 이른다",N,,노드,,5차(2022-07),,,
교정,CORR,Correction,"校正/矯正. 교정쇄와 원고를 대조하여 오자, 오식, 배열, 색 따위를 바르게 고치거나, 잘못된 행동을 바로잡음",N,,,,8차(2025-11),,,
교직원,SCHSTF,School Staff,敎職員. 학교의 교원 및 사무 직원,N,,,,8차(2025-11),,,
교체,RPLC,Replacement,交替. 사람이나 사물을 다른 사람이나 사물로 대신함,N,,,,7차(2024-11),,,
교통,TRFC,Traffic,"交通. 자동차・기차・배・비행기 따위를 이용하여 사람이 오고 가거나, 짐을 실어 나르는 일",N,,,,7차(2024-11),,,
교통량,TRFV,Traffic Volume,交通量. 일정한 곳을 일정한 시간에 왕래하는 사람이나 차량 따위의 수량,Y,수,,,8차(2025-11),,,
교통비,TRNSCO,Transportation Cost,交通費. 탈것을 타고 다니는 데 드는 비용,Y,비용,,,6차(2023-11),,,
교통편,TRMNS,Transportation Means,交通便. 한 장소에서 다른 장소로 오고 가는 데 이용하는 자동차·기차·선박·항공기 따위의 교통수단,N,,,,8차(2025-11),,,
교환,EXCH,Exchange,交換. 서로 바꿈,N,,,,6차(2023-11),,,
구간,SCTN,Section,區間. 어떤 지점과 다른 지점과의 사이,N,,,,8차(2025-11),,,
구금,CNFN,Confinement,拘禁. 피고인 또는 피의자를 구치소나 교도소 따위에 가두어 신체의 자유를 구속하는 강제 처분,N,,,,8차(2025-11),,,
구내,PRMS,Premises,構內. 큰 건물이나 시설 또는 부지(敷地)의 안,N,,,,7차(2024-11),,,
구동,DRV,Drive,驅動. 동력을 가하여 움직임,N,,,,8차(2025-11),,,
구매,PRCHS,Purchase,購買. 물건 따위를 사들 임,N,,"구입, 매입",,1차(2020-08),,,
구매자,PRCHR,Purchaser,購買者. 물건을 사는 사람이나 단체,N,,,,6차(2023-11),,,
구매처,PCPL,Purchasing Place,購買處. 물건 따위를 사들이는 장소 또는 그 기관,N,,,,6차(2023-11),,,
구분,SE,Section,區分. 일정한 기준에 따라 전체를 몇 개로 갈라 나눔,N,,,,4차(2021-12),,,
구비서류,RQDOC,Required Documents,具備書類. 빠짐없이 갖추어야 하는 서류,N,,,,7차(2024-11),,,
구상,CLIM,Claim,求償. 거래에서 계약 위반 사항이 있는 경우에 상대방에게 손해 배상을 청구하거나 이의를 제기하는 일,N,,클레임,,8차(2025-11),,,
구상채권,RIDNT,Right of Indemnity,求償債權. 신용 보증 기금이 법령이나 계약에 따라 채무 관계자에게 청구할 수 있는 모든 채권,N,,,,6차(2023-11),변경,공통표준단어 설명,유관 단어와의 통일성 및 적합성을 고려하여 설명 수정
구성,CPST,Composition,構成. 몇 가지 부분이나 요소들을 모아서 일정한 전체를 짜 이룸 또는 그 이룬 결과,N,,,,6차(2023-11),,,
구속,DTNT,Detention,拘束. 행동이나 의사의 자유를 제한하거나 속박함,N,,,,8차(2025-11),,,
구역,ZONE,Zone,區域. 갈라놓은 지역,N,,,,5차(2022-07),,,
구우편번호,OZIP,Old Zip Code,舊郵便番號. 우편물을 쉽게 분류하기 위하여 과거 지번주소에 매긴 우편번호,Y,구우편번호,,,2차(2020-12),,,
구조,STRCT,Structure,構造. 부분이나 요소가 어떤 전체를 짜 이룸 또는 그렇게 이루어진 얼개,N,,,,8차(2025-11),,,
구조물,STRTS,Structures,"構造物. 일정한 설계에 따라 여러 가지 재료를 얽어서 만든 물건. 건물, 다리, 축대, 터널 따위가 있다. ",N,,,,5차(2022-07),,,
구축,ETBL,Establish,構築. 어떤 시설물을 쌓아 올려 만들거나 체계 따위의 기초를 닦아 세움,N,,,,6차(2023-11),,,
국,TELOFC,Telephone Office,局. 가입 구역 내 가입 전화의 교환 사무를 취급하는 기관,N,,교환국,,5차(2022-07),,,
국가,NTN,Nation,"國家. 일정한 영토와 거기에 사는 사람들로 구성되고, 주권(主權)에 의한 하나의 통치 조직을 가지고 있는 사회 집단",N,,나라,,2차(2020-12),,,
국가유공자,NMPR,National Merits Person,"國家有功者. 국가를 위하여 희생하거나 공헌한 사람. 순국선열, 애국지사, 전몰군경, 전상군경, 순직군경, 공상군경, 무공수훈자, 보국수훈자, 6ㆍ25참전 재일학도의용군인, 참전유공자, 4ㆍ19혁명사망자, 4ㆍ19혁명부상자, 4ㆍ19혁명공로자, 순직공무원, 공상공무원, 국가사회발전 특별공로순직자, 국가사회발전 특별공로상이자, 국가사회발전 특별공로자가 이에 해당한다",N,,,,8차(2025-11),,,
국가지점번호,NPNO,National Point Number,國家地點番號. 국토 및 국토와 인접한 바다를 10m×10m의 격자로 구획하여 그 지점마다 부여한 고유 번호,Y,번호,,,8차(2025-11),,,
국고,NTTR,National Treasury,國庫. 국가의 재정적 활동에 따른 현금의 수입과 지출을 담당하기 위하여 한국은행에 설치한 예금 계정. 또는 그 예금,N,,,,7차(2024-11),,,
국고금,NTFND,National Funds,國庫金. 국고에 속하는 현금,N,,,,7차(2024-11),,,
국고보조금,GVSBS,Government Subsidy,國庫補助金. 산업을 진흥하고 특정한 사업을 육성하기 위하여 국고에서 보조해 주는 돈,Y,금액,,,6차(2023-11),,,
국내,DMST,Domestic,國內. 나라의 안,N,,,,8차(2025-11),,,
국민연금,NPN,National Pension,國民年金. 노령ㆍ장애ㆍ사망 따위로 소득 획득 능력이 없어졌을 때 국가가 생활 보장을 위하여 정기적으로 지급하는 금액,N,,,,6차(2023-11),,,
국민주택기금,NHFND,National Housing Fund,國民住宅基金. 한 세대당 85㎡ 이하로 규정된 국민 주택의 건설하는 것을 지원할 목적으로 마련한 기금,N,,,,8차(2025-11),,,
국비,GVEXP,Government Expenditure,國費. 나라의 재정으로 부담하는 비용,Y,비용,,,8차(2025-11),,,
국산,DMPRD,Domestic Product,國産. 자기 나라에서 생산함. 또는 그 물건,N,,국내산,,7차(2024-11),,,
국외,OVS,Overseas,國外. 한 나라의 영토 밖,N,,,,8차(2025-11),,,
국적,NTNLTY,Nationality,國籍. 한 나라의 구성원이 되는 자격. 또는 소속되어 있는 나라,N,,,,5차(2022-07),,,
국정,NTAD,National Administration,國政. 나라의 정치,N,,,,7차(2024-11),,,
국제,INTL,International,"國際. 나라 사이에 관계되거나 여러 나라에 공통되며, 여러 나라가 모여 이루거나 행하는 것",N,,,,7차(2024-11),변경,공통표준단어 설명,유관 단어와의 통일성 및 적합성을 고려하여 설명 수정
국제표준도서번호,ISBN,International Standard Book Number,國際標準圖書番號. 각 출판사가 펴낸 각각의 도서에 국제적으로 표준화하여 붙이는 고유의 도서 번호 (ISBN),Y,번호,,,6차(2023-11),,,
국제표준연속간행물번호,ISSN,International Standard Serial Number,國際標準連續刊行物番號. 전 세계에서 생산되는 연속 간행물의 식별을 위하여 국제적으로 표준화된 방법에 따라 붙이는 고유 번호 (ISSN),Y,번호,,,6차(2023-11),,,
군경력,MLCR,Military Career,軍經歷. 군에 복무한 경력,N,,,,8차(2025-11),,,
군번,SRVNO,Service Number,軍番. 군인 개인마다 주어지는 고유 번호,Y,번호,,,8차(2025-11),,,
군별,MILDSC,Military Discrimination,軍別. 군대의 종류에 따라서 나눈 구별,N,,,,8차(2025-11),,,
군필,MSVCF,Military Service Fulfilled,軍畢. 병역의 의무를 마침,N,,,,7차(2024-11),,,
굴착,EXCV,"	Excavation",掘鑿. 땅이나 암석 따위를 파고 뚫음,N,,,,8차(2025-11),,,
권고,RCMND,Recommendation,勸告. 어떤 일을 하도록 권함 또는 그런 말,N,,,,7차(2024-11),변경,공통표준단어 설명,유관 단어와의 통일성 및 적합성을 고려하여 설명 수정
권리,RGHT,Right,權利. 어떤 일을 행하거나 타인에 대하여 당연히 요구할 수 있는 힘이나 자격,N,,,,6차(2023-11),,,
권리금,PRMM,Premium,權利金. 토지 또는 건물의 임대차에 부수해서 그 부동산이 가지는 특수한 장소적 이익의 대가로서 임차인이 임대인에게 지급하는 금전,Y,금액,,,7차(2024-11),,,
권리자,RTHDR,Rights Holder,權利者. 권리를 가진 사람,N,,,,6차(2023-11),,,
권역,SAREA,Sub-Area,圈域. 어떤 특정한 범위 안의 지역,N,,,,5차(2022-07),,,
권한,AUTHRT,Authority,權限. 어떤 사람이나 기관의 권리나 권력이 미치는 범위,N,,,,3차(2021-10),,,
권호,EDTN,Edition,卷號. 연속 간행물 또는 다 권본(多卷本) 자료의 식별자,N,,,,7차(2024-11),,,
귀국,RTOV,Return From Overseas,歸國. 외국에 나가 있던 사람이 자기 나라로 돌아오거나 돌아감,N,,,,8차(2025-11),,,
귀속,BLN,Belonging,"歸屬. 재산이나 영토, 권리 따위가 특정 주체에 붙거나 딸림",N,,,,5차(2022-07),,,
귀책,IMPTN,Imputation,歸責. 형법상 넓은 의미로 결과를 원인에 결부시키는 판단을 이르는 말,N,,,,8차(2025-11),,,
규격,SPCFCT,Specification,規格. 일정한 규정에 들어맞는 격식,N,,,,5차(2022-07),,,
규모,SCL,Scale,規模. 사물이나 현상의 크기나 범위,N,,,,6차(2023-11),,,
규정,RULE,Rule,規定. 규칙으로 정함 또는 그 정하여 놓은 것,N,,,,6차(2023-11),,,
규제,RGL,Regulation,規制. 규칙이나 규정에 의하여 일정한 한도를 정하거나 정한 한도를 넘지 못하게 막음,N,,,,6차(2023-11),,,
규칙,RUL,Rule,規則. 여러 사람이 다 같이 지키기로 작정한 법칙. 또는 제정된 질서,N,,,,7차(2024-11),,,
그룹,GROUP,Group,Group. 함께 행동하거나 공통점이 있어 한데 묶일 수 있는 사람들이나 사물의 무리,N,,,,5차(2022-07),,,
그룹웨어,GRPWR,Groupware,"Groupware. 기업 전산망에 전자 우편과 전자 결재 시스템 데이터베이스 프로그램을 결합하여, 조직 사이의 의사소통을 원활하게 하고 업무 효율을 높일 수 있도록 만든 컴퓨터 프로그램",N,,,,7차(2024-11),,,
그만보기,STVW,Stop Viewing,"그만보기. 웹사이트, 소프트웨어 등에서 반복적으로 노출되는 것을 사용자가 직접 선택하여, 화면에서 더 이상 노출되지 않도록 설정하는 기능 또는 버튼",N,,,,8차(2025-11),,,
근거,BSS,Basis,"根據. 어떤 일이나 의논, 의견에 그 근본이 됨 또는 그런 까닭",N,,,,6차(2023-11),,,
근로,LBR,Labor,勤勞. 부지런히 일함,N,,,,6차(2023-11),,,
근로소득,ERICM,Earned Income,勤勞所得. 피고용자가 육체적ㆍ정신적 노동을 하여 보수로 얻는 소득,N,,,,6차(2023-11),,,
근로자,WRKR,Worker,勤勞者. 근로에 의한 소득으로 생활을 하는 사람,N,,,,4차(2021-12),,,
근무,WORK,Work,勤務. 직장에 적을 두고 직무에 종사함,N,,,,1차(2020-08),,,
근무연수,SVCYRS,Service Years,勤務年數. 직장에 적을 두고 직무에 종사한 연수,Y,수,,,6차(2023-11),,,
근무일,WRKDY,Working Day,勤務日. 근무하는 날,N,,,,4차(2021-12),,,
근무자,STF,Staff,勤務者. 근무하는 사람,N,,,,7차(2024-11),,,
근무조,WKTM,Working Team,勤務組. 근무를 함께하는 작은 집단,N,,,,7차(2024-11),,,
근무지,POWK,Place Of Work,勤務地. 근무하는 곳,N,,,,5차(2022-07),,,
근속,CNSVC,Continuous Service,勤續. 한 일자리에서 계속 근무함,N,,,,6차(2023-11),,,
근속연수,CSYRS,Continuous Service Years,勤續年數. 근로자가 동일 기업에서 계속하여 근무한 연수,Y,수,,,6차(2023-11),,,
근저당,FXCL,Fixed Collateral,根抵當. 장래에 생길 채권의 담보로서 저당권을 미리 설정함 또는 그 저당권,N,,,,6차(2023-11),,,
근태,ATAB,Attendance And Absence,勤怠. 출근과 결근을 아울러 이르는 말,N,,,,7차(2024-11),,,
글꼴,FONT,Font,"글꼴. 자형의 양식. 명조, 송조, 청조, 고딕 따위의 글씨체를 이른다",N,,서체,,7차(2024-11),,,
금리,IRT,Interest Rate,金利. 빌려준 돈이나 예금 따위에 붙는 이자 또는 그 비율,Y,율,,,6차(2023-11),,,
금액,AMT,Amount,金額. 돈의 액수,Y,금액,,,2차(2020-12),,,
금연,NSMK,No Smoking,禁煙. 담배를 피우는 것을 금함,N,,,,7차(2024-11),,,
금요일,FRI,Friday,金曜日. 월요일을 기준으로 한 주의 다섯째 날,N,,,,7차(2024-11),,,
금융,FNNC,Finance,金融. 금전을 융통하는 일,N,,,,6차(2023-11),,,
금융기관,FNST,Financial Institution,金融機關. 예금에서 자금을 조달하여 기업이나 개인에 대부하거나 증권 투자 따위를 하는 기관을 통틀어 이르는 말,N,,,,2차(2020-12),,,
금지,PRHB,Prohibition,禁止. 법이나 규칙이나 명령 따위로 어떤 행위를 하지 못하도록 함,N,,,,8차(2025-11),,,
금칙어,PHWRD,Prohibited Words,禁飭語. 불건전성 따위의 이유로 사용하지 못하게 하는 말,N,,,,7차(2024-11),,,
급수량,WSVLM,Water Supply Volume,給水量. 상수도 시설에서 생산되어 정수장으로부터 일반 사용자에게 공급되는 수량,Y,수,,,8차(2025-11),,,
급식,MLSVC,Meal Service,給食. 식사를 공급함 또는 그 식사,N,,,,8차(2025-11),,,
급식비,MLFE,Meal Fee,給食費. 식사를 공급하는 데 드는 비용,Y,비용,,,8차(2025-11),,,
급여,SLRY,Salary,給與. 돈이나 물품 따위를 줌 또는 그 돈이나 물품,N,,보수,,6차(2023-11),,,
급탕비,HWFE,Hot Water Fee,給湯費. 욕실이나 주방 따위에서 필요한 뜨거운 물을 공급하는 데에 드는 비용,Y,비용,,,8차(2025-11),,,
기각,RJC,Reject,"棄却. 소송을 수리한 법원이, 소나 상소가 형식적인 요건은 갖추었으나, 그 내용이 실체적으로 이유가 없다고 판단하여 소송을 종료하는 일",N,,,,7차(2024-11),,,
기간,PRD,Period,其間. 어느 때부터 다른 어느 때까지의 동안,N,,,,6차(2023-11),,,
기계,MCHN,Machine,機械. 동력을 써서 움직이거나 일을 하는 장치,N,,,,6차(2023-11),,,
기계식,MCNCL,Mechanical,機械式. 기계를 이용하는 방식,N,,,,5차(2022-07),,,
기관,INST,Institution,機關. 사회생활의 영역에서 일정한 역할과 목적을 위하여 설치한 기구나 조직,N,,,,2차(2020-12),,,
기관장,INLDR,Institution Leader,"機關長. 사회생활의 영역에서 일정한 역할과 목적을 위해서 설치한 기구나 조직의 우두머리. 주로, 국가 기관의 으뜸 책임자를 이르는 말로 쓴다",N,,,,7차(2024-11),,,
기기,ISTR,Instrument,"機器/器機. 기구, 기계(機械), 기계(器械) 따위를 통틀어 이르는 말",N,,,,6차(2023-11),,,
기납부,PVPY,Previously Payment,旣納付. 세금이나 공과금 따위를 관계 기관에 이미 냄,N,,,,7차(2024-11),,,
기념,CMMR,Commemoration,紀念/記念. 어떤 뜻깊은 일이나 훌륭한 인물 등을 오래도록 잊지 아니하고 마음에 간직함,N,,,,8차(2025-11),,,
기념일,ANVS,Anniversary,"紀念日. 축하하거나 기릴 만한 일이 있을 때, 해마다 그 일이 있었던 날을 기억하는 날",N,,,,7차(2024-11),,,
기능,FWK,Functional Work,機能. 하는 구실이나 작용을 함 또는 그런 것,N,,,,6차(2023-11),,,
기능직,TCJB,Technical Service Jobs,技能職. 기술상의 재능을 필요로 하는 직업이나 직무,N,,,,6차(2023-11),,,
기대,EXPT,Expectation,期待/企待. 어떤 일이 원하는 대로 이루어지기를 바라면서 기다림,N,,,,6차(2023-11),,,
기록,RCD,Record,記錄. 주로 후일에 남길 목적으로 어떤 사실을 적음 또는 그런 글,N,,,,6차(2023-11),,,
기록물,RCDS,Records,"記錄物. 기록된 책, 사진, 그림 따위를 통틀어 이르는 말",N,,,,7차(2024-11),,,
기록물철,RCDSF,Records Files,"記錄物綴. 두 건 이상의 관련 기록물을 함께 담아 관리하는 서류철, 카드・도면・사진 따위의 보관 봉투, 테이프・필름 따위의 롤, 각각의 디스켓 또는 디스크, 컴퓨터 파일의 디렉터리 등 기록물 묶음의 기본 단위",N,,,,7차(2024-11),,,
기록자,RCDR,Recorder,記錄者. 기록을 하는 사람,N,,,,5차(2022-07),,,
기말,TMEND,Term-End,期末. 기간이나 학기 따위의 끝,N,,,,8차(2025-11),,,
기말잔액,EBLNC,Ending Balance,期末殘額. 일정한 기간이 끝나는 시점에 보유하고 있는 재고 자산,Y,금액,,,6차(2023-11),,,
기본,BSC,Basic,"基本. 사물이나 현상, 이론, 시설 따위를 이루는 바탕",N,,,디폴트,5차(2022-07),,,
기본급,BSPY,Base Pay,"基本給. 임금을 구성하는 요소 가운데, 여러 가지 수당을 제외한 급료",Y,금액,본봉,,8차(2025-11),,,
기본키,PK,Primary Key,基本Key. 관계 데이터베이스의 테이블에서 관계에 대한 투플들을 유일하게 식별할 수 있는 특정 필드를 이르는 말,N,,주키,,6차(2023-11),,,
기부,DNTN,Donation,寄附. 자선 사업이나 공공사업을 돕기 위하여 돈이나 물건 따위를 대가 없이 내놓음,N,,,,6차(2023-11),,,
기부금,AOD,Amount Of Donation,寄附金. 자선 사업이나 공공사업을 돕기 위하여 대가 없이 내놓은 돈,Y,금액,기금,,6차(2023-11),,,
기부자,CTBTR,Contributor,寄附者. 자선 사업이나 공공사업을 돕기 위하여 돈이나 물건 따위를 대가 없이 내놓는 사람,N,,,,7차(2024-11),,,
기부처,CTBPL,Contribution Place,寄附處. 돈이나 물건 따위를 기부하는 곳,N,,,,7차(2024-11),,,
기산,RCK,Reckoning,起算. 일정한 때나 장소를 기점으로 잡아서 계산을 시작함,N,,,,6차(2023-11),,,
기상,WTHER,Weather,氣象. 대기 중에서 일어나는 물리적인 현상을 통틀어 이르는 말,N,,,,8차(2025-11),,,
기성,PXCND,Pre-Existing Condition,旣成. 이미 이루어짐 또는 그런 것,N,,,,8차(2025-11),,,
기소,INDC,Indictment,起訴. 검사가 특정한 형사 사건에 대하여 법원에 심판을 요구하는 일,N,,,,8차(2025-11),,,
기숙사,DRMT,Dormitory,寄宿舍. 학교나 회사 따위에 딸려 있어 학생이나 사원에게 싼값으로 숙식을 제공하는 시설,N,,생활관,,8차(2025-11),,,
기술,TECH,Technology,技術. 과학 이론을 실제로 적용하여 사물을 인간 생활에 유용하도록 가공하는 수단,N,,,,6차(2023-11),,,
기술료,RLTY,Royalty,技術料. 기술의 지적 재산권 따위에 의하여 기술을 사용한 대가로 지급하는 돈,Y,요금,,,7차(2024-11),,,
기술자,ENGNR,Engineer,技術者. 어떤 분야에 전문적 기술을 가진 사람,N,,,,7차(2024-11),,,
기술직,ENJB,Engineering Jobs,技術職. 기술 분야의 직업이나 직무,N,,,,6차(2023-11),,,
기안,DRFT,Drafting,起案. 사업이나 활동 계획의 초안草案.을 만듦. 또는 그 초안,N,,,,3차(2021-10),,,
기안자,DRFR,Drafter,起案者. 초안을 만든 사람,N,,,,6차(2023-11),,,
기압,ATMPR,Atmospheric Pressure,氣壓. 대기의 압력,Y,수,,,7차(2024-11),,,
기업,ENT,Enterprise,企業. 영리(營利)를 얻기 위하여 재화나 용역을 생산하고 판매하는 조직체,N,,기업체,,2차(2020-12),,,
기여금,PNCTB,Pension Contributions,"寄與金. 연금 급여에 소요되는 비용으로, 공무원이 다달이 봉급에서 내는 금액",Y,금액,,,8차(2025-11),,,
기여도,CNDG,Contribution Degree,寄與度. 어떤 일을 이루는 데 이바지한 정도,N,,,,8차(2025-11),,,
기온,ARTMP,Air Temperature,氣溫. 대기(大氣)의 온도,Y,수,,,7차(2024-11),,,
기울기,SLP,Slope,기울기. 수평선에 대한 경사선의 기울어진 정도,N,,,,8차(2025-11),,,
기원,ORGN,Origin,基源. 어떤 사건이나 원인의 처음,N,,,,5차(2022-07),,,
기일,DDT,Due Date,期日. 정해진 날짜,N,,,,8차(2025-11),,,
기자,JRNLST,Journalist,"記者. 신문, 잡지, 방송 따위에 실을 기사를 취재하여 쓰거나 편집하는 사람",N,,,,7차(2024-11),,,
기자재,MCMTR,Machinery And Materials,"機資材/器資材. 기계, 기구, 자재 따위를 통틀어 이르는 말",N,,,,7차(2024-11),,,
기점,STPT,Starting Point,起點. 어떠한 것이 처음으로 일어나거나 시작되는 곳,N,,시작점,,8차(2025-11),,,
기정예산,ESTBGT,Established Budget,旣定豫算. 의회에서 이미 확정한 예산,N,,,,8차(2025-11),,,
기존,EXS,Existing,旣存. 이미 존재함,N,,,,6차(2023-11),,,
기준,CRTR,Criteria,基準. 기본이 되는 표준,N,,,,1차(2020-08),,,
기준면적,RFAR,Reference Area,基準面積. 어떤 물리량이 면적에 의해 변화할 때 기준 되는 면적,Y,면적,,,6차(2023-11),,,
기준율,STDRT,Standard Rate,"基準率. 외화의 교환 비율을 결정하고 이를 바탕으로 기타 통화의 환율을 산출할 때, 그 기준이 되는 환율",Y,율,,,7차(2024-11),,,
기증자,DNR,Donor,寄贈者. 선물이나 기념으로 남에게 어떤 것을 거저 주는 사람,N,,,,6차(2023-11),,,
기지급,ALPD,Already Paid,旣支給. 이미 돈이나 물품 따위를 정하여진 몫만큼 내줌,N,,,,8차(2025-11),,,
기초,BSCS,Basics,基礎. 사물이나 일 따위의 기본이 되는 것,N,,,,6차(2023-11),,,
기초생활수급자,ROBL,Recipients of Basic Livelihood,基礎生活受給者. 국민 기초 생활 보장법에 의하여 국가로부터 기초 생활비를 지급받는 사람,N,,,,6차(2023-11),,,
기초외화,OPFCR,Opening Foreign Currency,期初外貨. 회계 기간이 시작되는 시점에 보유하고 있는 외국 돈,N,,,,8차(2025-11),,,
기초잔액,OPBLNC,Opening Balance,期初殘額. 회계 기간이 시작되는 시점에 보유하고 있는 자산. 전 회계 기간의 기말 잔액과 같다,Y,금액,,,6차(2023-11),,,
기타,ETC,Etc,其他. 그 밖의 또 다른 것,N,,,,1차(2020-08),,,
기통,CYLN,Cylinder,"氣筒/汽筩. 증기 기관이나 내연 기관 따위에서 피스톤이 왕복 운동을 하는, 속이 빈 원통 모양의 장치",N,,실린더,,7차(2024-11),,,
기표,BLTG,Balloting,記票. 투표용지에 써넣거나 표시를 함,N,,,,6차(2023-11),,,
기한,TERM,Term,"期限. 미리 한정하여 놓은 시기로 법률 행위의 효력의 발생 및 소멸, 채무 이행을 장래에 발생할 것이 확실한 사실에 의존시키는 일",N,,,,1차(2020-08),,,
기한이익상실,TRGCLS,Trigger Clause,期限利益喪失. 채권자인 금융기관이 채무자에게 빌려준 자금에 대해 만기 전에 회수를 요구하는 것,N,,,,6차(2023-11),,,
기호,SYMBL,Symbol,"記號. 어떠한 뜻을 나타내기 위하여 쓰이는 부호, 문자, 표지 따위를 통틀어 이르는 말",Y,번호,,,8차(2025-11),,,
기환급,ARFND,Already Refund,旣還給. 세금이나 공과금 따위를 이미 돌려줌,N,,,,7차(2024-11),,,
긴급,EMRG,Emergency,緊急. 긴요하고 급함,N,,,,1차(2020-08),,,
길이,LEN,Length,길이. 한끝에서 다른 한끝까지의 거리,Y,수,,,6차(2023-11),,,
깊이,DPTH,Depth,"깊이. 위에서 밑바닥까지, 또는 겉에서 속까지의 거리",Y,수,,,8차(2025-11),,,
꼬리말,FTR,Footer,꼬리말. 책이나 논문의 끝에 그 내용의 대강이나 관련 사항을 간략하게 적은 글,N,,,,8차(2025-11),,,
낙찰,SCSBD,Successful Bid,落札. 경매나 경쟁 입찰 따위에서 물건이나 일이 어떤 사람이나 업체에 돌아가도록 결정하는 일,N,,,,4차(2021-12),,,
낙찰률,SCBRT,Successful Bid Rate,"落札率. 경쟁 입찰(競爭入札) 따위에서, 입찰의 목적인 물품 매매나 공사 청부의 권리를 얻는 비율",Y,율,,,6차(2023-11),,,
낙찰자,SCBDR,Successful Bidder,落札者. 경매나 경쟁 입찰 따위에서 물건이나 일을 받기로 결정된 사람,N,,,,6차(2023-11),,,
난간,HDRL,Handrail,"欄干/欄杆. 층계, 다리, 마루 따위의 가장자리에 일정한 높이로 막아 세우는 구조물",N,,,,6차(2023-11),,,
난방비,HTEXP,Heating Expense,暖房費. 난방을 하는 데에 드는 비용,Y,비용,,,8차(2025-11),,,
난임시술,IFTRT,Infertility Treatment,"難妊施術. 임신이 어려운 경우, 보조생식술을 포함한 다양한 방법으로 임신 가능성을 높이는 의료적 시술",N,,,,8차(2025-11),,,
날씨,WTHR,Weather,"날씨. 그날그날의 비, 구름, 바람, 기온 따위가 나타나는 기상 상태",N,,,,7차(2024-11),,,
남성,ML,Male,男性. 성(性)의 측면에서 남자를 이르는 말,N,,,,7차(2024-11),,,
납기,DUDT,Due Date,納期. 세금이나 공과금 따위를 내는 시기나 기한,N,,,,5차(2022-07),,,
납부,PAY,Payment,納付/納附. 세금이나 공과금 따위를 관계기관에 냄,N,,납입,,1차(2020-08),,,
납부연차,PYYR,Payment Year,納付年次. 돈이나 비용을 내는 연도별 순서 또는 주기,N,,,,8차(2025-11),,,
납부자,RTPYR,Ratepayer,納付者. 세금이나 공과금 따위를 관계 기관에 내는 사람,N,,,,5차(2022-07),,,
납세자,TXPR,Taxpayer,納稅者. 세금을 내는 사람,N,,,,4차(2021-12),,,
납세조합,TXAS,Tax Association,納稅組合. 여러 납세자가 모여 세금의 신고와 납부 절차를 단체로 처리하는 법적·행정 단체,N,,,,8차(2025-11),,,
납입자본금,PICPTL,Paid-In Capital,"納入資本金. 회사가 주식을 발행하여 주주로부터 실제로 납입받은 금액 중, 상법상 자본금으로 계상되는 금액",Y,금액,,,8차(2025-11),,,
납품,DLVGDS,Delivery Of Goods,納品. 계약한 곳에 주문받은 물품을 가져다줌. 또는 그 물품,N,,,,4차(2021-12),,,
내구연한,DRPRD,Durability Period,耐久年限. 원래의 상태대로 사용할 수 있는 기간,Y,수,,,8차(2025-11),,,
내국인,DOMPL,Domestic People,內國人. 자기 나라 사람을 다른 나라 사람에게 상대하여 이르는 말,N,,,,6차(2023-11),,,
내부,INSD,Inside,內部. 안쪽의 부분 또는 어떤 조직에 속하는 범위의 안,N,,,,6차(2023-11),,,
내선,EXT,Extension,內線. 관청이나 회사 따위의 구내에서만 통하는 전화선,N,,,,5차(2022-07),,,
내역,DSCTN,Description,內譯. 물품이나 금액 따위의 내용,Y,내용,,,5차(2022-07),,,
내용,CN,Content,"內容. 말, 글, 그림, 연출 따위의 모든 표현 매체 속에 들어 있는 것. 또는 그런 것들로 전하고자 하는 것",Y,내용,,,2차(2020-12),,,
내용연수,SVLF,Service Life,"耐用年數. 감가상각의 기준이 되는, 유형 고정 자산의 효용이 지속되는 기간의 햇수",Y,수,내용년수,,2차(2020-12),,,
내원,VSHSP,Visit a Hospital,來院. 원에 찾아옴,N,,,,6차(2023-11),,,
내진,ETRS,Earthquake Resistant,耐震. 지진을 견디어 냄,N,,,,6차(2023-11),,,
냉각수,CLWTR,Cooling Water,冷却水. 높은 열을 내는 기계를 차게 식히는 데 쓰는 물,N,,,,8차(2025-11),,,
널,NUL,Null,Null. 정보의 부재로 0이나 공백과는 달리 정보가 없음을 나타냄,N,,공백,,6차(2023-11),,,
노동,LABOR,Labor,勞動. 사람이 생활에 필요한 물자를 얻기 위하여 육체적 노력이나 정신적 노력을 들이는 행위,N,,,,8차(2025-11),,,
노동조합,LBUN,Labor Union,勞動組合. 노동 조건의 개선(改善) 및 노동자의 사회적ㆍ경제적인 지위 향상을 목적으로 노동자가 조직한 단체,N,,노조,,7차(2024-11),,,
노무,LABR,Labor,勞務. 임금을 받으려고 육체적 노력을 들여서 하는 일 또는 힘들게 하는 일,N,,,,8차(2025-11),,,
노무비,LBCO,Labor Cost,勞務費. 노임의 대가로 받는 비용,Y,비용,,,6차(2023-11),,,
노선,RTE,Route,"路線. 자동차 선로, 철도 선로 따위와 같이 일정한 두 지점을 정기적으로 오가는 교통선",N,,,,4차(2021-12),,,
노인,SNCTZ,Senior Citizen,老人. 나이가 들어 늙은 사람,N,,,,7차(2024-11),,,
노임,WGS,Wages,勞賃. 노동 임금을 줄여 이르는 말,N,,,,6차(2023-11),,,
노출,EXPSR,Exposure,露出. 겉으로 드러나거나 드러냄,N,,,,1차(2020-08),,,
녹색제품,GPRDC,Green Product,綠色製品. 에너지 및 자원의 투입과 온실가스 및 오염 물질의 발생을 최소화하는 제품,N,,,,6차(2023-11),,,
녹취,TRSC,Transcript,錄取. 방송 따위의 내용을 녹음함. 또는 녹음한 것을 글로 옮겨 기록함,N,,,,7차(2024-11),,,
논리,LGC,Logic,論理. 말이나 글에서 사고나 추리 따위를 이치에 맞게 이끌어 가는 과정이나 원리,N,,,,6차(2023-11),,,
논문,THSS,Thesis,論文. 어떤 것에 관하여 체계적으로 자기 의견이나 주장을 적은 글,N,,,,6차(2023-11),,,
논평,CMTRY,Commentary,論評. 어떤 글이나 말 또는 사건 따위의 내용에 대하여 논하여 비평함 또는 그런 비평,N,,,,8차(2025-11),,,
농가,FRMHS,Farmhouse,農家. 농사를 본업으로 하는 사람의 집 또는 그런 가정,N,,,,6차(2023-11),,,
농기계,FRMCN,Farm Machinery,農機械. 농사짓는 데 쓰는 기계,N,,농업기계,,8차(2025-11),,,
농도,DNST,Density,濃度. 용액 따위의 진함과 묽음의 정도,Y,수,,,7차(2024-11),,,
농어촌,FFV,Farming And Fishing Villages,農漁村. 농촌과 어촌을 아울러 이르는 말,N,,,,6차(2023-11),,,
농업,AGRCLT,Agriculture,"農業. 땅을 이용하여 인간 생활에 필요한 식물을 가꾸거나, 유용한 동물을 기르거나 하는 산업 또는 그런 직업",N,,,,8차(2025-11),,,
농업인,FRMR,Farmer,農業人. 농업에 종사하는 사람,N,,,,7차(2024-11),,,
농외소득,NFICM,Nonfarm Income,農外所得. 농사를 지어서 생기는 소득 이외의 농가 소득,N,,,,8차(2025-11),,,
농지면적,FMLDAR,Farmland Area,農地面積. 농사짓는 데 쓰는 땅의 넓이,Y,면적,농경지면적,,8차(2025-11),,,
높이,HGT,Height,높이. 높은 정도,Y,수,,,6차(2023-11),,,
누계,ACTOT,Accumulated Total,累計. 소계(小計)를 계속하여 덧붙여 합산함. 또는 그런 합계,N,,,,7차(2024-11),,,
누락,OMSN,Omission,漏落. 기입되어야 할 것이 기록에서 빠짐 또는 그렇게 되게 함,N,,,,8차(2025-11),,,
누리집,HMPG,Homepage,"누리집. 개인이나 단체가 월드 와이드 웹에서 볼 수 있게 만든 하이퍼텍스트. 개인의 관심사나 단체의 업무, 홍보 따위의 내용을 다양하게 제공한다",N,,홈페이지,,5차(2022-07),,,
누적,ACML,Accumulation,累積. 포개어 여러 번 쌓음 또는 포개져 여러 번 쌓임,N,,,,6차(2023-11),,,
누진,PRGR,Progressive,"累進. 가격, 수량 따위가 더하여 감에 따라 상대적으로 그에 대한 비율이 점점 높아짐",N,,,,8차(2025-11),,,
뉴스,NEWS,News,News. 새로운 소식을 전하여 주는 방송의 프로그램 또는 그런 소식,N,,,,6차(2023-11),,,
능력,ABLT,Ability,能力. 일을 감당해 낼 수 있는 힘,N,,,,7차(2024-11),,,
다량,BULK,Bulk,多量. 많은 분량,N,,,,5차(2022-07),,,
다면평가,MSEVL,Multisource Evaluation,多面評價. 어떤 것에 대해 공정성과 객관성을 확보하기 위해 평가의 주체를 다양화하는 평가,N,,,,7차(2024-11),,,
다운로드,DWNLD,Download,Download. 컴퓨터 통신망을 통하여 파일이나 자료를 받아 오는 것,N,,,,3차(2021-10),,,
다자녀,MCHLD,Multi-Child,多子女. 자녀가 많음. 또는 많은 자녀,N,,,,7차(2024-11),,,
다중,MLT,Multiple,多重. 여러 겹,N,,,,7차(2024-11),,,
단가,UNTPRC,Unit Price,單價. 물건 한 단위(單位)의 가격,Y,금액,,,5차(2022-07),,,
단계,STP,Step,段階. 일의 차례를 따라 나아가는 과정,N,,,,7차(2024-11),,,
단과대학,CLG,College,單科大學. 한 가지 계통의 학부로만 구성된 대학,N,,,,7차(2024-11),,,
단기,SHTM,Short Term,短期. 짧은 기간,N,,,,8차(2025-11),,,
단독,SNGL,Single,單獨. 단 한사람 또는 단 하나,N,,,,7차(2024-11),,,
단말기,TRMNL,Terminal,端末機. 중앙에 있는 컴퓨터와 통신망으로 연결되어 데이터를 입력하거나 처리 결과를 출력하는 장치,N,,,,5차(2022-07),,,
단면적,CRSAR,Cross Sectional Area,斷面積. 물체를 하나의 평면으로 자른 면의 넓이,Y,면적,,,8차(2025-11),,,
단백질,PRTN,Protein,蛋白質. 아미노산이 펩타이드 결합을 하여 생긴 여러 개의 아미노산으로 이루어진 고분자 화합물,N,,,,8차(2025-11),,,
단속,CRDN,Crackdown,"團束. 규칙이나 법령, 명령 등을 지키도록 통제함",N,,,,3차(2021-10),,,
단속자,RGLTR,Regulator,"團束者. 규칙이나 법령, 명령 따위를 지키도록 단속하는 사람",N,,,,7차(2024-11),,,
단어,WORD,Word,單語. 분리하여 자립적으로 쓸 수 있는 말이나 이에 준하는 말,N,,,,6차(2023-11),,,
단위,UNIT,Unit,"單位. 길이, 무게, 수효, 시간 따위의 수량을 수치로 나타낼 때 기초가 되는 일정한 기준. 근, 되, 자, 그램, 리터, 미터, 초 따위가 있다",N,,,,5차(2022-07),,,
단지,CMPX,Complex,"團地. 주택, 공장, 작물 재배지 따위가 집단을 이루고 있는 일정 구역",N,,,,6차(2023-11),,,
단체,GRP,Group,團體. 같은 목적을 달성하기 위하여 모인 사람들의 일정한 조직체,N,,,,4차(2021-12),,,
단축,SHRTN,Shortening,短縮. 시간이나 거리 따위가 짧게 줄어듦 또는 그렇게 줄임,N,,,,7차(2024-11),변경,공통표준단어 설명,유관 단어와의 통일성 및 적합성을 고려하여 설명 수정
달력,CLDR,Calendar,"달曆. 1년 가운데 달, 날, 요일, 이십사절기, 행사일 따위의 사항을 날짜에 따라 적어 놓은 것",N,,,,8차(2025-11),,,
달성,ACHV,Achievement,達成. 목적한 것을 이룸,N,,,,7차(2024-11),,,
담당,TKCG,Taking Charge,擔當. 어떤 일을 맡음,N,,,,4차(2021-12),,,
담당자,PIC,Person In Charge,擔當者. 어떤 일을 맡아서 하는 사람,N,,담당인,,2차(2020-12),,,
담보,CLTR,Collateral,"擔保. 민법에서, 채무 불이행 때 채무의 변제를 확보하는 수단으로 채권자에게 제공하는 것",N,,,,6차(2023-11),,,
답변,ANS,Answer,答辯. 물음에 대하여 밝혀 대답함. 또는 그런 대답,N,,,,1차(2020-08),,,
답변서,ANSDOC,Answer Document,答辯書. 묻는 말에 대하여 밝혀 답하는 글,N,,,,6차(2023-11),,,
답변자,ANSWR,Answerer,答辯者. 묻는 말에 대하여 밝혀 답하는 사람,N,,,,4차(2021-12),,,
답안,ANSW,Answer,答案. 문제의 해답. 또는 그 해답을 쓴 것,N,,,,7차(2024-11),,,
답장,RPL,Reply,答狀. 회답하는 편지를 보냄 또는 그 편지,N,,,,6차(2023-11),,,
당기,THTM,This Term,當期. 일이 있는 바로 그 시기 또는 이 시기,N,,,,6차(2023-11),,,
당뇨,DBTS,Diabetes,糖尿. 당분이 많이 섞여 나오는 오줌,N,,,,8차(2025-11),,,
당사자,CNCPR,Concerned Person,當事者. 어떤 일이나 사건에 직접 관계가 있거나 관계한 사람,N,,,,6차(2023-11),,,
당시,TTM,That Time,當時. 일이 있었던 바로 그때. 또는 이야기하고 있는 그 시기,N,,,,7차(2024-11),,,
당월,TSMM,This Month,當月. 일이 있는 바로 그달,N,,,,6차(2023-11),,,
당일,THDY,This Day,當日. 일이 있는 바로 그날,N,,,,6차(2023-11),,,
당좌비율,QCKRT,Quick Ratio,當座比率. 당좌 자산의 합계액을 유동 부채의 합계액으로 나눈 백분율,Y,율,,,8차(2025-11),,,
당좌예금,CKACNT,Checking Account,當座預金. 예금자가 수표를 발행하면 은행이 어느 때나 예금액으로 그 수표에 대한 지급을 하도록 되어 있는 예금,N,,,,6차(2023-11),,,
당좌자산,QCKAST,Quick Asset,當座資産. 유동 자산 가운데 현금으로 바꾸기 쉬운 자산,N,,,,8차(2025-11),,,
당직,ONDT,On Duty,當直. 근무하는 곳에서 숙직이나 일직 따위의 당번이 됨 또는 그런 차례가 된 사람,N,,,,6차(2023-11),,,
당직자,DTPR,Duty Person,當直者. 근무하는 곳에서 숙직이나 일직 따위의 근무 차례에 따라 당번이 된 사람,N,,,,7차(2024-11),,,
당첨,PRWN,Prize Winning,當籤. 추첨에서 뽑힘,N,,,,6차(2023-11),,,
당첨자,PZWNR,Prize Winner,當籤者. 추첨에서 뽑힌 사람,N,,,,7차(2024-11),,,
대권역,LSIRB,Large Sphere of Influence in a River Basin,"大圈域. 한강, 낙동강, 금강, 영산강, 섬진강을 기준으로 수계영향권별 관리의 효율성을 고려하여 구분한 수계 영향권",N,,,,7차(2024-11),,,
대금,PYMT,Payment,代金. 물건의 값으로 치르는 돈,N,,,,6차(2023-11),,,
대기,WTNG,Waiting,待機. 때나 기회를 기다림,N,,,,7차(2024-11),,,
대기업,LCO,Large Company,大企業. 자본금이나 종업원 수 따위의 규모가 큰 기업,N,,,,6차(2023-11),,,
대납,PYPRX,Payment By Proxy,代納. 남을 대신하여 조세 따위를 바침,N,,,,8차(2025-11),,,
대량,LQTY,Large Quantity,大量. 아주 많은 분량이나 수량,N,,,,7차(2024-11),,,
대륙,CNTNT,Continent,大陸. 넓은 면적을 가지고 해양의 영향이 내륙부에까지 직접적으로 미치지 않는 육지,N,,,,7차(2024-11),,,
대리,SBT,Substitution,代理. 남을 대신하여 일을 처리함. 또는 그런 사람,N,,,,7차(2024-11),,,
대리인,AGT,Agent,代理人. 다른 사람을 대신하는 사람,N,,대리자,,2차(2020-12),,,
대리점,AGNC,Agency,代理店. 일정한 회사 따위의 위탁을 받아 거래를 대리하거나 매개하는 일을 하는 가게,N,,,,7차(2024-11),,,
대면,FTF,Face To Face,對面. 서로 얼굴을 마주 보고 대함,N,,,,7차(2024-11),,,
대변,CRSD,The Credit Side,"貸邊. 복식 부기의 분개법(分介法)에서, 장부상 계정 계좌의 오른쪽 부분",N,,,,6차(2023-11),,,
대본,SRPT,Script,臺本. 연극의 상연이나 영화 제작에 있어서 기본이 되는 글,N,,,,8차(2025-11),,,
대부,LNDG,Lending,貸付. 돌려받기로 하고 어떤 물건을 남에게 빌려주어 사용과 수익을 허락함,N,,,,8차(2025-11),,,
대분류,LCLSF,Large-Scale Classification,大分類. 크게 나누어 가름,N,,,,5차(2022-07),,,
대상,TRGT,Target,對象. 어떤 일의 상대 또는 목표나 목적이 되는 것,N,,,,1차(2020-08),,,
대상자,TRPR,Target Person,對象者. 대상이 되는 사람이나 집단,N,,,,2차(2020-12),,,
대손,BDDBT,Bad Debt,"貸損. 외상 매출금, 대출금 따위를 돌려받지 못하여 손해를 보는 일",N,,,,8차(2025-11),,,
대수,CNTOM,Count Of Machines,臺數. ‘대’(臺)로 세는 차/기계 따위의 수,Y,수,,,5차(2022-07),,,
대여,RNTL,Rental,貸與. 물건이나 돈을 나중에 도로 돌려받기로 하고 얼마 동안 내어 줌,N,,,,6차(2023-11),,,
대여자,LNDR,Lender,貸與者. 빌려주는 사람,N,,,,7차(2024-11),,,
대역폭,BNW,Bandwidth,"帶域幅. 송신기나 증폭기 따위에서, 전기 신호를 흐트러지지 않은 상태로 보내기 위하여 전송계(電送係)가 지녀야 할 일정한 주파수대의 폭",Y,수,,,8차(2025-11),,,
대용가격,SBPRC,Substitute Price,代用價格. 현금 대신에 사용할 수 있도록 별도로 지정한 특정 증권의 가격,Y,가격,,,8차(2025-11),,,
대우,TRTM,Treatment,待遇. 그것에 준하는 취급을 받는 직위임을 나타내는 말,N,,,,8차(2025-11),,,
대위변제,SBRG,Subrogation,"代位辨濟. 민법에서, 채무자가 아닌 제삼자 또는 공동 채무자 가운데 한 사람이 채무를 변제하였을 때, 채권자의 채권이 그 사람에게로 넘어가는 일",N,,,,6차(2023-11),,,
대응,CRSP,Correspondence,對應. 어떤 일이나 사태에 맞추어 태도나 행동을 취함,N,,,,7차(2024-11),,,
대장,LDGR,Ledger,臺帳. 어떤 근거가 되도록 일정한 양식으로 기록한 장부나 원부,N,,장부,,5차(2022-07),,,
대중교통,PBTR,Public Transportation,"大衆交通. 여러 사람이 이용하는 버스, 지하철 따위의 교통 또는 그러한 교통수단",N,,,,8차(2025-11),,,
대지,BLDST,Building Site,垈地. 집터로서의 땅,N,,,,8차(2025-11),,,
대지권,LDRG,Land Right,垈地權. 집합 건물의 소유 및 관리에 관한 법률에 의거하여 인정된 권리로서 구분 소유자가 전유 부분을 소유하기 위하여 건물의 대지에 대하여 가지는 권리,N,,,,8차(2025-11),,,
대지면적,SIAR,Site Area,"垈地面積. '건축법' 상 건물을 건축할 수 있는 대지의 넓이로, 도시ㆍ군계획시설에 포함되는 대지를 제외한 넓이",Y,면적,,,2차(2020-12),변경,공통표준단어 설명,유관 단어와의 통일성 및 적합성을 고려하여 설명 수정
대책,CTPN,Counterplan,對策. 어떤 일에 대처할 계획이나 수단,N,,,,7차(2024-11),,,
대체,SBST,Substitution,代替. 다른 것으로 대신함,N,,,,7차(2024-11),,,
대체키,AK,Alternate Key,"代替key. 데이터베이스에서 복수의 후보 키가 있는 경우에 설계자는 그중의 하나를 1차 키(primary key)로 지정해야 하는데, 이때 1차 키로 지정되지 않은 키를 이르는 말",N,,,,8차(2025-11),,,
대출,LOAN,Loan,貸出. 돈이나 물건 등을 빌려주거나 빌림,N,,융자,,3차(2021-10),,,
대출자,BRWR,Borrower,貸出者. 대출을 하거나 받는 사람,N,,,,8차(2025-11),,,
대토,SBLND,Substitute Land,代土. 땅을 팔고 그 돈으로 대신 장만한 다른 땅,N,,,,8차(2025-11),,,
대표,RPRS,Representation,代表. 전체의 상태나 성질을 어느 하나로 잘 나타냄. 또는 그런 것,N,,,,1차(2020-08),,,
대표이사,CEO,Chief Executive Officer,代表理事. 주주 총회의 결의나 이사회의 선임으로 회사를 대표하게 된 이사,N,,,,6차(2023-11),,,
대표자,RPRSV,Representative,代表者. 전체를 대표하는 사람,N,,,,1차(2020-08),,,
대학교,UNIV,University,大學校. 고등 교육을 베푸는 교육 기관,N,,,,6차(2023-11),,,
대학생,UNVST,University Student,大學生. 대학교에 다니는 학생,N,,,,7차(2024-11),,,
대학원,GDSCHL,Graduate School,"大學院. 대학을 졸업한 사람이 보다 전문적으로 학술, 기예를 연구하는 과정",N,,,,6차(2023-11),,,
대행,PRXY,Proxy,代行. 남을 대신하여 행함,N,,,,7차(2024-11),,,
대화,CNVRS,Conversation,對話. 마주 대하여 이야기를 주고받음. 또는 그 이야기,N,,,,7차(2024-11),,,
대환,RFNC,Refinancing,代換. 기존 채무(대출 등)를 새로운 것으로 바꾸는 행위,N,,,,8차(2025-11),,,
대회,CNFRN,Conference,大會. 큰 모임이나 회의,N,,,,7차(2024-11),,,
댓글,CMNT,Comment,對글. 인터넷에 오른 원문에 대하여 짤막하게 답하여 올리는 글,N,,,,1차(2020-08),,,
데이터베이스,DB,Database,Database. 여러 가지 업무에 공동으로 필요한 데이터를 유기적으로 결합하여 저장한 집합체,N,,,,6차(2023-11),,,
데이터셋,DATST,Data Set,Dataset. 서로 연관된 데이터의 모임 또는 집합,N,,,,8차(2025-11),,,
도급,CTRC,Contract,都給. 일정한 기간이나 시간 안에 끝내야 할 일의 양을 도거리로 맡거나 맡김. 또는 그렇게 맡거나 맡긴 일,N,,,,7차(2024-11),,,
도로,ROAD,Road,"道路. 사람, 차 따위가 잘 다닐 수 있도록 만들어 놓은 비교적 넓은 길",N,,길,,2차(2020-12),,,
도로포장,RDPV,Road Paving,"道路鋪裝. 도로의 표면을 돌, 벽돌, 콘크리트, 아스팔트 등 인공 재료로 다져 차량 및 보행이 가능하도록 만든 작업",N,,,,8차(2025-11),,,
도로폭,RDWD,Road Width,道路幅. 도로 용지의 폭에서 교통과 직접적으로 관계있는 도로 부분의 폭,Y,수,,,8차(2025-11),,,
도매,WHLSL,Wholesale,都買/都賣. 물건을 낱개로 사거나 팔지 않고 모개로 사고 팖,N,,,,8차(2025-11),,,
도메인,DMN,Domain,Domain. 인터넷상에서 개인이 소유하고 있는 인터넷 주소,N,,,,6차(2023-11),,,
도면,FLRPLN,Floor Plan,"圖面. 토목, 건축, 기계 따위의 구조나 설계 또는 토지, 임야 따위를 제도기를 써서 기하학적으로 나타낸 그림",N,,,,5차(2022-07),,,
도서,BOOK,Book,"圖書. 일정한 목적, 내용, 체재에 맞추어 사상, 감정, 지식 따위를 글이나 그림으로 표현하여 적거나 인쇄하여 묶어 놓은 것(책)",N,,책,,5차(2022-07),,,
도서관,LIB,Library,"圖書館. 온갖 종류의 도서, 문서, 기록, 출판물 따위의 자료를 모아 두고 일반이 볼 수 있도록 한 시설",N,,,,6차(2023-11),,,
도시,CTY,City,"都市. 일정한 지역의 정치ㆍ경제ㆍ문화의 중심이 되는, 사람이 많이 사는 지역",N,,,,2차(2020-12),,,
도엽,MAPSHT,Map Sheet,圖葉. 일정한 도식과 분할되어 한정된 방향으로 통일된 지역을 자른 도면 형식의 지도로 1매를 말한다,N,,,,5차(2022-07),,,
도움말,HLP,Help,도움말. 말로 거들거나 깨우쳐 주어서 도움,N,,,,6차(2023-11),,,
도입,INTR,Introduction,"導入. 기술, 방법, 물자 따위를 끌어 들임",N,,,,6차(2023-11),,,
도착,ARVL,Arrival,到着. 목적한 곳에 다다름,N,,,,3차(2021-10),,,
도착지,DEST,Destination,到着地. 어떤 곳에 이르러 닿는 곳,N,,,,6차(2023-11),,,
도착항,ARPT,Arrival Port,到着港. 배가 다다른 항구,N,,,,7차(2024-11),,,
도축장,SLHS,Slaughterhouse,屠畜場. 고기를 얻기 위하여 소나 돼지 따위의 가축을 잡아 죽이는 곳,N,,,,8차(2025-11),,,
독려,ENCR,Encouragement,督勵. 감독하며 격려함,N,,,,7차(2024-11),,,
독성,TXCT,Toxicity,毒性. 독이 있는 성분,N,,,,8차(2025-11),,,
독촉,URG,Urge,督促. 일이나 행동을 빨리하도록 재촉함,N,,,,7차(2024-11),,,
돌풍,GUST,Gust,突風. 갑자기 세게 부는 바람,N,,,,7차(2024-11),,,
동거,CHBTN,Cohabitation,同居. 한집이나 한방에서 같이 삶,N,,,,5차(2022-07),,,
동기화,SYNC,Synchronization,"同期化. 작업들 사이의 수행 시기를 맞추는 것. 사건이 동시에 일어나거나, 일정한 간격을 두고 일어나도록 시간의 간격을 조정하는 것을 이른다",N,,,,7차(2024-11),,,
동반,ACMP,Accompany,同伴. 일을 하거나 길을 가는 따위의 행동을 할 때 함께 짝을 함. 또는 그 짝,N,,,,7차(2024-11),,,
동승자,FLPS,Fellow Passenger,"同乘者. 차, 배, 비행기 따위를 같이 탄 사람",N,,,,8차(2025-11),,,
동영상,VDO,Video,動映像. 컴퓨터 모니터의 화상이 텔레비전의 화상처럼 움직이는 것,N,,,,4차(2021-12),,,
동영상재생,VDPLY,Video Playback,"動映像再生. 컴퓨터, 스마트폰, TV 등 전자기기에서 동영상을 다시 보여주는 행위 또는 기능",N,,,,8차(2025-11),,,
동원,MBLZ,Mobilization,"動員. 어떤 목적을 달성하고자 사람을 모으거나 물건, 수단, 방법 따위를 집중함",N,,,,8차(2025-11),,,
동의,AGRE,Agreement,同議. 같은 의견이나 논의,N,,,,1차(2020-08),,,
동의서,WTCS,Written Consent,同意書. 어떤 문제에 대하여 동의를 표시하는 문건,N,,,,6차(2023-11),,,
동의어,SYNM,Synonym,同義語. 뜻이 같은 말,N,,,,6차(2023-11),,,
동의자,ASNTR,Assentor,同意者. 의사나 의견에 찬성하는 사람,N,,,,7차(2024-11),,,
동호회,CLUB,Club,同好會. 같은 취미를 가지고 함께 즐기는 사람의 모임,N,,,,6차(2023-11),,,
두수,NOHD,Number Of Head,"頭數. 소, 말, 돼지 따위의 수",Y,수,,,8차(2025-11),,,
둘레,CRCMF,Circumference,둘레. 사물의 테두리나 바깥 언저리,N,,,,8차(2025-11),,,
득표,VTE,Vote,得票. 투표에서 찬성표를 얻음 또는 그 얻은 표,N,,,,8차(2025-11),,,
등급,GRD,Grade,等級. 높고 낮음이나 좋고 나쁨 따위의 차이를 여러 층으로 구분한 단계,Y,번호,,,5차(2022-07),변경,"형식단어, 공통표준도메인분류명",형식단어로 지정됨에 따라 공통표준도메인분류명 지정
등기,RG,Registered,登記. 국가 기관이 법정 절차에 따라 등기부에 부동산이나 동산ㆍ채권 등의 담보 따위에 관한 일정한 권리관계를 적는 일. 또는 적어 놓은 것. 우편물 특수 취급의 하나. 우체국에서 우편물의 안전한 송달을 보증하기 위하여 우편물의 인수ㆍ배달 과정을 기록,N,,,,2차(2020-12),,,
등기소,RGOFC,Registry Office,登記所. 등기 사무를 맡아보는 관청,N,,,,6차(2023-11),,,
등기원인,RGCS,Registration Cause,登記原因. 등기를 정당화하는 법률에서의 원인,N,,,,6차(2023-11),,,
등록,REG,Registration,登錄. 일정한 자격 조건을 갖추기 위하여 단체나 기관에 문서를 올리거나 법정(法定)의 공부(公簿)에 기재하는 일,N,,,,1차(2020-08),,,
등록기준지,RGLC,Registration Location,登錄基準地. 가족 관계 등록부가 있는 지역,N,,,,8차(2025-11),,,
등록세,RGTX,Registration Tax,"登錄稅. 재산권의 취득, 이전, 변경, 소멸 따위나 법률에서 정한 일정한 자격에 대하여 관계 관청에 등록하거나 등기할 때 매기는 세금",Y,금액,,,7차(2024-11),,,
등록자,RGTR,Registrant,登錄者. 일정한 자격 조건을 갖추기 위하여 단체나 학교 따위에 문서를 올린 사람,N,,등록인,,2차(2020-12),,,
라벨,LBL,Label,Label. 파일의 관리나 처리의 편의를 위하여 파일에 붙이는 특별한 항목 표시 기록,N,,,,5차(2022-07),,,
라이선스,LCN,License,License. 개발된 제품이나 제조 기술의 특허권 또는 그것의 사용을 허가하는 일,N,,,,8차(2025-11),,,
레벨,LV,Level,Level. 지위나 품질 따위의 일정한 표준이나 정도,Y,번호,,,8차(2025-11),,,
레이더,RADR,Radar,Radar. 전파를 이용하여 물체를 탐지하고 거리를 측정하는 장치,N,,,,8차(2025-11),,,
레코드,RCRD,Record,Record. 정보 처리를 위하여 하나의 단위로 취급되는 관련 데이터나 워드(word)의 모임,N,,,,6차(2023-11),,,
로그,LOG,Log,"LOG. 시스템 사용에 관련된 전체의 기록, 즉 입출력 내용, 프로그램 사용 내용, 자료변경 내용, 시작시간, 종료시간 등의 기록",N,,,,4차(2021-12),,,
로그아웃,LGT,Log Out,Log Out. 사용 중인 네트워크에서 업무를 끝마치고 주 컴퓨터와의 연결을 끊고 나오는 일,N,,,,3차(2021-10),,,
로그인,LGN,Login,Login. 다중 사용자 시스템을 사용하기 위하여 컴퓨터에 사용자임을 알리는 일,N,,,,1차(2020-08),,,
로컬,LCAL,Local,"Local. 컴퓨터나 서버, 시스템 내의 환경이나 위치",N,,,,8차(2025-11),,,
로트,LT,Lot,"LOT. 동일한 제조 조건하에서 제조되고 균일한 특성 및 품질을 갖는 완제품, 구성부품 및 원자재의 단위를 말한다",N,,,,7차(2024-11),,,
리,LI,Li,"里. 지방 행정의 말단 구역. 몇 개의 촌락이 모여 이루어지며, 읍과 면(面)의 아래에 둔다. 어말에 붙어 특정 동리의 이름을 나타낼 때에는 ‘리’로 바뀐다",N,,,,5차(2022-07),,,
마감,DDLN,Deadline,"마감. 하던 일을 마물러서 끝냄. 또는 그런 때, 정해진 기한의 끝",N,,,,1차(2020-08),,,
마감자,CLOSR,Closer,마감者. 하던 일을 마물러서 끝낸 사람,N,,,,8차(2025-11),,,
마스킹,MSKG,Masking,Masking. 물리적 현상이나 효과가 내부 또는 외부의 방해를 받아 가려져 나타나지 아니하거나 약화되는 일,N,,,,8차(2025-11),,,
마을,VLG,Village,마을. 주로 시골에서 여러 집이 모여 사는 곳,N,,,,6차(2023-11),,,
마일리지,MLG,Mileage,Mileage. 고정 고객 확보를 위한 기업의 판매 촉진 프로그램,N,,,,6차(2023-11),,,
만기,MTRY,Maturity,晩期. 정해진 기간이나 일의 끝이 되는 때나 시기,N,,,,1차(2020-08),,,
만료,EXPRY,Expiry,滿了. 기한이 다 차서 끝남,N,,,,3차(2021-10),,,
만족,STFC,Satisfaction,滿足. 마음에 흡족함,N,,,,7차(2024-11),,,
만족도,DGSTFN,Degree Of Satisfaction,滿足度. 만족을 느끼는 정도,N,,,,4차(2021-12),,,
말소,ERSR,Erasure,抹消. 기록되어 있는 사실 따위를 지워서 아주 없애 버림,N,,,,1차(2020-08),,,
맞벌이,DLICM,Dual Income,맞벌이. 부부가 모두 직업을 가지고 돈을 벎 또는 그런 일,N,,,,6차(2023-11),,,
매각,DSPSL,Disposal,賣却. 물건을 팔아 버림,N,,,,6차(2023-11),,,
매뉴얼,MNL,Manual,"Manual. 내용이나 이유, 사용법 따위를 설명한 글",N,,설명서,,7차(2024-11),,,
매도,SLL,Sell,賣渡. 값을 받고 물건의 소유권을 다른 사람에게 넘김,N,,,,6차(2023-11),,,
매립량,LFVLM,Landfill Volume,"埋立量. 돌이나 흙, 쓰레기 따위로 메우는 양",Y,수,,,8차(2025-11),,,
매립지,RCMLND,Reclaimed Land,埋立地. 낮은 땅을 돌이나 흙 따위로 메워 돋운 땅,N,,,,4차(2021-12),,,
매매,TRD,Trading,賣買. 물건을 팔고 사는 일,N,,,,6차(2023-11),,,
매설,LYNG,Laying,"埋設. 지뢰, 수도관 따위를 땅속에 파묻어 설치함",N,,,,8차(2025-11),,,
매수,BYNG,Buying,買收. 물건을 사들임,N,,,,5차(2022-07),,,
매수자,BYR,Buyer,買受者. 물건을 사서 넘겨받은 사람,N,,매수인,,6차(2023-11),,,
매우만족,HSTFY,Highly Satisfy,매우滿足. 보통 정도보다 횔씬 더 마음에 흡족함,N,,,,7차(2024-11),,,
매우불만족,HDSTFY,Highly Dissatisfy,매우不滿足. 보통 정도보다 휠씬 더 마음에 흡족하지 않음,N,,,,7차(2024-11),,,
매입세액,IPTXAM,Input Tax Amount,買入稅額. 사업자가 공급받은 재화나 용역에 대하여 공급자가 징수하는 부가 가치 세액,Y,금액,,,7차(2024-11),,,
매장,SHOP,Shop,賣場. 물건을 파는 장소,N,,,,6차(2023-11),,,
매체,MEDIA,Media,媒體. 어떤 작용을 한쪽에서 다른 쪽으로 전달하는 물체 또는 그런 수단,N,,,,8차(2025-11),,,
매출,SLS,Sales,賣出. 물건 따위를 내다 파는 일,N,,,,2차(2020-12),,,
매출원가율,COGSRT,Cost of Goods Sold (COGS) Ratio ,"賣出原價率. 매출액에 대한 매출 원가의 비율. 영업 활동의 능률성을 평가하는 지표 중 하나로, 생산 공정의 간략화, 설비 갱신 따위로 제품 단위당 드는 매출 원가를 내려 수익성을 높일 수 있다",Y,율,,,6차(2023-11),,,
매핑,MPNG,Mapping,"Mapping. 하나의 값을 다른 값으로 또는 한 데이터 집합을 다른 데이터 집합으로 번역하거나, 2개의 데이터 집합 사이에 1:1 대응 관계를 설정하는 것",N,,,,6차(2023-11),,,
머리말,PRFC,Preface,머리말. 책이나 논문 따위의 첫머리에 내용이나 목적 따위를 간략하게 적은 글,N,,머리글,,8차(2025-11),,,
메뉴,MENU,Menu,Menu. 디스플레이 장치 위에 표시하여 둠으로써 사용자가 마우스나 키보드를 이용하여 명령을 선택할 수 있도록 한 조작 순서 일람표,N,,,,5차(2022-07),,,
메모,MEMO,Memo,Memo. 다른 사람에게 말을 전하거나 자신의 기억을 돕기 위하여 짤막하게 글로 남김. 또는 그 글,N,,,,5차(2022-07),,,
메모리,MMRY,Memory,Memory. 기억 장치에 들어갈 수 있는 데이터의 최대량을 나타내는 수치,N,,,,7차(2024-11),,,
메시지,MSG,Message,Message. 어떤 사실을 알리거나 주장하거나 경고하기 위하여 보내는 전언,N,,,메세지,5차(2022-07),,,
메신저,MSNGR,Messenger,Messenger. 인터넷이나 모바일 네트워크를 통해 실시간으로 메시지·데이터를 주고받을 수 있는 소프트웨어 또는 서비스,N,,,,8차(2025-11),,,
메인화면,MSCRN,Main Screen,Main畫面. 컴퓨터나 휴대폰 따위에서 가장 중요하거나 으뜸이 되는 화면,N,,,,7차(2024-11),,,
메타데이터,MTDT,Metadata,Meta Date. 데이터를 효율적으로 이용하기 위해 구조화하는 데이터 정보,N,,,,8차(2025-11),,,
면담,ITVW,Interview,面談. 서로 만나서 이야기함,N,,,,6차(2023-11),,,
면담자,ITVWR,Interviewer,面談者. 서로 직접 만나서 이야기를 하는 사람,N,,,,6차(2023-11),,,
면세,TXEX,Tax Exemption,免稅. 세금을 면제함,N,,,,7차(2024-11),,,
면적,AREA,Area,面積. 면이 이차원의 공간을 차지하는 넓이의 크기,Y,면적,,,5차(2022-07),변경,"형식단어, 공통표준도메인분류명",형식단어로 지정됨에 따라 공통표준도메인분류명 지정
면접,INTV,Interview,面接. 직접 만나서 인품(人品)이나 언행(言行) 따위를 평가하는 시험,N,,,,7차(2024-11),,,
면제,EXMPTN,Exemption,免除. 책임이나 의무 등을 면하여 줌,N,,,,3차(2021-10),,,
면책,EXRS,Exemption From Responsibility,免責. 책임이나 책망을 면함,N,,,,6차(2023-11),,,
면허,LCNS,License,免許. 특정한 일을 할 수 있는 공식적인 자격을 행정 기관이 허가함,N,,,,4차(2021-12),,,
면허세,LCTX,License Tax,"免許稅. 지방세의 하나로, 특정한 행위나 영업을 허가할 때, 그 허가를 받는 사람에게 부과한다",Y,금액,,,8차(2025-11),,,
멸종위기종,ENSPC,Endangered Species,"滅種危機種. 멸종 위험이 매우 높은, 법령·국가·국제기준으로 보호 지정된 종",N,,,,8차(2025-11),,,
명,NM,Name,"名. 다른 것과 구별하기 위하여 사물, 단체, 현상 따위에 붙여서 부르는 말. ‘이름’의 뜻을 나타내는 말",Y,명,"이름, 명칭",,2차(2020-12),,,
명도,EVC,Eviction,"明渡. 건물, 토지, 선박 따위를 남에게 주거나 맡김 또는 그런 일",N,,,,8차(2025-11),,,
명령,CMD,Command,命令. 윗사람이나 상위 조직이 아랫사람이나 하위 조직에 무엇을 하게 함 또는 그런 내용,N,,,,6차(2023-11),,,
명세서,DTST,Detailed Statement,明細書. 물품이나 금액 따위의 내용을 분명하고 자세하게 적은 문서,N,,,,8차(2025-11),,,
명예,HNR,Honor,名譽. 세상에서 훌륭하다고 인정되는 이름이나 자랑. 또는 그런 존엄이나 품위,N,,,,7차(2024-11),,,
명의,NMNL,Nominal,名義. 문서상의 권한과 책임이 있는 이름,N,,,,7차(2024-11),,,
명절,NHLDY,National Holiday,名節. 해마다 일정하게 지키어 즐기거나 기념하는 때,N,,,,8차(2025-11),,,
모기업,PRNCO,Parent Company,"母企業. 이미 있던 기업에서 한 기업이 독립하여 나왔을 때, 그 모체가 되는 기업을 이르는 말",N,,,,8차(2025-11),,,
모니터링,MNTR,Monitoring,Monitoring. 일정한 목적과 계획하에 상황이나 사건을 주의 깊게 살피거나 감시하는 것,N,,,,6차(2023-11),,,
모델,MDL,Model,Model. 작품을 만들기 전에 미리 만든 물건. 또는 완성된 작품의 대표적인 보기,N,,,,5차(2022-07),,,
모뎀,MODEM,Modem,Modem. 통신 시설을 통하여 데이터를 전송할 때 전송되는 신호를 바꾸는 장치,N,,,,8차(2025-11),,,
모듈,MDUL,Module,Module. 프로그램을 기능별로 분할한 논리적인 일부분,N,,,,8차(2025-11),,,
모바일,MOBL,Mobile,Mobile. 이동성을 가진 정보 통신 수단의 모든 것을 이르는 말,N,,,,7차(2024-11),,,
모집,RCRT,Recruitment,"募集. 사람이나 작품, 물품 따위를 일정한 조건 아래 널리 알려 뽑아 모음",N,,,,6차(2023-11),,,
모집단,POPL,Population,母集團. 통계적인 관찰의 대상이 되는 집단 전체,N,,,,8차(2025-11),,,
목록,LIST,List,目錄. 어떤 물품의 이름이나 책 제목 따위를 일정한 순서로 적은 것,N,,,,7차(2024-11),,,
목요일,THUR,Thursday,木曜日. 월요일을 기준으로 한 주의 넷째 날,N,,,,7차(2024-11),,,
목적,PRPS,Purpose,目的. 실현하려고 하는 일이나 나아가는 방향,Y,내용,,,5차(2022-07),,,
목적지,DSTN,Destination,目的地. 목적으로 삼는 곳,N,,,,8차(2025-11),,,
목차,TOC,Table Of Contents,"目次. 목록이나 제목, 조항 따위의 차례",N,,,,7차(2024-11),,,
목표,GOAL,Goal,目標. 어떤 목적을 이루려고 지향하는 실제적 대상으로 삼음 또는 그 대상,N,,,,6차(2023-11),,,
무대,STG,Stage,"舞臺. 노래, 춤, 연극 따위를 하기 위하여 객석 정면에 만들어 놓은 단",N,,,,8차(2025-11),,,
무료,FREE,Free,無料. 요금이 없음,N,,,,7차(2024-11),,,
무상,FRCHG,Free Of Charge,無償. 어떤 행위에 대하여 아무런 대가나 보상이 없음,N,,,,8차(2025-11),,,
무선,WRLS,Wireless,無線. 통신이나 방송을 전선 없이 전파로 함 또는 그런 통신 방식,N,,,,8차(2025-11),,,
무선국,RDS,Radio Station,"無線局. 무선 전신, 무선 전화, 그 밖의 전파를 보내거나 받기 위한 전기적 설비와 그 설비의 조작을 하는 기구",N,,,,8차(2025-11),,,
무선국종,RDST,Radio Station Type,"無線局種. 무선 전신, 무선 전화, 그 밖의 전파를 보내거나 받기 위한 전기적 설비와 그 설비의 조작을 하는 기구의 종류",N,,,,8차(2025-11),,,
무이자,ZINT,Zero Interest,無利子. 이자가 붙지 않음,N,,,,6차(2023-11),,,
무주택,HMLS,Homeless,無住宅. 자기 소유의 주택이 없음,N,,,,7차(2024-11),,,
무형,ITN,Intangible,無形. 형상이나 형체가 없음,N,,,,6차(2023-11),,,
무효,INVLD,Invalidity,"無效. 보람이나 효과가 없거나, 어떤 원인 때문에 법률 행위의 내용에 따른 법률 효과가 당연히 생기지 않는 일",N,,,,7차(2024-11),,,
묶음,BNDL,Bundle,묶음. 한데 모아서 묶어 놓은 덩이,N,,,,6차(2023-11),,,
문구,PHRS,Phrase,文句. 글의 구절,N,,,,7차(2024-11),,,
문서,DOC,Document,文書. 글이나 기호 따위로 일정한 의사나 관념 또는 사상을 나타낸 것,N,,,,4차(2021-12),,,
문의,INQRY,Inquiry,問議. 물어서 의논함,N,,,,8차(2025-11),,,
문의자,INQR,Inquirer,問議者. 질문 또는 문의를 하는 사람,N,,,,8차(2025-11),,,
문의처,INQPL,Inquiring Place,問議處. 궁금한 점을 물어보는 통로나 장소,N,,,,7차(2024-11),,,
문자,LTR,Letter,文字. 인간의 언어를 적는 데 사용하는 시각적인 기호 체계,N,,,,6차(2023-11),,,
문장,SNTN,Sentence,文章. 생각이나 감정을 말과 글로 표현할 때 완결된 내용을 나타내는 최소의 단위,N,,,,8차(2025-11),,,
문제,PRBLM,Problem,"問題. 논쟁, 논의, 연구 따위의 대상이 되는 것",N,,,,5차(2022-07),,,
문제점,PBPT,Problem Point,問題點. 문제가 되는 점,N,,,,6차(2023-11),,,
문항,QITEM,Question Item,問項. 문제의 항목,N,,,,5차(2022-07),,,
문헌,LTRT,Literature,文獻. 옛날의 제도나 문물을 아는 데 증거가 되는 자료나 기록,N,,,,7차(2024-11),,,
문화재,CLTPTY,Cultural Property,文化財. 문화 활동에 의하여 창조된 가치가 뛰어난 사물,N,,,,4차(2021-12),,,
물가,PRICS,Prices,"物價. 물건의 값으로, 여러 가지 상품이나 서비스의 가치를 종합적이고 평균적으로 본 개념이다",N,,,,8차(2025-11),,,
물가연동,INFIN,Inflation Indexation,"物價連動. 물가 변동에 맞춰 지급액(채권 원금, 이자, 임금 등)이 자동으로 조정되는 제도 혹은 금융 상품",N,,,,8차(2025-11),,,
물가지수,PRIDX,Price Index,物價指數. 물가의 변동을 종합적으로 나타내는 지수. 일정한 장소나 일정한 시기의 일정한 상품의 가격을 100으로 잡고 다른 시기의 그 상품의 가격 변동 상태를 100에 대한 비례 수(比例數)로 나타낸다,Y,율,,,6차(2023-11),,,
물건,THING,Thing,物件. 일정한 형체를 갖춘 모든 물질적 대상,N,,,,5차(2022-07),,,
물건지,RELC,Real Estate Location,物件地. 물품 따위의 동산과 토지나 건물 따위의 부동산이 소재한 위치,N,,,,7차(2024-11),,,
물리,PHYS,Physics,物理. 물질의 물리적 성질과 그것이 나타내는 모든 현상,N,,,,5차(2022-07),,,
물이용부담금,WUCHG,Water Use Charge,"물利用負擔金. 상수원의 수질을 개선하고 상수원 지역에 거주하는 주민에 대한 지원 사업의 비용을 충당하기 위하여, 하류 지역의 상수원 이용자들에게 부과하는 금액",Y,금액,,,8차(2025-11),,,
물질,SBSTN,Substance,物質. 물체의 본바탕,N,,,,7차(2024-11),,,
물품,CMDTY,Commodity,物品. 일정하게 쓸 만한 값어치가 있는 물건,N,,,,5차(2022-07),,,
미결,PND,Pendency,未決. 아직 결정하거나 해결하지 아니함,N,,,,7차(2024-11),,,
미결제,UNSTL,Unsettled,未決濟. 아직 처결하여 끝내지 아니함,N,,,,8차(2025-11),,,
미납,UNPAID,Unpaid,未納. 내야 할 것을 아직 내지 않았거나 내지 못함,N,,,,6차(2023-11),,,
미리보기,PRVW,Preview,미리보기. 사용자가 편집하고 있는 텍스트와 도형 정보 등을 프린터에 인쇄하기 전에 화면을 통해서 인쇄될 모습을 미리 확인할 수 있도록 하는 기능,N,,,,6차(2023-11),,,
미배달,NDLV,Non-Delivery,未配達. 아직 물건이 배달되지 않음,N,,,,8차(2025-11),,,
미사용,UNSD,Unused,未使用. 아직 일정한 목적이나 기능에 맞게 쓰지 아니함,N,,,,8차(2025-11),,,
미상각,UAMTZ,Unamortized,未償却. 유형 자산의 취득 원가에서 감가상각이 된 부분을 제외한 부분을 말함,N,,,,7차(2024-11),,,
미상환,NRPY,Non Repayment,未償還. 아직 상환하지 않음,N,,,,6차(2023-11),,,
미선정,NSLCT,Non-Selection,未選定. 무언가를 선정해야 하는데 아직 선정하지 못한 상태를 뜻함,N,,,,6차(2023-11),,,
미성년,UNDG,Underage,未成年. 성년이 아닌 나이,N,,,,8차(2025-11),,,
미성년자,MINOR,Minor,未成年者. 성년이 아닌 사람,N,,,,8차(2025-11),,,
미세먼지,PM,Particulate Matter,"微細먼지. 지름 10마이크로미터(㎛) 이하의, 눈으로 분간하기 어려울 정도로 아주 작은 먼지",N,,,,7차(2024-11),,,
미수,UCLT,Uncollected,未收. 돈이나 물건 따위를 아직 다 거두어들이지 못함,N,,,,6차(2023-11),,,
미수금,ACNRCV,Accounts Receivable,未收金. 아직 거두어들이지 못한 돈,Y,금액,,,7차(2024-11),,,
미수납,NRCP,Non-Receipt,未收納. 돈이나 물품 따위를 받아 거두어들이지 못함,N,,,,6차(2023-11),,,
미승인,UNAPRV,Unapproved,未承認. 아직 어떤 사실을 마땅하다고 받아들이지 아니함,N,,,,6차(2023-11),,,
미완료,INCPL,Incomplete,未完了. 아직 끝나지 않음,N,,,,6차(2023-11),,,
미지급,OTSPY,Outstanding Payment,未支給. 이미 주도록 되어 있는 돈이나 물건 따위를 아직 내어 주지 아니함,N,,,,6차(2023-11),,,
미집행,UNEX,Unexecuted,未執行. 아직 실제로 시행하지 않음,N,,,,7차(2024-11),,,
미처리,UNPRCS,Unprocessed,未處理. 아직 처리하지 아니함,N,,,,6차(2023-11),,,
미청구,UCLM,Unclaimed,未請求. 아직 상대편에 대하여 일정한 행위나 급부를 요구하지 않음,N,,,,8차(2025-11),,,
미필,INCMP,Incompletion,未畢. 아직 끝내지 못함,N,,,,7차(2024-11),,,
미화,USD,US Dollar,美貨. 미국의 화폐,N,,,,8차(2025-11),,,
미환급,UNRFND,Unrefunded,未還給. 아직 도로 돌려주지 않음,N,,,,7차(2024-11),,,
미흡,INSF,Insufficiency,未洽. 아직 흡족하지 못하거나 만족스럽지 않음,N,,,,8차(2025-11),,,
민간,PRIVT,Private,民間. 관청이나 정부 기관에 속하지 않음,N,,,,8차(2025-11),,,
민원,CVLCPT,Civil Complaint,民願. 주민이 행정 기관에 대하여 원하는 바를 요구하는 일,N,,,,1차(2020-08),,,
민원인,CVLPR,Civil Petitioner ,民願人. 행정 기관에 민원의 처리를 요구하는 자연인 또는 단체,N,,,,3차(2021-10),,,
밀도,DNSTY,Density,密度. 빽빽이 들어선 정도 또는 어떤 물질의 단위 부피만큼의 질량,Y,수,,,8차(2025-11),,,
바닥,FLOOR,Floor,바닥. 평평하게 넓이를 이룬 부분 또는 물체의 밑부분,N,,,,8차(2025-11),,,
바이러스,VRS,Virus,Virus. 컴퓨터의 정상적인 동작에 나쁜 영향을 미치거나 저장된 데이터나 프로그램을 파괴하는 프로그램,N,,,,7차(2024-11),,,
바코드,BRCD,Barcode,Bar code. 상품의 포장이나 꼬리표에 표시된 검고 흰 줄무늬,N,,,,8차(2025-11),,,
박물관,MSM,Museum,"博物館. 고고학적 자료, 역사적 유물, 예술품, 그 밖의 학술 자료를 수집・보존・진열하고 일반에게 전시하여 학술 연구와 사회 교육에 기여할 목적으로 만든 시설",N,,,,7차(2024-11),,,
박사,DCTR,Doctor,博士. 대학원의 박사 과정을 마치고 규정된 절차를 밟은 사람에게 수여하는 학위 또는 그 학위를 딴 사람,N,,,,8차(2025-11),,,
반경,RADS,Radius,半徑. 반지름의 전 용어로 원이나 구의 중심에서 그 원둘레 또는 구면상의 한 점에 이르는 선분 또는 그 선분의 길이,Y,수,,,8차(2025-11),,,
반납,RTN,Return,返納. 도로 바침. 또는 도로 돌려줌,N,,,,1차(2020-08),,,
반납자,RTNR,Returner,返納者. 도로 바치거나 도로 돌려주는 사람,N,,,,8차(2025-11),,,
반대,OPST,Opposition,"反對. 두 사물이 모양, 위치, 방향, 순서 따위에서 등지거나 서로 맞섬. 또는 그런 상태",N,,,,7차(2024-11),,,
반려,RJCT,Reject,返戾. 주로 윗사람이나 상급 기관에 제출한 문서를 처리하지 않고 되돌려줌,N,,,,1차(2020-08),,,
반복,REPT,Repetition,反復. 같은 일을 되풀이함,N,,,,6차(2023-11),,,
반송,SNDBK,Send Back,返送. 도로 돌려보냄,N,,,,1차(2020-08),,,
반송자,RTRNR,Returner,返送者. 도로 돌려보낸 사람,N,,,,7차(2024-11),,,
반영,RFLT,Reflection,反映. 다른 것에 영향을 받아 어떤 현상이 나타남. 또는 어떤 현상을 나타냄,N,,,,1차(2020-08),,,
반입,CRYN,Carry In,搬入. 운반하여 들여옴,N,,,,3차(2021-10),,,
반입량,CIVLM,Carry-In Volume,搬入量. 운반하여 들이는 물건의 양,Y,수,,,7차(2024-11),,,
반입자,PRBR,Person Bringing In,搬入者. 물건 등을 안으로 들여온 사람,N,,,,8차(2025-11),,,
반제,CLRG,Clearing,返濟. 빌렸던 돈을 모두 다 갚음,N,,,,8차(2025-11),,,
반출,SHPGOT,Shipping Out,搬出. 운반하여 냄,N,,,,4차(2021-12),,,
반출량,COVLM,Carry-Out Volume,搬出量. 운반하여 내는 물건의 양,Y,수,,,7차(2024-11),,,
반출자,PRTO,Person Taking Out,搬出者. 어떤 곳에서 물건을 가져 나가려는 사람이나 조직,N,,,,8차(2025-11),,,
반품,RTGD,Returned Goods,返品. 일단 사들인 물품을 되돌려보냄. 또는 그 물품,N,,,,7차(2024-11),,,
반환,GVBK,Giving back,返還. 빌리거나 차지했던 것을 되돌려줌,N,,,,2차(2020-12),,,
발간,PBLS,Publish,"發刊. 책, 신문, 잡지 따위를 만들어 냄",N,,,,6차(2023-11),,,
발견,DSCV,Discovery,"發見. 미처 찾아내지 못하였거나 아직 알려지지 아니한 사물이나 현상, 사실 따위를 찾아냄",N,,,,6차(2023-11),,,
발견자,DSCVR,Discoverer,"發見者. 미처 찾아내지 못하였거나 아직 알려지지 아니한 사물이나 현상, 사실 따위를 찾아내거나 알아낸 사람",N,,,,8차(2025-11),,,
발급,ISSU,Issue,發給. 증명서 따위를 발행하여 줌,N,,,,1차(2020-08),,,
발급매수,ISCP,Issued Copies,"發給枚數. 증명서, 신분증, 카드 등 각종 증표를 몇 장이나 발급받는지, 또는 발급한 수량",Y,수,,,8차(2025-11),,,
발급자,ISPR,Issuing  Person,發給者. 증명서 따위를 발행하여 주는 사람 또는 조직,N,,,,6차(2023-11),,,
발급처,ISPLC,Issuing Place,發給處. 증명서 따위를 발행하여 주는 장소,N,,,,8차(2025-11),,,
발령,APNT,Appoint,發令. 명령을 내림 또는 그 명령,N,,,,6차(2023-11),,,
발령자,APATHR,Appointing Authority,發令者. 발령하는 사람,N,,,,8차(2025-11),,,
발매,RLEAS,Release,發賣. 상품이나 증권 따위를 내어 팖 또는 그것을 팔기 시작함,N,,,,8차(2025-11),,,
발명,INVNT,Invention,發明. 아직까지 없던 기술이나 물건을 새로 생각하여 만들어 냄,N,,,,8차(2025-11),,,
발명자,INVTR,Inventor,發明者. 아직까지 없던 기술이나 물건을 새로 생각하여 만들어 낸 사람,N,,,,6차(2023-11),,,
발병,ONST,Onset,發病. 병이 남,N,,,,6차(2023-11),,,
발부,ISNC,Issuance,發付. 공공 기관 등이 증명서나 고지서 따위를 발행하여 보냄,N,,,,8차(2025-11),,,
발생,OCRN,Occurrence,發生. 어떤 일이나 사물이 생겨남,N,,,,1차(2020-08),,,
발생량,GNAM,Generated Amount,發生量. 어떤 사물이 생겨나거나 나타나는 분량,Y,수,,,8차(2025-11),,,
발송,SNDNG,Sending,"發送. 물건, 편지, 서류 따위를 우편이나 운송 수단을 이용하여 보냄",N,,,,1차(2020-08),,,
발송자,SNDR,Sender,"發送者. 물건, 편지, 서류 따위를 부치거나 보낸 사람",N,,발송인,,2차(2020-12),,,
발신,DSPTCH,Dispatch,發信. 소식이나 우편 또는 전신을 보냄. 또는 그런 것,N,,,,2차(2020-12),,,
발신자,SNDPTY,Sending Party,發信者. 소식이나 우편 또는 전신 따위를 보낸 사람,N,,발신인,,4차(2021-12),,,
발신처,DSPL,Dispatch Place,發信處. 우편이나 전신을 보내는 곳,N,,,,7차(2024-11),,,
발언자,SPKR,Speaker,發言者. 말을 꺼내어 의견을 나타내는 사람,N,,,,8차(2025-11),,,
발열량,CLVL,Calorific Value,發熱量. 일정한 단위의 연료가 완전히 타서 생기는 열량,Y,수,,,8차(2025-11),,,
발의,PRPSL,Proposal,"發議. 회의에서, 심의할 의안(議案)을 내놓음",N,,,,4차(2021-12),,,
발전기,GNRTR,Generator,"發電機. 도체(導體)가 자기장에서 운동할 때 전기가 발생하는 것을 이용하여, 역학적 에너지를 전기 에너지로 바꾸는 장치를 통틀어 이르는 말",N,,,,7차(2024-11),,,
발전량,EGQTY,Electricity Generation Quantity,發電量. 발전한 전기의 전체 양,Y,수,,,8차(2025-11),,,
발전소,PWPL,Power Plant,發電所. 전기를 일으키는 시설을 갖춘 곳,N,,,,6차(2023-11),,,
발주,ORDER,Order,發注. 물건을 보내 달라고 주문함,N,,,,7차(2024-11),,,
발주자,ODR,Orderer,發注者. 물건 따위를 주문하는 사람,N,,,,8차(2025-11),,,
발주처,ORDPL,Ordering Place,發注處. 물건 또는 공사나 용역 따위의 거래를 주문하는 곳,N,,,,7차(2024-11),변경,공통표준단어 설명,유관 단어와의 통일성 및 적합성을 고려하여 설명 수정
발표,PRSNTN,Presentation,"發表. 어떤 사실이나 결과, 작품 등을 세상에 널리 드러내어 알림",N,,,,3차(2021-10),,,
발표자,PRSNTR,Presenter,發表者. 발표하는 사람,N,,,,7차(2024-11),,,
발행,PBLCN,Publication,"發行. 화폐, 증권, 증명서, 인쇄물 등을 만들어 세상에 내놓아 널리 쓰도록 함",N,,,,1차(2020-08),변경,공통표준단어 설명,유관 단어와의 통일성 및 적합성을 고려하여 설명 수정
발행자,ISR,Issuer,"發行者. 출판물을 발행하거나, 법이 정해 놓은 요건을 갖춘 어음이나 수표를 최초로 작성하여 교부하는 사람",N,,발행인,,4차(2021-12),변경,공통표준단어 설명,유관 단어와의 통일성 및 적합성을 고려하여 설명 수정
발행처,ISPL,Issue Place,發行處. 출판물을 찍어 펴내는 기관이나 기업체,N,,,,7차(2024-11),,,
발효,EFCTN,Effectuation,"發效. 조약, 법, 공문서 따위의 효력이 나타남. 또는 그 효력을 나타냄",N,,,,7차(2024-11),,,
방류량,DCFLW,Discharge Flow,放流量. 단위 시간 내 어떤 단면에 흐르는 물의 양,Y,수,,,8차(2025-11),,,
방문,VST,Visit,訪問. 어떤 사람이나 장소를 찾아가서 만나거나 봄,N,,,,1차(2020-08),,,
방문자,VSTR,Visitor,訪問者. 어떤 사람이나 장소를 찾아오는 사람,N,,방문객,,2차(2020-12),,,
방법,MTHD,Method,方法. 어떤 일을 해 나가거나 목적을 이루기 위하여 취하는 수단이나 방식,N,,,,4차(2021-12),,,
방사능,RDTV,Radioactivity,"放射能. 라듐, 우라늄, 토륨 따위 원소의 원자핵이 붕괴하면서 방사선을 방출하는 일 또는 그런 성질",N,,,,8차(2025-11),,,
방사능량,AMRD,Amount Of Radioactivity,放射能量. 어떤 물질에서 방출되는 방사능의 양,Y,수,,,8차(2025-11),,,
방송,BRDC,Broadcast,放送. 라디오나 텔레비전 따위를 통하여 널리 듣고 볼 수 있도록 음성이나 영상을 전파로 내보내는 일. 특정 지역을 대상으로 유선(有線)으로 행하는 것을 포함하기도 한다,N,,,,7차(2024-11),,,
방식,MTH,Method,方式. 일정한 방법이나 형식,N,,,,7차(2024-11),,,
방안,MSRS,Measures,方案. 일을 처리하거나 해결하여 나갈 방법이나 계획,N,,,,6차(2023-11),,,
방위각,AZ,Azimuth,方位角. 지평 좌표에서 천정(天頂)과 어떤 천체를 잇는 큰 원이 지평선 위의 어떤 기준점과 이루는 각도,Y,수,,,8차(2025-11),,,
방전전류,DSCR,Discharge Current,放電. 전지나 축전기 또는 전기를 띤 물체에서 전기가 외부로 흘러나오는 현상,Y,수,,,8차(2025-11),,,
방제,PSTCN,Pest Control,防除. 병충해를 예방하거나 해충을 없앰,N,,,,8차(2025-11),,,
방지,PRVN,Prevention,防止. 어떤 일이나 현상이 일어나지 못하게 막음,N,,,,8차(2025-11),,,
방침,PRCPL,Principle,方針. 앞으로 일을 치러 나갈 방향과 계획,N,,,,7차(2024-11),,,
배경,BCKG,Background,背景. 뒤쪽의 경치,N,,,,8차(2025-11),,,
배관,PIPE,Pipe,配管. 기체나 액체 따위를 다른 곳으로 보내기 위하여 관을 이어 배치함. 또는 그 관,N,,,,7차(2024-11),,,
배기량,DSVLM,Displacement Volume,"排氣量. 엔진・펌프・압축기 따위에서, 실린더 안의 피스톤이 최하의 위치에서 최상의 위치까지 한 번의 운동으로 밀어내는 기체의 부피",Y,수,,,7차(2024-11),,,
배너,BNR,Banner,Banner. 인터넷 웹 페이지 화면에 나타나는 작은 사각형 형태의 알림 창,N,,,,6차(2023-11),,,
배달,DLV,Delivery,配達. 물건을 가져다가 몫몫으로 나누어 돌림,N,,,,8차(2025-11),,,
배달처,DLDTN,Delivery Destination,"配達處. 물건을 가져다가 몫몫으로 나누어 돌리는 곳, 또는 장소",N,,,,5차(2022-07),,,
배당,ALCTN,Allocation,配當. 일정한 기준에 따라 나누어 줌,N,,,,5차(2022-07),,,
배당금,DVDND,Dividend,配當金. 배당하는 돈,N,,,,6차(2023-11),,,
배당률,DVRT,Dividend Rate,配當率. 불입한 금액에 대한 배당금의 비율,Y,율,,,8차(2025-11),,,
배당요구,DVDMND,Dividend Demand,"配當要求. 강제 집행에서, 압류 채권자 이외의 채권자가 집행에 참가하여 변상을 받기 위하여 집행관의 배당을 요구하는 의사 표시",N,,,,6차(2023-11),,,
배부,HNDT,Handout,配賦. 나누어서 줌,N,,,,6차(2023-11),,,
배분,APRT,Apportionment,配分. 몫몫이 별러 나눔,N,,분배,,6차(2023-11),,,
배상,RPN,Reparation,賠償. 남의 권리를 침해한 사람이 그 손해를 물어 주는 일,N,,,,6차(2023-11),,,
배송,DLVR,Delivery,配送. 물자를 여러 곳에 나누어 보내 줌,N,,,,6차(2023-11),,,
배송비,DLVCHG,Delivery Charge,配送費. 물품을 다른 곳으로 보내는 데 드는 비용,Y,비용,,,8차(2025-11),,,
배송지,DLVRPL,Delivery Place,配送地. 물품을 다른 곳으로 보낼 때 그 물품을 받는 장소,N,,,,6차(2023-11),,,
배열,ARY,Array,配列/排列. 일정한 차례나 간격에 따라 벌여 놓음,N,,,,8차(2025-11),,,
배우자,SPS,Spouse,配偶者. 부부의 한쪽에서 본 다른 쪽,N,,,,6차(2023-11),,,
배율,MGNF,Magnification,倍率. 어떤 수가 기준이 되는 수의 몇 배가 되는가를 나타내는 수,Y,율,,,8차(2025-11),,,
배점,SCOR,Scoring,配點. 점수를 각각 나누어 배정함 또는 그렇게 하여 정해진 점수,N,,,,6차(2023-11),,,
배정,ALTMNT,Allotment,配定. 몫을 나누어 정함,N,,,,3차(2021-10),,,
배차,CRAL,Car Allocation,配車. 일정한 선로 또는 구간에 자동차나 기차 따위를 나누어 두거나 나누어 보냄,N,,,,7차(2024-11),,,
배출,EMSN,Emission,排出. 안에서 밖으로 밀어 내보냄,N,,,,7차(2024-11),,,
배출량,EHQTY,Exhaust Quantity,排出量. 안에서 밖으로 밀어 내보낸 낸 기체나 액체의 부피,Y,수,,,7차(2024-11),,,
배치,BTCH,Batch,Batch. 데이터 처리의 대상이 되는 데이터를 어느 일정한 관리 단위로 종합한 것,N,,,,6차(2023-11),,,
배포,CRLTN,Circulation,配布. 신문이나 책자 등을 널리 나누어 줌,N,,,,3차(2021-10),,,
백업,BKUP,Backup,"Backup. 상실되거나 파괴된 데이터의 복원을 돕기도 하고 시스템의 작동을 유지하기 위해 사용되는 절차, 기법 또는 하드웨어에 관한 용어",N,,,,6차(2023-11),,,
버전,VER,Version,"Version. 어떤 소프트웨어가 몇 번 개정되었는지를 나타내는 번호. 보통 소프트웨어가 처음 출시될 때 버전이 1.0이고, 추후 기존의 기능이 보완되거나 새로운 기능이 추가될 때 버전을 올린다",N,,,,6차(2023-11),,,
버튼,BTN,Button,Button. 모바일 화면이나 프로그램 화면에서 특정 기능을 수행하기 위해 탭(터치)이나 마우스 클릭으로 사용자가 선택한 동작을 수신하기 위해 구현한 사용자 인터페이스 ,N,,,,6차(2023-11),,,
번역,TRSL,Translation,飜譯/翻譯. 어떤 언어로 된 글을 다른 언어의 글로 옮김,N,,,,7차(2024-11),,,
번호,NO,Number,番號. 차례를 나타내거나 식별하기 위해 붙이는 숫자나 문자,Y,번호,,,2차(2020-12),,,
번호판,NOPLT,Number Plate,番號板. 번호를 적어 놓은 판,N,,,,7차(2024-11),,,
벌금,FINE,Fine,罰金. 규약을 위반했을 때에 벌로 내게 하는 돈,N,,,,8차(2025-11),,,
벌점,DMMRK,Demerit Mark,罰點. 잘못한 것에 대하여 벌로 따지는 점수,N,,,,8차(2025-11),,,
벌채,FLNG,Felling,伐採. 나무를 베어 내거나 섶을 깎아 냄,N,,,,8차(2025-11),,,
범위,SCP,Scope,範圍. 일정하게 한정된 영역,N,,,,7차(2024-11),,,
범죄,OFN,Offense,犯罪. 법규를 어기고 저지른 잘못,N,,,,8차(2025-11),,,
범주,CTGRY,Category,範疇. 동일한 성질을 가진 부류나 범위,N,,카테고리,,5차(2022-07),,,
범칙금,PNLTY,Penalty,"犯則金. 도로 교통법, 경범죄 처벌법 따위를 어긴 사람에게 과하는 벌금",Y,금액,,,8차(2025-11),,,
법,LAW,Law,"法. 국가의 강제력을 수반하는 사회 규범. 국가 및 공공 기관이 제정한 법률, 명령, 규칙, 조례 따위",N,,,,2차(2020-12),,,
법규,LWRG,Laws And Regulations ,法規. 일반 국민의 권리와 의무에 관계있는 법 규범,N,,,,6차(2023-11),,,
법령,STT,Statute,法令. 법률과 명령을 아울러 이르는 말,N,,,,6차(2023-11),,,
법무,JDAF,Judicial Affairs,法務. 법률에 관한 사무,N,,,,7차(2024-11),,,
법무사,JDSCR,Judicial Scrivener,法務士. 타인의 위촉에 의하여 보수를 받고 법원이나 검찰청 등에 제출하는 서류를 작성하는 일을 직업으로 하는 사람,N,,,,6차(2023-11),,,
법원,CT,Court ,法院. 사법권을 행사하는 국가 기관,N,,,,4차(2021-12),,,
법인,CORP,Corporation,法人. 자연인이 아니면서 법에 의하여 권리 능력이 부여 되는 사단과 재단 ,N,,,,2차(2020-12),,,
법인등록번호,CRNO,Corporation Registration Number,法人登錄番號. 법인의 부동산등기용 등록번호로 법인의 설립등기(외국법인의 경우에는 국내에서 최초로 하는 영업소 또는 사무소설치의 등기를 말한다)를 하는 때에 이를 부여,Y,법인등록번호,,법인번호,1차(2020-08),,,
법인세,COTX,Corporate Tax,法人稅. 국세의 하나로 법인의 소득 따위에 부과하는 세금,Y,금액,,,6차(2023-11),,,
법인세율,CPTXRT,Corporate Tax Rate,法人稅率. 법인의 소득 따위에 부과하는 세금의 비율,Y,율,,,7차(2024-11),,,
법적,LGL,Legal,法的. 법에 따른 것,N,,,,7차(2024-11),,,
법정,STTY,Statutory,法定. 법률로 규정함,N,,,,2차(2020-12),,,
법정동,STDG,Statutory Dong(Administrative District),法定洞. 시 또는 구의 하위 행정구역으로 법률로 지정한 구역,N,,,,2차(2020-12),,,
벤처기업,VENT,Venture Enterprise,Venture企業. 고도의 전문 지식과 새로운 기술을 가지고 창조적ㆍ모험적 경영을 전개하는 중소기업,N,,,,6차(2023-11),,,
변경,CHG,Change,變更. 다르게 바꾸어 새롭게 고침,N,,,,1차(2020-08),,,
변경자,CHNRG,Changer,變更者. 다르게 바꾸어 새롭게 고친 사람,N,,,,4차(2021-12),,,
변동,FLCTN,Fluctuation,變動. 바뀌어 달라짐,N,,,,1차(2020-08),,,
변론,PLDG,Pleading,"辯論. 사리를 밝혀 옳고 그름을 따지거나, 소송 당사자나 변호인이 법정에서 주장하거나 진술함",N,,,,8차(2025-11),,,
변수,VRBL,Variable,變數. 어떤 상황의 가변적 요인 또는 어떤 관계나 범위 안에서 여러 가지 값으로 변할 수 있는 수,N,,파라미터,,6차(2023-11),변경,공통표준단어 설명,유관 단어와의 통일성 및 적합성을 고려하여 설명 수정
변전소,PSS,Power Substation,變電所. 교류 전력을 송전·배전하기에 적당한 전압으로 바꾸어서 내보내는 시설,N,,,,8차(2025-11),,,
변제,RPYM,Repayment,辨濟. 남에게 진 빚을 갚음,N,,변상,,8차(2025-11),,,
변호사,LWYR,Lawyer,辯護士. 법률에 규정된 자격을 가지고 소송 당사자나 관계인의 의뢰 또는 법원의 명령에 따라 피고나 원고를 변론하며 그 밖의 법률에 관한 업무에 종사하는 사람,N,,,,6차(2023-11),,,
변화량,CHQTY,Change Quantity,變化準. 정해진 방법으로 측정되거나 평가된 양의 값,Y,수,,,7차(2024-11),,,
변환,TRSF,Transformation,變換. 달라져서 바뀜 또는 다르게 하여 바꿈,N,,,,6차(2023-11),,,
별점,STRTNG,Star Rating,별點. 별 모양의 표로 표시하는 점수,Y,수,,,8차(2025-11),,,
별정우체국연금,SPOPN,Special Post Office Pension,別定郵遞局年金. 별정우체국 직원들의 생활 안정과 퇴직 후 보장을 위하여 운영되는 특별한 연금,N,,,,8차(2025-11),,,
별칭,NCNM,Nickname,別稱. 달리 부르는 이름,Y,명,,,7차(2024-11),,,
병가,SKLV,Sick Leave,病暇. 병으로 말미암아 얻는 휴가,N,,,,6차(2023-11),,,
병과,BR,Branch (Of Service),"兵科. 보병, 포병, 공병 따위로 군인이나 부대를 그 임무에 따라 나눔. 또는 그 임무",N,,,,7차(2024-11),,,
병상,SCKBD,Sickbed,病牀. 병든 사람이 눕는 침상,N,,,,4차(2021-12),,,
병원,HSPTL,Hospital,"病院. 병자(病者)를 진찰, 치료하는 데에 필요한 설비를 갖추어 놓은 곳",N,,,,4차(2021-12),,,
병해충,DIP,Disease And Insect Pest,病害蟲. 주로 농작물 따위에 해를 입히는 병과 해충,N,,,,7차(2024-11),,,
보건소,PHC,Public Health Center,"保健所. 질병의 예방, 진료, 공중 보건을 향상시키기 위하여 서울특별시와 각 광역시 및 각 시ㆍ군ㆍ구에 둔 공공 의료 기관",N,,,,6차(2023-11),,,
보고,RPT,Report,"報告. 일에 관한 내용이나 결과를 말이나 글로 알림, 보고하는 글이나 문서",N,,,,1차(2020-08),,,
보고서,RPTP,Report Paper,報告書. 보고하는 글이나 문서,N,,,,5차(2022-07),,,
보고자,RPTR,Reporter,報告者. 일에 관한 내용이나 결과를 알리는 사람,N,,,,6차(2023-11),,,
보관,KPNG,Keeping,保管. 물건을 맡아서 간직하고 관리함,N,,,,7차(2024-11),,,
보관량,STQTY,Storage Quantity,保管量. 맡아서 지키고 관리하는 물건의 총량,Y,수,,,8차(2025-11),,,
보도,NSCVRG,News Coverage,報道. 대중 매체로 새로운 소식을 알림. 또는 그 소식,N,,,,3차(2021-10),,,
보류,HLDOF,Hold Off,保留. 어떤 일을 당장 처리하지 아니하고 나중으로 미루어 둠,N,,,,6차(2023-11),,,
보상,CMPN,Compensation,報償/補償. 어떤 것에 대한 대가로 갚음 또는 국가 또는 단체가 적법한 행위에 의하여 국민이나 주민에게 가한 재산상의 손실을 갚아 주기 위하여 제공하는 대상,N,,,,6차(2023-11),변경,공통표준단어 설명,유관 단어와의 통일성 및 적합성을 고려하여 설명 수정
보상금,CPMNY,Compensation Money,報償金/補償金. 보상(報償)으로 내놓는 돈 또는 피해를 보상하기 위해서 주는 돈,N,,,,7차(2024-11),변경,공통표준단어 설명,유관 단어와의 통일성 및 적합성을 고려하여 설명 수정
보수월액,MRAMT,Monthly Remuneration Amount,"報酬月額. 표준 봉급 월액과 기말수당, 정근수당, 정근수당 가산금의 연 지급액을 열두 달로 평균한 금액을 합한 금액",Y,금액,,,7차(2024-11),,,
보안,SCRTY,Security,保安. 안전을 유지함,N,,,,6차(2023-11),,,
보완,SPLMNT,Supplementation,補完. 모자라거나 부족한 것을 보충하여 완전하게 함,N,,,,3차(2021-10),,,
보유,HLD,Holding,保有. 가지고 있거나 간직하고 있음,N,,,,6차(2023-11),,,
보유량,HLDQTY,Holding Quantity,保有量. 가지고 있거나 간직하고 있는 분량이나 수량,Y,수,,,8차(2025-11),,,
보유자,HLDR,Holder,保有者. 어떤 것을 가지고 있거나 간직하고 있는 사람,N,,,,8차(2025-11),,,
보장,GURN,Guarantee,保障. 어떤 일이 어려움 없이 이루어지도록 조건을 마련하여 보증하거나 보호함,N,,,,8차(2025-11),,,
보장성,CVRG,Coverage,"保障性. 주로 보험에서, 저축보다는 보장을 위주로 하는 상품의 특성",N,,,,8차(2025-11),,,
보전,PRSRV,Preservation,保全. 온전하게 보호하여 유지함,N,,,,6차(2023-11),,,
보정,CRCT,Correction,補正. 부족한 부분을 보태어 바르게 함,N,,,,6차(2023-11),,,
보조,ASST,Assistance,補助. 보태어 도움,N,,,,6차(2023-11),,,
보조금,SBSY,Subsidy,補助金. 정부나 공공 단체가 기업이나 개인에게 교부하는 돈,N,,,,8차(2025-11),,,
보조비,SBSDY,Subsidy,補助費. 정부나 공공 단체가 특수한 목적으로 무상으로 보태어 주는 돈,Y,비용,,,7차(2024-11),,,
보존,PRSV,Preservation,保存. 잘 보호하고 간수하여 남김,N,,,,8차(2025-11),,,
보증,GRNTE,Guarantee,"保證. 채무자가 채무를 이행하지 아니할 경우에, 채무자를 대신하여 채무를 이행할 것을 부담하는 일",N,,,,4차(2021-12),,,
보증료,GRFE,Guarantee Fee,保證料. 보증을 부탁한 사람이 보증을 서는 사람에게 주는 요금,Y,요금,,,6차(2023-11),변경,"형식단어, 공통표준도메인분류명",형식단어로 지정됨에 따라 공통표준도메인분류명 지정
보증료율,GRNRT,Guarantee Rate,保證料率. 대출 또는 계약 총액에 대한 보증료의 비율,Y,율,,,6차(2023-11),,,
보증서,WTGR,Written Guarantee,保證書. 보증의 뜻을 적은 서류,N,,,,6차(2023-11),,,
보증인,GRNR,Guarantor,保證人. 보증하는 사람,N,,,,6차(2023-11),,,
보험,INSRNC,Insurance,"保險. 재해나 각종 사고 따위가 일어날 경우의 경제적 손해에 대비하여, 공통된 사고의 위협을 피하고자 하는 사람들이 미리 일정한 돈을 함께 적립하여 두었다가 사고를 당한 사람에게 일정 금액을 주어 손해를 보상하는 제도",N,,,,4차(2021-12),,,
보험료,ISPM,Insurance Premium,保險料. 보험에 가입한 사람이 보험자에게 내는 일정한 돈,Y,요금,,,6차(2023-11),,,
보험료율,PMRT,Premium Rate,保險料率. 보험료의 비율로 보통 피보험자의 보수 월액에 대한 비율,Y,율,,,6차(2023-11),,,
보호,PRTC,Protection,保護. 위험이나 곤란 따위가 미치지 아니하도록 잘 보살펴 돌봄,N,,,,6차(2023-11),,,
보호구역면적,RTNAR,Retention Area,"保護區域面積. 어떤 목적을 가지고 보존하기 위해 규제, 관리하는 지역의 면적",Y,면적,,,7차(2024-11),,,
보호자,PRTCR,Protector,保護者. 어떤 사람을 보호할 책임이 있는 사람,N,,,,3차(2021-10),,,
보훈,PV,Patriots and Veterans,報勳. 공훈에 보답함,N,,,,7차(2024-11)(폐기후제정),,,
보훈번호,PVNO,Patriots and Veterans Number,報勳番號. 국가 유공자의 애국정신을 기리기 위해 나라에서 보훈 대상자로 등록 결정 시 부여하는 식별 번호,Y,번호,,,7차(2024-11),,,
복구,RSTR,Restoration,復舊. 손실 이전의 상태로 회복함,N,,,,6차(2023-11),,,
복귀,RETRN,Return,復歸. 본디의 자리나 상태로 되돌아감,N,,,,8차(2025-11),,,
복리후생,WLFR,Welfare,福利厚生. 각종 단체나 기관에서 구성원들의 행복과 이익을 추구하고 생활을 넉넉하고 윤택하게 함,N,,,,8차(2025-11),,,
복리후생비,WLFCO,Welfare Cost,福利厚生費. 노동 능률의 향상을 위하여 종업원에게 지급되는 복리 후생에 대한 비용,Y,비용,,,7차(2024-11),,,
복무,SERVC,Service,服務. 어떤 직무나 임무에 힘씀,N,,,,7차(2024-11),,,
복본,DPLC,Duplication,複本. 원본을 그대로 베낀 서류,N,,,,7차(2024-11),,,
복사,COPY,Copy,複寫. 원본을 베낌,N,,,,7차(2024-11),,,
복수,PLRL,Plural,複數. 둘 이상의 수,N,,,,8차(2025-11),,,
복원,RSTRT,Restoration,復元/復原. 원래대로 회복함,N,,,,7차(2024-11),변경,공통표준단어 설명,유관 단어와의 통일성 및 적합성을 고려하여 설명 수정
복직,RINST,Reinstatement,復職. 물러났던 관직이나 직업에 다시 종사함,N,,,,6차(2023-11),,,
복호화,DCRYPT,Decryption,復號化. 부호화된 데이터를 인간이 알기 쉬운 모양으로 하기 위하여 또는 다음 단계의 처리를 위하여 번역함,N,,,,8차(2025-11),,,
본거지,STRHLD,Stronghold,本據地. 활동의 근거로 삼는 곳,N,,,,7차(2024-11),,,
본문,MTXT,Main Text,本文. 문서에서 주가 되는 글,N,,,,6차(2023-11),,,
본번,MNO,Main Number,"本番. 지번주소의 앞부분의 번호로, 단독으로 지번을 구성할 수 있는 번호",Y,본번,지번본번,,2차(2020-12),,,
본부,HQ,Headquarters,本部. 각종 관서나 기관ㆍ단체의 중심이 되는 조직. 또는 그 조직이 있는 곳,N,,,,6차(2023-11),,,
본사,HDOFC,Head Office,本社. 주가 되는 회사를 지사(支社)에 상대하여 이르는 말,N,,,,4차(2021-12),,,
본세,MNTX,Main Tax,本稅. 근본이 되는 세를 부가세에 상대하여 이르는 말,Y,금액,,,7차(2024-11),변경,"형식단어, 공통표준도메인분류명",형식단어로 지정됨에 따라 공통표준도메인분류명 지정
본예산,MBGT,Main Budget,本豫算. 국가나 지방 공공 단체의 한 회계 연도에 확정된 연간 예산,N,,,,7차(2024-11),,,
본인,ONSLF,Oneself,本人. 어떤 일에 직접 관계가 있거나 해당되는 사람,N,,,,6차(2023-11),,,
본점,MNBR,Main Branch,本店. 영업의 본거지가 되는 점포,N,,,,6차(2023-11),,,
봉사,SVC,Service,奉仕. 국가나 사회 또는 남을 위하여 자신을 돌보지 아니하고 힘을 바쳐 애씀,N,,,,7차(2024-11),,,
봉사료,SVCHG,Service Charge,奉仕料. 남을 위하여 일하거나 애쓴 수고로 받거나 주는 대가,Y,요금,,,7차(2024-11),,,
부가가치세,VAT,Value Added Tax,附加價値稅. 국세의 하나. 거래 단계별로 상품이나 용역에 새로 부가하는 가치에 대하여 매기는 세금,N,,,,4차(2021-12),,,
부가가치세율,VATRT,Value Added Tax Rate,附加價値稅率. 거래 단계별로 발생하는 부가 가치에 적용하는 세율,Y,율,,,6차(2023-11),,,
부가운임,ADFR,Additional Fare,附加運賃. 정규 운임 외에 특정 사유로 추가로 부과되는 운임,N,,,,8차(2025-11),,,
부과,LEVY,Levy,賦課. 세금이나 부담금 등을 매기어 부담하게 함,N,,,,3차(2021-10),,,
부녀자,WMAN,Woman,婦女子. 결혼한 여자와 성숙한 여자를 통틀어 이르는 말,N,,,,7차(2024-11),,,
부담,BRDN,Burden,負擔. 어떠한 의무나 책임을 짐,N,,,,6차(2023-11),,,
부담금,BDCHG,Burden Charge,負擔金. 어떠한 일에 책임을 지고 내야 하는 돈,Y,금액,,,8차(2025-11),,,
부대,SBSD,Subsidiary,附帶. 기본이 되는 것에 곁달아 덧붙임,N,,,,6차(2023-11),,,
부대시설면적,SFAR,Subsidiary Facilities Area,附帶施設面積. 기본이 되는 건축물 따위에 덧붙어 있는 시설의 면적,Y,면적,,,6차(2023-11),,,
부도,ISVC,Insolvency,不渡. 어음이나 수표를 가진 사람이 기한이 되어도 어음이나 수표에 적힌 돈을 지급받지 못하는 일,N,,,,6차(2023-11),,,
부도율,DSHRT,Dishonor Rate,不渡率. 어음이나 수표를 가진 사람이 기한이 되어도 어음이나 수표에 적힌 돈을 지불받지 못하는 일이 발생하는 비율,Y,율,,,8차(2025-11),,,
부동산,REST,Real Estate,不動産. 움직여 옮길 수 없는 재산,N,,,,6차(2023-11),,,
부동산세,RETX,Real Estate Tax,"不動産稅. 재산세의 하나로 토지, 가옥, 선박, 광구 따위의 부동산을 대상으로 부과한다",Y,금액,,,8차(2025-11),,,
부모,PRNT,Parent,父母. 아버지와 어머니를 아울러 이르는 말,N,,,,6차(2023-11),,,
부문,SECT,Sector,部門. 일정한 기준에 따라 분류하거나 나누어 놓은 낱낱의 범위나 부분,N,,,,6차(2023-11),,,
부번,SNO,Sub Number,附番. 지번주소에서 세부적인 영역을 표시하기 위해 지번주소 뒤에 줄표를 붙여 쓰는 번호,Y,부번,지번부번,,2차(2020-12),,,
부분,PART,Part,部分. 전체를 이루는 작은 범위 또는 전체를 몇 개로 나눈 것의 하나,N,,,,6차(2023-11),,,
부상,INJR,Injury,負傷. 몸에 상처를 입음,N,,,,6차(2023-11),,,
부상자,INJPSN,Injured Person,負傷者. 몸에 상처를 입은 사람,N,,,,4차(2021-12),,,
부서,DEPT,Department,"部署. 기관, 기업, 조직 따위에서 일이나 사업의 체계에 따라 나뉘어 있는, 사무의 각 부문",N,,,,4차(2021-12),,,
부서장,DH,Department Head,部署長. 부서의 사업을 맡아 책임지는 직위 또는 그 직위에 있는 사람,N,,,,6차(2023-11),,,
부속,ANX,Annex,附屬. 주된 사물이나 기관에 딸려서 붙음. 또는 그렇게 딸려 붙은 사물,N,,,,5차(2022-07),,,
부수,NOCP,Number Of Copies,"部數. 책, 신문 따위의 출판물을 세는 단위인 부(部)의 수효",Y,수,,,7차(2024-11),,,
부양,SPT,Support,扶養. 생활 능력이 없는 사람의 생활을 돌봄,N,,,,6차(2023-11),,,
부업,SJB,Side Job,副業. 본업 외에 여가를 이용하여 갖는 직업,N,,,,8차(2025-11),,,
부여,GRNT,Grant,"附與. 사람에게 권리/명예/임무 따위를 지니도록 해 주거나, 사물이나 일에 가치/의의 따위를 붙여 줌",N,,,,5차(2022-07),,,
부외자산,NLAST,Non-Ledger Assets,簿外資産. 정상적인 회계 장부상에 나타나지 아니하는 자산,N,,,,6차(2023-11),,,
부위,REGN,Region,部位. 전체에 대하여 어떤 특정한 부분이 차지하는 위치,N,,,,8차(2025-11),,,
부유물질,SPSLD,Suspended Solids,浮遊物質. 물속에 미세한 입자 형태로 떠 있는 고체 물질,N,,,,8차(2025-11),,,
부유물질량,SSQTY,Suspended Solids Quantity,浮遊物質量. 일정량의 물속에 포함된 부유물질의 양,Y,수,,,8차(2025-11),,,
부임,ACSN,Accession,赴任. 임명이나 발령을 받아 근무할 곳으로 감,N,,,,6차(2023-11),,,
부재,ABSN,Absence,不在. 그곳에 있지 아니함,N,,,,6차(2023-11),,,
부재지주,ABLD,Absentee Landlord,不在地主. 농지의 소재지에 살고 있지 아니한 땅임자,N,,,,7차(2024-11),,,
부적격,INDQ,Inadequacy,不適格. 어떤 일에 자격이 알맞지 아니함,N,,,,6차(2023-11),,,
부적합,ICPT,Incompatibility,不適合. 일이나 조건 따위에 꼭 알맞지 아니함,N,,,,6차(2023-11),,,
부전공,MNR,Minor,副專攻. 전공하는 분야가 아닌 다른 분야를 부수적으로 연구함. 또는 그 분야,N,,,,7차(2024-11),,,
부정수급,ILRCP,Illegal Receipt,不正受給. 거짓이나 그 밖의 부정한 방법으로 지원을 받음,N,,,,7차(2024-11),,,
부제목,SBTTL,Subtitle,"副題目. 서적, 논문, 문예 작품 따위의 제목에 덧붙어 그것을 보충하는 제목",Y,명,부제,,4차(2021-12),,,
부지,PREMS,Premises,敷地. 건물을 세우거나 도로를 만들기 위하여 마련한 땅,N,,,,8차(2025-11),,,
부지면적,PLTAR,Plottage Area,敷地面積. 건물이나 기타 구조물이 차지하고 있는 땅의 면적,Y,면적,,,6차(2023-11),,,
부채,LBLT,Liabilities,負責/負債. 남에게 빚을 짐 또는 그 빚,N,,,,6차(2023-11),,,
부처,MAO,Ministry And Office,部處. 정부 조직의 부와 처를 아울러 이르는 말,N,,,,6차(2023-11),,,
부품,PRTS,Parts,部品. 기계 따위의 어떤 부분에 쓰는 물품,N,,,,6차(2023-11),,,
부하율,LDFCT,Load Factor,負荷率. 어떤 기간의 평균 수요 전력과 최대 수요 전력의 비,Y,율,,,8차(2025-11),,,
부호,SGN,Sign,符號. 일정한 뜻을 나타내기 위하여 따로 정하여 쓰는 기호,Y,명,,,8차(2025-11),,,
분개,JRNL,Journalizing,"分介. 부기(簿記)에서, 거래 내용을 차변(借邊)과 대변(貸邊)으로 나누어 적는 일",N,,,,7차(2024-11),,,
분과,SCMT,Subcommittee,分科. 각 전문 과목이나 업무에 따라 나눔. 또는 그렇게 나누어진 과목이나 업무,N,,,,7차(2024-11),,,
분기,QTR,Quarter,分期. 일 년을 4등분 한 3개월씩의 기간,Y,수,,,7차(2024-11),,,
분납,ISPY,Installment Payment,分納. 여러 번에 나누어서 냄,N,,,,6차(2023-11),,,
분담,SHAR,Sharing,分擔. 나누어서 맡음,N,,,,8차(2025-11),,,
분량,QNT,Quantity,"分量. 수효, 무게 따위의 많고 적음이나 부피의 크고 작은 정도",N,,,,8차(2025-11),,,
분류,CLSF,Classification,分類. 종류에 따라서 가름,N,,,,5차(2022-07),,,
분만,PRTR,Parturition,分娩. 아이를 낳음,N,,,,8차(2025-11),,,
분석,ANLS,Analysis,分析. 얽혀 있거나 복잡한 것을 풀어서 개별적인 요소나 성질로 나눔,N,,,,3차(2021-10),,,
분석자,ANLST,Analyst,"分析者. 사물이나 현상, 데이터, 문제 등을 나누고 쪼개어 그 구성 요소와 구조, 의미를 파악하거나 해석하는 사람",N,,,,8차(2025-11),,,
분실,LOST,Lost,紛失. 자기도 모르는 사이에 물건 따위를 잃어버림,N,,,,6차(2023-11),,,
분야,FLD,Field,分野. 여러 갈래로 나누어진 범위나 부분,N,,,,5차(2022-07),,,
분양,LTOT,Lotting-Out,分讓. 전체를 여러 부분으로 갈라서 여럿에게 나누어 줌,N,,,,6차(2023-11),,,
분양가,LTOTPR,Lotting-Out Price,分讓價. 토지나 건물 따위를 나누어 파는 가격,Y,가격,,,6차(2023-11),,,
분양면적,LTOTAR,Lotting-Out Area,分讓面積. 주택건설사업자가 분양하는 공동주택의 전용면적과 주거공용면적 및 그 밖의 공용면적을 합친 면적,Y,면적,,,6차(2023-11),,,
분자량,MLWG,Molecular Weight,分子量. 탄소 동위 12C의 질량을 12라고 하고 나타낸 분자들의 질량의 상대적 크기,Y,수,,,8차(2025-11),,,
분포,DSTB,Distribution,分布. 일정한 범위에 흩어져 퍼져 있음,N,,,,6차(2023-11),,,
분할,PRTTN,Partition,分割. 나누어 쪼갬,N,,,,4차(2021-12),,,
불가,IMPS,Impossible,"不可. 어떤 행위가 허용되지 않거나 가능하지 않음 또는 찬성과 반대를 결정할 때에, 반대를 표시하는 말",N,,,,7차(2024-11),,,
불공제,NDDC,Non-Deductible,不控除. 공제받지 못함,N,,,,8차(2025-11),,,
불납결손,LSNPY,Loss By Nonpayment,不納缺損. 세무자가 내지 않아 채워지지 않은 조세,N,,,,6차(2023-11),,,
불능,INBL,Inability,不能. 할 수 없음,N,,,,7차(2024-11),,,
불량,BAD,Bad,不良. 행실이나 성품이 나쁨,N,,,,6차(2023-11),,,
불만족,DSTF,Dissatisfaction,不滿足. 마음에 흡족하지 않음,N,,,,7차(2024-11),,,
불용,DUSE,Disuse,不用. 쓰지 않음,N,,,,6차(2023-11),,,
불이행,NFLFL,Non-Fulfillment,不履行. 약속이나 계약 따위를 실행하지 아니함,N,,,,8차(2025-11),,,
불인정,NRCG,Nonrecognition,不人情. 인정에 어그러지는 바가 있는 것,N,,,,6차(2023-11),,,
불일치,NCNSN,Non-Consensus,不一致. 의견이나 생각 따위가 서로 어긋나서 꼭 맞지 아니함,N,,,,6차(2023-11),,,
불출,RELS,Release,拂出. 돈이나 물품을 내어 줌,N,,,,6차(2023-11),,,
불쾌지수,DCFIDX,Discomfort Index,"不快指數. 기온과 습도 따위의 기상 요소를 자료로 무더위에 대하여 몸이 느끼는 쾌, 불쾌의 정도를 나타내는 지수",Y,율,,,7차(2024-11),,,
불필요,NDLS,Needlessness,不必要. 필요하지 않음,N,,불요,,8차(2025-11),,,
불합격,FAL,Fail,不合格. 시험 따위에 떨어짐,N,,,,6차(2023-11),,,
뷰,VIEW,View,View. 하나 이상의 테이블로부터 데이터의 부분 집합을 논리적으로 표현하는 논리적인 가상 테이블,N,,,,6차(2023-11),변경,공통표준단어 설명,유관 단어와의 통일성 및 적합성을 고려하여 설명 수정
브라우저,BRWSR,Browser,"Browser. 인터넷을 검색할 때 문서나 영상, 음성 따위의 정보를 얻기 위하여 사용하는 프로그램",N,,,,6차(2023-11),,,
블로그,BLOG,Blog,"Blog. 자신의 관심사에 따라 자유롭게 칼럼, 일기, 취재 기사 따위를 올리는 웹사이트",N,,,,7차(2024-11),,,
블록,BLCK,Block,"Block. 시가지, 주거 지대 따위의 작은 단위들을 몇 개 합친 일정한 구획",N,,,,5차(2022-07),,,
비고,RMRK,Remarks,"備考. 문서 따위에서, 그 내용에 참고가 될 만한 사항을 보충하여 적는 것. 또는 그 사항",N,,,,5차(2022-07),,,
비공개,PRVT,Private,"非公開. 어떤 사실이나 사물, 내용 따위를 남에게 알리거나 보이지 아니함",N,,,,5차(2022-07),,,
비과세,TXFR,Tax-Free,非課稅. 세금을 매기지 않음,N,,,,6차(2023-11),,,
비대상,NTRGT,Non-Target,非對象. 어떤 일의 상대 또는 목표나 목적이 되는 것에서 제외됨,N,,,,7차(2024-11),,,
비동의,DSAG,Disagree,非同意. 다른 사람의 행위를 승인하거나 시인하지 않음,N,,,,7차(2024-11),,,
비목,ITMEXP,Item Of Expenditure,費目. 어떤 일이나 살림을 하면서 들어가는 돈의 용도를 목적에 따라 나눈 항목,N,,,,6차(2023-11),,,
비밀번호,PSWD,Password,"秘密番號. 은행이나 컴퓨터 시스템 따위에서, 보안을 위하여 미리 약정하여 쓰는 개인 고유의 문자열",Y,번호,패스워드,,4차(2021-12),,,
비상용,EUSE,Emergency Use,非常用. 뜻밖의 긴급한 사태가 일어났을 때 씀. 또는 그런 물건,N,,,,5차(2022-07),,,
비소,ARSNC,Arsenic,砒素. 금속광택이 나는 결정성의 비금속 원소,N,,,,8차(2025-11),,,
비용,CST,Cost,費用. 어떤 일을 하는 데 드는 돈,Y,비용,,,6차(2023-11),,,
비위,VIOL,Violation,非違. 법에 어긋남 또는 그런 일,N,,,,7차(2024-11),변경,공통표준단어 설명,유관 단어와의 통일성 및 적합성을 고려하여 설명 수정
비유동부채,NCLBL,Non-Current Liabilities,非流動負債. 1년 이내에 상환되지 않을 부채,N,,,,6차(2023-11),,,
비유동자산,NCAST,Non-Current Assets,非流動資産. 정상적인 생산 활동에 투자되어 운용되고 있으며 현금화하는 데 1년 이상 소요되고 사용 형태가 급격하게 변하지 않는 자산,N,,,,6차(2023-11),,,
비율,RT,Rate,比率.  다른 수나 양에 대한 어떤 수나 양의 비,Y,율,"율, 률",,5차(2022-07),,,
비정규직,IREMP,Irregular Employee,"非正規職. 근로 방식 및 기간, 고용의 지속성 등의 조건이 정규직과 다른 고용형태로, 대체로 한시적 근로자, 시간제 근로자, 비전형 근로자(파견, 용역 등)로 나뉜다",N,,,,7차(2024-11),,,
비중,RLIMP,Relative Importance,比重. 다른 것과 비교할 때 차지하는 중요도,Y,수,,,8차(2025-11),,,
비추천,DCMD,Decommendation,非推薦. 추천하지 아니함. 또는 그런 것,N,,,,7차(2024-11),,,
비축,STCPL,Stockpile,備蓄. 만약의 경우를 대비하여 미리 갖추어 모아 두거나 저축함,N,,,,8차(2025-11),,,
비치,FRNSH,Furnishing,備置. 마련하여 갖추어 둠,N,,,,7차(2024-11),,,
비품,FXTRS,Fixtures,備品. 늘 일정하게 갖추어 두고 쓰는 물품,N,,,,7차(2024-11),,,
비행,FLYNG,Flying,飛行. 공중으로 날아가거나 날아다님,N,,,,7차(2024-11),,,
빈도,FREQ,Frequency,頻度. 같은 현상이나 일이 반복되는 도수(度數),N,,,,7차(2024-11),,,
사건,INCDNT,Incident,事件. 사회적으로 문제를 일으키거나 주목을 받을 만한 뜻밖의 일,N,,,,5차(2022-07),,,
사고,ACDNT,Accident,事故. 뜻밖에 일어난 불행한 일. 사람에게 해를 입혔거나 말썽을 일으킨 나쁜 짓. 어떤 일이 일어난 까닭,N,,,,1차(2020-08),,,
사고율,ACDRT,Accident Rate,事故率. 사고가 일어나는 비율,Y,율,,,8차(2025-11),,,
사고자,ACDPR,Accident Person,事故者. 사고를 낸 사람,N,,,,8차(2025-11),,,
사례,CASE,Case,事例. 어떤 일이 전에 실제로 일어난 예,N,,,,6차(2023-11),,,
사례금,HNRR,Honorarium,謝禮金. 사례의 뜻으로 주는 돈,Y,금액,,,8차(2025-11),,,
사립학교,PRVSCH,Private School,私立學校. 개인 또는 사법인이 설립하여 경영하는 학교,N,,사학,,8차(2025-11),,,
사망,DTH,Death,死亡. 사람이 죽거나 생명을 잃음,N,,,,1차(2020-08),,,
사망률,MRTRT,Mortality Rate,死亡率. 어느 특정 인구에 대한 일정 기간의 사망자 수의 비율,Y,율,,,8차(2025-11),,,
사망자,DCSD,The Deceased,死亡者. 죽은 사람,N,,사망인,,2차(2020-12),,,
사면,PRDN,Pardon,赦免. 죄를 용서하여 형벌을 면제함,N,,,,7차(2024-11),,,
사무소,OFCE,Office,事務所. 사무를 보는 곳,N,,,,7차(2024-11),,,
사무실,OFC,Office,事務室. 사무를 보는 방,N,,,,5차(2022-07),,,
사무직,OFJB,Office Jobs,事務職. 주로 책상에서 문서 따위를 다루는 일을 하는 직무 또는 그런 분야에 종사하는 직원,N,,,,6차(2023-11),,,
사본,CPY,Copy,寫本. 원본을 그대로 베낌 또는 베낀 책이나 서류,N,,,,8차(2025-11),,,
사산,STLB,Stillbirth,死産. 임신한 지 4개월 이상 지난 후 이미 죽은 태아를 분만하는 일,N,,,,8차(2025-11),,,
사상자,CSLTS,Casualties,死傷者. 죽은 사람과 다친 사람,N,,,,7차(2024-11),,,
사실,FACT,Fact,事實. 실제로 있었던 일이나 현재에 있는 일,N,,,,7차(2024-11),,,
사업,BIZ,Business,事業. 어떤 일을 일정한 목적과 계획을 가지고 짜임새 있게 지속적으로 경영함. 또는 그 일,N,,프로젝트,,1차(2020-08),,,
사업면적,BZAR,Business Area,事業面積. 일정한 목적과 계획을 가지고 짜임새 있게 지속적으로 경영하는 일에 사용하는 면적,Y,면적,,,6차(2023-11),,,
사업비,PJTCO,Project Cost,事業費. 일정한 사업을 하는 데 드는 비용,Y,금액,,,4차(2021-12),,,
사업자,BZMN,Businessman,事業者. 사업을 경영하는 사람,N,,,,2차(2020-12),,,
사업자등록번호,BRNO,Business Registration Number,事業者登錄番號. 사업자 등록을 할 때 국세청에서 전산시스템에 따라 자동으로 부여하는 번호,Y,사업자등록번호,,사업자번호,2차(2020-12),,,
사업자등록증,BIZRC,Business Registration Certificate,"事業者登錄證. 개인이나 법인이 사업을 시작할 때, 세무서에 사업자 등록을 완료한 후 발급받는 공식 증명서",N,,,,8차(2025-11),,,
사업장,BPLC,Business Place,事業場. 어떤 사업의 활동이 이루어지는 일정한 장소,N,,사업소,,4차(2021-12),,,
사업장면적,BZSTAR,Business Site Area,事業場面積. 어떤 사업의 활동을 하는 일정한 장소의 면적,Y,면적,사업소면적,,6차(2023-11),,,
사업체,BZENT,Business Enterprise,事業體. 사업을 경영하는 한 기관으로서의 구성,N,,,,5차(2022-07),,,
사용,USE,Use,使用. 일정한 목적이나 기능에 맞게 씀,N,,,,1차(2020-08),,,
사용량,USQTY,Usage Quantity,使用量. 쓰는 양,Y,수,,,6차(2023-11),,,
사용료,USFE,Use Fee,使用料. 사용한 값으로 내는 요금,Y,요금,,,7차(2024-11),,,
사용률,USGRT,Usage Rate,使用率. 물건이나 장소 따위를 일정한 목적이나 기능에 맞게 쓰는 비율,Y,율,,,6차(2023-11),,,
사용자,USER,User,使用者. 사람을 부리거나 물건을 쓰는 사람. 컴퓨터를 사용하는 사람,N,,사용인,유저,2차(2020-12),,,
사용처,PLCUS,Place Of Use,使用處. 물건이나 돈 따위를 사용한 곳이나 목적,N,,,,6차(2023-11),,,
사유,RSN,Reason,事由. 일의 까닭,Y,내용,,,5차(2022-07),,,
사육,BRD,Breeding,飼育. 어린 가축이나 짐승이 자라도록 먹이어 기름,N,,,,8차(2025-11),,,
사이트,SITE,Site,Site. 인터넷에서 사용자들이 정보가 필요할 때 언제든지 그것을 볼 수 있도록 웹 서버에 저장된 집합체,N,,,,5차(2022-07),,,
사전,BFHD,Beforehand,事前. 일이 일어나기 전 또는 일을 시작하기 전,N,,,,6차(2023-11),,,
사정,ASSM,Assessment,査定. 조사하거나 심사하여 결정함,N,,,,8차(2025-11),,,
사진,PHOTO,Photograph,寫眞. 물체의 형상을 감광막 위에 나타나도록 찍어 오랫동안 보존할 수 있게 만든 영상,N,,,,4차(2021-12),,,
사채,PRLN,Private Loan,私債. 개인이 사사로이 진 빚,N,,,,8차(2025-11),,,
사택,COHS,Company Housing,社宅. 회사가 사원의 살림집으로 쓰기 위하여 마련한 주택,N,,,,8차(2025-11),,,
사항,MTTR,Matter,事項. 일의 항목이나 내용,Y,내용,,,5차(2022-07),,,
사회,SCTY,Society,社會. 같은 무리끼리 모여 이루는 집단,N,,,,8차(2025-11),,,
사회적기업,SCENT,Social Enterprise,社會的企業. 취약 계층에게 사회 서비스 또는 일자리를 제공하거나 지역 사회에 공헌함으로써 지역 주민의 삶의 질을 높이는 등의 사회적 목적을 추구하면서 재화 및 서비스의 생산ㆍ판매 등 영업 활동을 하는 기업,N,,,,6차(2023-11),,,
사회적협동조합,SCCP,Social Cooperative,"社會的協同組合. 지역주민의 권익과 복지 증진과 관련된 사업을 수행하거나, 취약계층에게 사회서비스 또는 일자리 등을 제공하는 것을 목적으로 하는 비영리 협동조합",N,,,,7차(2024-11),,,
사후,EPFC,Ex Post Facto,事後. 일이 끝난 뒤 또는 일을 끝낸 뒤,N,,,,6차(2023-11),,,
삭감,CTBK,Cutback,削減. 깎아서 줄임,N,,,,7차(2024-11),,,
삭제,DEL,Deletion,削除. 깎아 없애거나 지워 버림. 파일 내에 저장된 기록을 제거하거나 기억 장치에서 프로그램을 지우는 일,N,,,,1차(2020-08),,,
삭제자,DLTR,Deleter,削除者. 깎아 없애거나 지워 버린 사람 또는 기관,N,,,,6차(2023-11),,,
산,MTN,Mountain,山. 평지보다 높이 솟아 있는 땅의 부분,N,,,,2차(2020-12),,,
산림면적,FRAR,Forest Area,山林面積. 전체 면적에서 산림이 차지하는 면적,Y,면적,,,8차(2025-11),,,
산번지,MLNO,Mountain Lot Number,山番地. 산의 땅을 일정한 기준에 따라 나누어서 매겨 놓은 번호. 또는 그 땅,N,,,,6차(2023-11),,,
산소,OXY,Oxygen,"酸素. 산소족에 속하는 비금속 원소, 또는 산소 원소로 만들어진 이원자 분자로, 공기의 주성분이면서 맛과 빛깔과 냄새가 없는 물질",N,,,,8차(2025-11),,,
산업,INDST,Industry,産業. 인간의 생활을 경제적으로 풍요롭게 하기 위하여 재화나 서비스를 생산하는 사업,N,,,,6차(2023-11),,,
산업안전보건관리비,OSHMCO,Occupational Safety And Health Management Costs,"産業安全保健管理費. 건설 공사 발주자가 도급 계약을 체결하거나, 건설 공사의 시공을 주도하여 총괄·관리하는 자가 건설 공사 사업 계획을 수립할 때, 고용 노동부 장관이 정하여 고시하는 바에 따라 산업 재해 예방을 위해 사용하는 비용",Y,비용,,,8차(2025-11),,,
산재,IA,Industrial Accident,産災. 노동 과정에서 작업 환경 또는 작업 행동 따위의 업무상의 사유로 발생하는 사고 때문에 근로자에게 생긴 신체상의 재해,N,,,,6차(2023-11),,,
산정,CMPTTN,Computation,算定. 셈하여 정함,N,,,,5차(2022-07),,,
산출,CALC,Calculation,算出. 계산하여 냄,N,,,,6차(2023-11),,,
산출물,OUTPUT,Output,産出物. 일정한 곳에서 생산되어 나오는 물건,N,,,,8차(2025-11),,,
산출식,CFML,Calculating Formula,算出式. 계산하여 어떤 결과를 내는데 사용한 방식,N,,,,7차(2024-11),,,
산화,OXDTN,Oxidation,"酸化. 어떤 원자, 분자, 이온 따위가 전자를 잃는 일",N,,,,8차(2025-11),,,
상각,AMTZ,Amortization,償却. 보상하여 갚아 줌,N,,,,6차(2023-11),,,
상계,STFF,Setoff,"相計. 채무자와 채권자가 같은 종류의 채무와 채권을 가지는 경우에, 일방적 의사 표시로 서로의 채무와 채권을 같은 액수만큼 소멸함. 또는 그런 일",N,,,,6차(2023-11),,,
상관계수,CRCF,Correlation Coefficient,相關係數. 두 변량 사이의 상관관계의 정도를 나타낸 계수,Y,율,,,8차(2025-11),,,
상근,FTEMP,Full-Time Employment,常勤. 날마다 일정한 시간에 출근하여 정해진 시간 동안 근무함 또는 그런 근무,N,,,,8차(2025-11),,,
상금,PRMNY,Prize Money,賞金. 선행이나 업적에 대하여 격려하기 위하여 주는 돈,N,,,,8차(2025-11),,,
상단,UPEND,Upper End,上段. 위에 있는 단,N,,,,7차(2024-11),,,
상담,DSCSN,Discussion,相談. 문제를 해결하거나 궁금증을 풀기 위하여 서로 의논함,N,,,,1차(2020-08),,,
상담원,CNSLR,Counselor,相談員. 개인의 생활이나 적응 문제 따위에 관하여 개별적으로 지도하고 조언하는 사람,N,,상담자,,6차(2023-11),,,
상대,RLT,Relative,相對. 서로 대비함,N,,,,7차(2024-11),,,
상대방,CTPT,Counterpart,相對方. 어떤 일이나 말을 할 때 짝을 이루는 사람,N,,,,8차(2025-11),,,
상벌,RWPN,Reward And Punishment,賞罰. 상과 벌을 아울러 이르는 말,N,,,,7차(2024-11),,,
상병,SCWN,Sick And Wounded,傷病. 상처를 입거나 앓는 일,N,,,,8차(2025-11),,,
상세,DTL,Details,詳細. 낱낱이 자세함,N,,세부,,2차(2020-12),,,
상세주소,DADDR,Detailed Address,"詳細住所. 건축물대장에 적혀 있는 동(棟)번호, 호(號)수 또는 층수",Y,상세주소,도로명상세주소,,2차(2020-12),,,
상소,APLH,Appeal To A Higher Court,上訴. 하급 법원의 판결에 따르지 않고 상급 법원에 재심을 요구하는 일,N,,,,6차(2023-11),,,
상소인,APLNT,Appellant,上訴人. 하급 법원의 판결에 따르지 않고 상급 법원에 재심을 요구하는 사람,N,,,,6차(2023-11),,,
상속,IHRT,Inheritance,"相續. 뒤을 이음 또는 일정한 친족 관계가 있는 사람 사이에서, 한 사람이 사망한 후에 다른 사람에게 재산에 관한 권리와 의무의 일체를 이어 주거나, 다른 사람이 사망한 사람으로부터 그 권리와 의무의 일체를 이어받는 일",N,,,,8차(2025-11),,,
상속인,IHTR,Inheritor,相續人. 상속 개시 후에 재산이나 기타의 것을 물려받는 사람,N,,,,6차(2023-11),,,
상수도,WTSPL,Water Supply,"上水道. 먹는 물이나 공업, 방화(防火) 따위에 쓰는 물을 관을 통하여 보내 주는 설비",N,,수도,,6차(2023-11),,,
상승률,IFLRT,Inflation Rate,上昇率. 수치 따위가 올라간 비율,Y,율,,,8차(2025-11),,,
상시,ODTM,Ordinary Times,常時. 임시가 아닌 관례대로의 보통 때,N,,,,6차(2023-11),,,
상신,RTSO,Report To Superior Official,上申. 윗사람이나 관청 등에 일에 대한 의견이나 사정 따위를 말이나 글로 보고함,N,,,,7차(2024-11),,,
상실,LOSE,Lose,"喪失. 어떤 사람과 관계가 끊어지거나 헤어지거나, 어떤 것이 아주 없어지거나 사라짐",N,,,,6차(2023-11),변경,공통표준단어 설명,유관 단어와의 통일성 및 적합성을 고려하여 설명 수정
상여금,BONUS,Bonus,賞與金. 상여로 주는 돈,Y,금액,,,6차(2023-11),,,
상영,SCRG,Screening,上映. 영화와 같은 영상물을 화면에 띄워 공개함,N,,,,7차(2024-11),,,
상용압력,MOP,Maximun Operating Pressure,"常用壓力. 설비, 배관, 가스기기 등이 실제로 정상 운전 상태일 때 그 설비에 작용하는 최고 압력",Y,수,,,8차(2025-11),,,
상위,UP,Upper,上位. 높은 위치나 지위,N,,,,2차(2020-12),,,
상임,STND,"	Standing",常任. 일정한 일을 늘 계속하여 맡음,N,,,,8차(2025-11),,,
상장,LSTG,Listing,上場. 주식이나 어떤 물건을 매매 대상으로 하기 위하여 해당 거래소에 일정한 자격이나 조건을 갖춘 거래 물건으로서 등록하는 일,N,,,,6차(2023-11),,,
상태,STTS,Status,狀態. 사물ㆍ현상이 놓여 있는 모양이나 형편,N,,,,4차(2021-12),,,
상표,TDMK,Trademark,"商標. 사업자가 자기 상품에 대하여, 경쟁업체의 것과 구별하기 위하여 사용하는 기호ㆍ문자ㆍ도형 따위의 일정한 표지",N,,,,6차(2023-11),,,
상품,GDS,Goods,商品. 사고파는 물품,N,,,,2차(2020-12),,,
상품권,GFCT,Gift Certificate,商品券. 액면 가격에 상당한 상품과 교환할 수 있는 표,N,,,,8차(2025-11),,,
상한,UPLMT,The Upper Limit,"上限. 위와 아래로 일정한 범위를 이루고 있을 때, 위쪽의 한계",N,,,,6차(2023-11),,,
상호,CONM,Company Name,商號. 상인이 영업 활동을 할 때에 자기를 표시하기 위하여 쓰는 이름,Y,명,"상호명, 상호명칭",,2차(2020-12),,,
상환,RPMT,Repayment,償還. 갚거나 돌려줌,N,,,,3차(2021-10),,,
상황,STTN,Situation,狀況. 일이 되어 가는 과정이나 형편,N,,,,8차(2025-11),,,
상황전파,STCM,Situation Communication,狀況傳播. 일이 되어 가는 과정이나 형편을 전하여 널리 퍼뜨림,N,,,,7차(2024-11),,,
상훈,PZDC,Prizes and Decorations,賞勳. 상과 훈장을 아울러 이르는 말,N,,,,6차(2023-11),,,
새창,NPAG,New Page,새창. 새로운 표시 화면상에서 나타나는 한 화면 분량의 데이터,N,,,,5차(2022-07),,,
색맹,ACHRM,Achromatopsia,色盲. 색채를 식별하는 감각이 불완전하여 빛깔을 가리지 못하거나 다른 빛깔로 잘못 보는 상태. 또는 그런 증상의 사람,N,,,,7차(2024-11),,,
색상,COLR,Color,"色相. 색을 빨강, 노랑, 파랑 따위로 구분하게 하는, 색 자체가 갖는 고유의 특성",N,,,,6차(2023-11),,,
색인,INDX,Index,"索引. 책 속의 내용 중에서 중요한 단어나 항목, 인명 따위를 쉽게 찾아볼 수 있도록 일정한 순서에 따라 별도로 배열하여 놓은 목록",N,,,,6차(2023-11),,,
생년월일,BRDT,Birth Date,生年月日. 태어난 해와 달과 날,Y,연월일,,,1차(2020-08),,,
생산,PRDCTN,Production,生産. 인간이 생활하는 데 필요한 각종 물건을 만들어 냄,N,,,,4차(2021-12),,,
생산자,PRDCR,Producer,生産者. 재화의 생산에 종사하는 사람,N,,,,6차(2023-11),,,
생산지,PRDLC,Production Location,生産地. 어떤 물품을 만들어 내는 곳. 또는 그 물품이 저절로 생겨나는 곳,N,,,,7차(2024-11),,,
생산품,PRDT,Product,生産品. 생산되는 물품,N,,,,6차(2023-11),,,
생성,CRT,Creation,生成. 사물이 생겨남. 또는 사물이 생겨 이루어지게 함. 이전에 없었던 어떤 사물이나 성질의 새로운 출현,N,,,,1차(2020-08),,,
생성자,CREATR,Creator,生成者. 사물이 생겨 이루어지게 한 사람,N,,,,5차(2022-07),,,
생존,SRVL,Survival,生存. 살아 있음. 또는 살아남음,N,,,,7차(2024-11),,,
서가,BKSH,Bookshelf,書架. 문서나 책 따위를 얹어 두거나 꽂아 두도록 만든 선반,N,,,,7차(2024-11),,,
서류,DCMNT,Document,書類. 글자로 기록한 문서를 통틀어 이르는 말,N,,,,5차(2022-07),,,
서명,SIGN,Signature,署名. 자기의 이름을 써넣음 또는 써넣은 것,N,,,,6차(2023-11),,,
서버,SRVR,Server,Server. 주된 정보의 제공이나 작업을 수행하는 컴퓨터 시스템,N,,,,4차(2021-12),,,
서비스,SRVC,Service,Service. 생산된 재화를 운반ㆍ배급하거나 생산ㆍ소비에 필요한 노무를 제공함,N,,,,3차(2021-10),,,
서식,TMPLT,Template,"書式.. 증서, 원서, 신고서 따위와 같은 서류를 꾸미는 일정한 방식",N,,템플릿,,5차(2022-07),변경,공통표준단어 설명,유관 단어와의 통일성 및 적합성을 고려하여 설명 수정
서식지,HBTT,Habitat,棲息地. 생물 따위가 일정한 곳에 자리를 잡고 사는 곳,N,,,,8차(2025-11),,,
서약,OATH,Oath,誓約. 맹세하고 약속함,N,,,,7차(2024-11),,,
서약서,WROT,Written Oath,誓約書. 서약하는 글. 또는 그런 문서,N,,,,7차(2024-11),,,
석방,STFR,Set Free (From Custody/Captivity),釋放. 법에 의하여 구속하였던 사람을 풀어 자유롭게 하는 일,N,,,,8차(2025-11),,,
석사,MSTR,Master,碩士. 대학원의 석사 과정을 마치고 규정된 절차를 밟은 사람에게 수여하는 학위 또는 그 학위를 딴 사람,N,,,,8차(2025-11),,,
선거구,ELDST,Election District,選擧區. 의원을 선출하는 단위 구역,N,,,,8차(2025-11),,,
선고,ADJ,Adjudication,宣告. 선언하여 널리 알림,N,,,,6차(2023-11),,,
선급금,PRPAMT,Prepayments Amount,先給金. 미리 지급하여 주는 돈,Y,금액,,,7차(2024-11),,,
선납,PRPY,Prepayment,先納. 약속한 기한이 되기 전에 돈을 미리 바침,N,,,,6차(2023-11),,,
선로,RLWY,Railway,線路. 기차나 전차의 바퀴가 굴러가도록 레일을 깔아 놓은 길,N,,,,7차(2024-11),,,
선박,VSL,Vessel,船舶. 사람이나 짐 따위를 싣고 물 위로 떠다니도록 나무나 쇠 따위로 만든 물건,N,,,,6차(2023-11),,,
선수금,ADPYR,Advance Payment Received,先受金. 미리 받은 돈 또는 그 돈의 계정,Y,금액,,,6차(2023-11),,,
선수수익,UNRV,Unearned Revenue,先受收益. 수입은 이루어졌으나 수익의 귀속 시기가 다음 시기 이후인 수익,N,,,,6차(2023-11),,,
선순위,PRORD,Prior Order,先順位. 다른 것보다 앞서는 차례,N,,,,6차(2023-11),,,
선원,CREW,Crew,船員. 배의 승무원,N,,,,6차(2023-11),,,
선임,APNM,Appointment,選任. 여러 사람 가운데서 어떤 직무나 임무를 맡을 사람을 골라냄,N,,,,8차(2025-11),,,
선장,CPTN,Captain,船長. 배의 항해와 배 안의 모든 사무를 책임지고 선원들을 통솔하는 최고 책임자,N,,,,7차(2024-11),,,
선적,SHPG,Shipping,船積. 배에 짐을 실음,N,,,,6차(2023-11),,,
선적항,POL,Port Of Loading,船積港. 배에 화물을 싣는 항구,N,,,,7차(2024-11),,,
선정,SLCTN,Selection,選定. 여럿 가운데서 어떤 것을 뽑아 정함,N,,,,1차(2020-08),,,
선지급,ADPY,Advance Payment,先支給. 돈이나 물품 따위를 정하여진 몫만큼 먼저 내어 줌,N,,,,6차(2023-11),,,
선택,CHC,Choice,"選擇. 여럿 가운데서 필요한 것을 골라 뽑음. 문제를 해결하기 위한 몇 가지 수단을 의식하고, 그 가운데서 어느 것을 골라내는 작용",N,,,,1차(2020-08),,,
선하증권,BL,Bill of Lading,"船荷證券. 해상 운송에서, 화물의 인도 청구권을 표시한 유가 증권. 해상 운송인이 운송물을 수령 또는 선적하였음을 인증하고, 이를 운송하여 양륙항(揚陸港)에서 증권의 소지자에게 그 운송물을 인도할 것을 약속하는 증표이다",N,,선화증권,,6차(2023-11),,,
설계,DESIGN,Design,"設計. 건축ㆍ토목ㆍ기계 제작 등에서, 그 목적에 따라 실제적인 계획을 세워 도면 등으로 드러내 보이는 일",N,,,,3차(2021-10),,,
설계자,DSGNR,Designer,設計者. 계획을 세운 사람. 또는 계획을 세워 만든 사람,N,,,,4차(2021-12),,,
설립,FNDN,Foundation,設立. 기관이나 조직체 따위를 만들어 일으킴,N,,,,1차(2020-08),,,
설명,EXPLN,Explanation,說明. 어떤 일이나 대상의 내용을 상대편이 잘 알 수 있도록 밝혀 말함. 또는 그런 말,Y,내용,,,5차(2022-07),,,
설문,SRVY,Survey,設問. 조사를 하거나 통계 자료 등을 얻기 위하여 어떤 주제에 대하여 문제를 내어 물음. 또는 그 문제,N,,,,3차(2021-10),,,
설비,EQPM,Equipment,設備. 필요한 것을 베풀어서 갖춤 또는 그런 시설,N,,,,8차(2025-11),,,
설정,STNG,Setting,設定. 새로 만들어 정해 둠 또는 제한 물권을 새로이 발생시키는 행위,N,,,,1차(2020-08),변경,공통표준단어 설명,유관 단어와의 통일성 및 적합성을 고려하여 설명 수정
설치,INSTL,Installation,設置. 어떤 일을 하는 데 필요한 기관이나 설비 따위를 베풀어 둠,N,,,,1차(2020-08),,,
성공,SCS,Success,成功. 목적하는 바를 이룸,N,,,,1차(2020-08),,,
성과,OTCM,Outcome,成果. 이루어 낸 결실,N,,,,7차(2024-11),,,
성과보수,INCNPY,Incentive Pay,成果報酬. 일의 업적에 따라 추가로 지급하는 보수,N,,,,8차(2025-11),,,
성과지표,PI,Performance Indicator,成果指標. 조직이나 공정 또는 시스템의 성과를 반영하여 품질 목표를 계량적으로 평가하는 데 활용하는 척도,N,,,,6차(2023-11),,,
성명,FLNM,Full Name,姓名. 성과 이름을 아울러 이르는 말,Y,명,,,2차(2020-12),,,
성별,GNDR,Gender,性別. 남녀나 암수의 구별,N,,,,6차(2023-11),,,
성분,IGRD,Ingredient,成分. 유기적인 통일체를 이루고 있는 것의 한 부분,N,,,,6차(2023-11),,,
성수기,PKSN,Peak Season,盛需期. 상품이나 서비스의 수요가 많은 시기,N,,,,7차(2024-11),,,
성인,ADLT,Adult,成人. 자라서 어른이 된 사람,N,,,,8차(2025-11),,,
성적,SCRE,Score,"成績. 하여 온 일의 결과로 얻은 실적 또는 학생들이 배운 지식, 기능, 태도 따위를 평가한 결과",N,,,,8차(2025-11),,,
성적서,SCRPT,Score Report,成績書. 하여 온 일의 결과로 얻은 실적을 분석한 보고서,N,,,,7차(2024-11),,,
세금,TX,Tax,稅金. 국가 또는 지방 공공 단체가 필요한 경비로 사용하기 위하여 국민이나 주민으로부터 강제로 거두어들이는 금전,N,,,,6차(2023-11),,,
세금계산서,TXIV,Tax Invoice,稅金計算書. 사업자가 물건을 사고팔 때 부가 가치세법에 따라 발행하는 영수증,N,,,,6차(2023-11),,,
세대,HH,Households,世帶. 현실적으로 주거 및 생계를 같이하는 사람의 집단,N,,,,2차(2020-12),,,
세대원,FMBR,Family Members,世帶員. 한 세대를 구성하고 있는 식구,N,,,,6차(2023-11),,,
세대주,HSHLDR,Householder,世帶主. 한 가구를 이끄는 주가 되는 사람,N,,,,5차(2022-07),,,
세로,VRTC,Vertical,세로. 위에서 아래로 나 있는 방향 또는 그 길이,N,,,,6차(2023-11),,,
세목,TXITM,Tax Item,稅目. 국민이 나라에 내는 조세의 종류별 명목,N,,,,4차(2021-12),,,
세무,TXBIZ,Taxation Business,稅務. 세금을 매기고 거두어들이는 일에 관한 사무,N,,,,6차(2023-11),,,
세무서,TXOFC,Tax Office,稅務署. 국세청 산하에서 내국세에 관한 사무를 맡아보는 지방 세무 행정 관청,N,,,,6차(2023-11),,,
세분류,DCLSF,Detailed Classification,細分類. 이미 분류된 사물을 다시 한번 여러 갈래로 자세히 나누거나 가름. 또는 그런 것,N,,,,5차(2022-07),,,
세션,SSN,Session,Session. 컴퓨터 네트워크에서 연결을 설립・유지・종료시키는 동안 발생하는 모든 활동,N,,,,8차(2025-11),,,
세션유지,SSPRS,Session Persistence,Session 維持. 웹 및 네트워크 환경에서 사용자의 연결 상태를 지속적으로 관리하는 기술적 개념,N,,,,8차(2025-11),,,
세수입,TXRVN,Tax Revenue,稅收入. 국민에게서 조세(租稅)를 징수하여 얻는 정부의 수입,N,,,,6차(2023-11),,,
세액,TXAMT,Tax Amount,稅額. 조세의 액수,Y,금액,,,6차(2023-11),,,
세율,TXRT,Tax Rate,稅率. 과세 표준에 의하여 세금을 계산하여 매기는 법정률,Y,율,,,8차(2025-11),,,
세입,ANRVN,Annual Revenue,歲入. 한 회계 연도에 있어서의 정부 또는 지방 자치 단체의 모든 수입,N,,,,7차(2024-11),,,
세입관,RVNATC,Revenue Article,"歲入款. 예산이나 결산에서 세입을 구분하는, 세입 장 하위의 분류 체계",N,,,,8차(2025-11),,,
세입목,RVNITM,Revenue Item,"歲入目. 예산이나 결산에서 세입을 구분하는, 세입 항 하위의 분류 체계",N,,,,8차(2025-11),,,
세입장,RVNCHP,Revenue Chapter,歲入章. 예산이나 결산에서 세입을 구분하는 가장 상위의 분류 체계,N,,,,8차(2025-11),,,
세입항,RVNSCT,Revenue Section,"歲入項. 예산이나 결산에서 세입을 구분하는, 세입 관 하위의 분류 체계",N,,,,8차(2025-11),,,
세출,ANEXP,Annual Expenditure,歲出. 국가나 지방 자치 단체의 한 회계 연도에 있어서의 모든 지출,N,,,,8차(2025-11),,,
센터,CNTR,Center,Center. 업무 따위를 이르는 말 뒤에 쓰여 그 일을 담당하는 곳을 나타내는 말,N,,,,5차(2022-07),,,
소개,INTRO,Introduction,"紹介. 잘 알려지지 아니하였거나, 모르는 사실이나 내용을 잘 알도록 하여 주는 설명",N,,,,8차(2025-11),,,
소견,OPIN,Opinion,所見. 어떤 일이나 사물을 살펴보고 가지게 되는 생각이나 의견,N,,,,8차(2025-11),,,
소계,STOT,Subtotal,小計. 전체가 아닌 어느 한 부분만을 셈한 합계,N,,,,6차(2023-11),,,
소관,JRSD,Jurisdiction,所管. 맡아 관리하는 바 또는 그 범위,N,,,,6차(2023-11),,,
소권역,SSIRB,Small Sphere of Influence in a River Basin,小圈域. 개별 하천의 오염에 영향을 미칠 수 있는 상류 집수구역을 기준으로 환경자료의 수집 및 수질관리 측면을 고려하여 리・동 등 행정구역의 경계에 따라 구분한 수계 영향권,N,,,,7차(2024-11),,,
소급,RTRCT,Retroactivity,遡及. 과거에까지 거슬러 올라가서 미치게 함,N,,,,7차(2024-11),,,
소독,DSNF,Disinfection,消毒. 병의 감염이나 전염을 예방하기 위하여 병원균을 죽이는 일,N,,,,8차(2025-11),,,
소득,EARN,Earnings,所得. 일한 결과로 얻은 정신적/물질적 이익,N,,,,5차(2022-07),,,
소득공제,ICMDCT,Income Deduction,所得控除. 과세의 대상이 되는 소득액을 결정하기 위하여 총소득액에서 법으로 정하여진 금액을 빼내는 일,N,,,,6차(2023-11),,,
소득률,INCMRT,Income Rate,所得率. 생산 요소 따위의 모든 비용을 빼고 순수하게 소득이 되는 부가 가치가 총매출액에서 차지하는 비율,Y,율,,,8차(2025-11),,,
소득세,INCTX,Income Tax,所得稅. 개인이 한 해 동안 벌어들인 돈에 대하여 액수별 기준에 따라 매기는 세금,Y,금액,,,4차(2021-12),,,
소득세율,ICTXRT,Income Tax Rate,所得稅率. 개인이 한 해 동안 벌어들인 돈에 대하여 액수별 기준에 따라 매기는 세금의 비율,Y,율,,,6차(2023-11),,,
소득월액,MINAMT,Monthly Income Amount,"所得月額. 사업소득, 이자·배당소득, 기타소득, 연금소득 등 직장에서 받는 월급 외의 소득",Y,금액,,,7차(2024-11),,,
소득자,INERN,Income Earner,所得者. 육체적인 일이나 정신적인 일을 하여 소득을 얻는 사람,N,,,,7차(2024-11),,,
소멸,EXTSH,Extinguishment,消滅. 사라져 없어짐,N,,,,4차(2021-12),,,
소멸시효,ETPRSC,Extinctive Prescription,消滅時效. 권리자가 자신의 권리를 행사할 수 있음에도 불구하고 일정 기간 동안 권리를 행사하지 아니하는 경우에 그 권리를 소멸하는 제도,N,,,,6차(2023-11),,,
소명,VNDC,Vindicate,疏明. 까닭이나 이유를 밝혀 설명함,N,,,,6차(2023-11),,,
소모품,CSGD,Consumable Goods,消耗品. 쓰는 대로 닳거나 줄어들어 없어지거나 못 쓰게 되는 물품,N,,,,6차(2023-11),,,
소방서,FRSTN,Fire Station,消防署. 소방에 관한 업무를 맡아보는 일선 소방 기관,N,,,,6차(2023-11),,,
소분류,SCLSF,Small-Scale Classification,小分類. 작게 나누어 가름,N,,,,5차(2022-07),,,
소비량,CNSQTY,Consumption Quantity,消費量. 소비하는 분량,Y,수,,,8차(2025-11),,,
소비율,CNSRT,Consumption Rate,"消費率. 일정 기간 동안 자원, 물자, 상품, 에너지 등 소비된 양이 전체 대비 어느 정도인지를 나타내는 비율",Y,율,,,8차(2025-11),,,
소비자,CNSMR,Consumer,消費者. 재화를 소비하는 사람,N,,,,6차(2023-11),,,
소상공인,SBO,Small Business Owner,"小商工人. 상시 근로자 수가 5인 이하인 사업자로 제조업, 광업, 건설업, 운수업의 경우에는 10인 이하를 이름",N,,,,6차(2023-11),,,
소속,OGDP,Organization/Department,所屬. 일정한 단체나 기관에 딸림. 또는 그 딸린 곳,N,,,,2차(2020-12),,,
소송,LWS,Lawsuit,訴訟. 재판에 의하여 원고와 피고 사이의 권리나 의무 따위의 법률관계를 확정하여 줄 것을 법원에 요구함 또는 그런 절차,N,,,,6차(2023-11),,,
소송물,MTLW,Matter Of A Lawsuit,訴訟物. 민사 소송에서 심판의 대상이 되는 구체적 사항,N,,,,8차(2025-11),,,
소수점,DCPT,Decimal Point,小數點. 소수의 부분과 정수의 부분을 구획하기 위하여 소수 부분과 정수 부분 사이에 찍는 부호,N,,,,6차(2023-11),,,
소스,SOUR,Source,Source. 정보 따위의 출처. 또는 정보를 제공하는 사람이나 자료,N,,,,8차(2025-11),,,
소식지,NWSL,Newsletter,消息紙. 어떤 단체의 새로운 소식을 알리는 유인물,N,,,,8차(2025-11),,,
소요,REQ,Required,所要. 필요로 하거나 요구되는 바,N,,,,2차(2020-12),,,
소유,PSN,Possession,所有. 가지고 있음. 또는 그 물건,N,,,,5차(2022-07),,,
소유권,OWNSHP,Ownership,所有權. 물건을 전면적ㆍ일반적으로 지배하는 권리,N,,,,3차(2021-10),,,
소유권이전,OWNTRS,Ownership Transfer,所有權移轉. 물건을 전면적ㆍ일반적으로 지배하는 권리를 남에게 넘겨주거나 또는 넘겨받음,N,,,,7차(2024-11),,,
소유자,OWNR,Owner,所有者. 어떤 것을 자기의 것으로 가지고 있는 자. 소유권을 가진 자,N,,"소유주, 소유인",오너,2차(2020-12),,,
소인,PSTMRK,Postmark,"消印. 도장 찍음, 특히 우편에서 접수·발송 증명 목적의 날인",N,,,,8차(2025-11),,,
소장품,CLCN,Collection,所藏品. 자기의 것으로 지니어 간직하고 있는 물품,N,,,,7차(2024-11),,,
소재지,LCTN,Location,所在地. 주요 건물이나 기관 등이 자리 잡고 있는 곳,N,,소재,,3차(2021-10),,,
소정,PRSCR,Prescribed,所定. 정해진 바,N,,,,8차(2025-11),,,
소제기,FLGLW,Filing A Lawsuit,訴提起. 원고가 법원에 대하여 특정한 소송물의 정당성 여부를 심판하여 권리 보호를 허락하여 달라고 요구하는 신청,N,,,,7차(2024-11),,,
소제목,SBHD,Subheading,小題目. 큰제목 아래 붙여진 작은 제목,Y,명,,,8차(2025-11),,,
소집,CNVC,Convocation,召集. 단체나 조직체의 구성원을 불러서 모음,N,,,,6차(2023-11),,,
소프트웨어,SW,Software,Software. 컴퓨터 프로그램 및 그와 관련된 문서들을 통틀어 이르는 말,N,,,,6차(2023-11),,,
소화기,FREX,Fire Extinguisher,消火器. 불을 끄는 기구,N,,,,8차(2025-11),,,
속도,SPD,Speed,速度. 물체가 나아가거나 일이 진행되는 빠르기,Y,수,,,7차(2024-11),,,
속성,ATRB,Attribute,屬性. 사물의 특징이나 성질,N,,,,6차(2023-11),,,
손상,DMGE,Damage,損傷. 물체가 깨지거나 상함,N,,,,8차(2025-11),,,
손실,LOSS,Loss,損失. 잃어버리거나 축나서 손해를 봄 또는 그 손해,N,,,,6차(2023-11),,,
손익,PFLS,Profit and Loss,損益. 손해와 이익을 아울러 이르는 말,Y,금액,,,6차(2023-11),,,
손해,HRM,Harm,損害. 물질적으로나 정신적으로 밑짐,N,,,,6차(2023-11),,,
송금,RMT,Remittance,送金. 돈을 부쳐 보냄 또는 그 돈,N,,,,6차(2023-11),,,
송달,TMTL,Transmittal,"送達. 편지, 서류, 물품 따위를 보내어 줌",N,,,,6차(2023-11),,,
송달지,DLPL,Delivery Place,"送達地. 소송과 관련된 서류를 받을 사람의 주소, 거소, 영업소, 사무소 등의 장소",N,,,,7차(2024-11),,,
송수신,TRRC,Transmit And Receive,送受信. 송신과 수신을 아울러 이르는 말,N,,,,6차(2023-11),,,
송장,INVC,Invoice,送狀. 보내는 짐의 내용을 적은 문서,N,,,,8차(2025-11),,,
송치,TRNSR,Transference,"送致. 수사 기관에서 검찰청으로, 또는 한 검찰청에서 다른 검찰청으로 피의자와 서류를 넘겨 보내는 일",N,,,,7차(2024-11),,,
송화자,SNDER,Sender,送話者. 전화 따위로 말을 보내는 사람,N,,,,8차(2025-11),,,
수,CNT,Count,數. 셀 수 있는 사물을 세어서 나타낸 값,Y,수,,,2차(2020-12),,,
수강,ATNLC,Attendance Lecture,受講. 강의나 강습을 받음,N,,,,7차(2024-11),,,
수강료,TTCHG,Tuition Charge,受講料. 강의나 강습을 받기 위해 내는 돈,Y,요금,,,8차(2025-11),,,
수거,CLT,Collect,收去. 거두어 감,N,,,,6차(2023-11),,,
수검자,EXAMNE,Examinee,受檢者. 검사나 검열 따위를 받는 사람,N,,,,7차(2024-11),,,
수계,WTSYS,Water System,水系. 하천과 그 유역 전체를 대표하는 본류(주 하천)의 이름을 기준으로 구분한 집수역 단위,N,,,,8차(2025-11),,,
수관,ASCTL,Assumption Of Control,受管. 어떤 업무의 관할을 옮겨 받음,N,,,,6차(2023-11),,,
수관폭,CRDM,Crown Diameter,樹冠幅. 수목의 녹엽 부분을 수평면에 수직으로 투영한 최대 지름,Y,수,,,8차(2025-11),,,
수권자,ATHPR,Authorized Person,"授權者. 일정한 자격, 권한, 권리 따위를 특정인에게 부여한 사람",N,,,,8차(2025-11),,,
수급자,RECPNT,Recipient,"受給者. 급여, 연금, 배급 따위를 받은 사람",N,,,,7차(2024-11),,,
수기,HWRT,Handwriting,手記. 글이나 글씨를 자기 손으로 직접 씀,N,,,,6차(2023-11),,,
수납,RCVMT,Receiving Money (or Thing),收納. 돈이나 물품을 받아들임,N,,,,1차(2020-08),,,
수납자,RCPN,Recipient,收納者. 돈이나 물품을 받아들이는 사람,N,,수납인,,2차(2020-12),,,
수단,MNS,Means,手段. 어떤 목적을 이루기 위한 방법. 또는 그 도구,N,,,,7차(2024-11),,,
수당,ALW,Allowance,手當. 정해진 봉급 이외에 따로 주는 보수,Y,금액,,,7차(2024-11),,,
수도광열비,WLHEXP,"	Water, Light And Heat Expenses","水道光熱費. 판매와 관리 부문에서 사용된 수도료, 전기료, 가스비, 연료비 따위를 이르는 말",Y,비용,,,8차(2025-11),,,
수도권,CPAR,Capital Area,首都圈. 수도를 중심으로 이루어진 대도시권,N,,,,8차(2025-11),,,
수락,ACPT,Acceptance,受諾. 요구를 받아들임,N,,,,7차(2024-11),,,
수량,QTY,Quantity,數量. 수효와 분량을 아울러 이르는 말,Y,수,,,6차(2023-11),,,
수렴,CNVG,Convergence,收斂. 의견이나 사상 따위가 여럿으로 나뉘어 있는 것을 하나로 모아 정리함,N,,,,8차(2025-11),,,
수령,RCV,Receive,受領. 돈이나 물품을 받아들임,N,,,,6차(2023-11),,,
수령자,RCPNT,Recipient,受領者. 돈이나 물품을 받아들이는 사람,N,,,,6차(2023-11),,,
수령지,RCPL,Receipt Place,受領地. 돈이나 물품 따위를 받을 장소나 받은 장소,N,,,,6차(2023-11),,,
수료,FNSH,Finish,修了. 일정한 학과를 다 배워 끝냄,N,,,,1차(2020-08),,,
수료자,CMPLTR,Completer,修了者. 일정한 학과를 다 배워 마친 사람,N,,,,8차(2025-11),,,
수료증,DPLM,Diploma,修了證. 일정한 학과를 다 배워 마쳤음을 증명하는 증서,N,,수료장,,6차(2023-11),,,
수리,RPR,Repair,修理. 고장 나거나 허름한 데를 손보아 고침,N,,,,3차(2021-10),,,
수립,FNDG,Founding,"樹立. 국가나 정부, 제도, 계획 따위를 이룩하여 세움",N,,,,6차(2023-11),,,
수목원,ARBRT,Arboretum,樹木園. 관찰이나 연구의 목적으로 여러 가지 나무를 수집하여 재배하는 시설,N,,,,6차(2023-11),,,
수분,MST,Moisture,水分. 축축한 물의 기운,N,,,,8차(2025-11),,,
수사,INVSTG,Investigation,搜査. 범죄의 혐의 유무를 명백히 하여 공소의 제기와 유지 여부를 결정하기 위하여서 범인을 발견·확보하고 증거를 수집·보전하는 수사 기관의 활동,N,,,,8차(2025-11),,,
수상,WNAWD,Winning Award,受賞. 상을 받음,N,,,,6차(2023-11),,,
수선,MNDG,Mending,修繕. 낡거나 헌 물건을 고침,N,,,,6차(2023-11),,,
수소이온,HION,Hydrogen Ion,水素Ion. 수소 원자가 전자 한 개를 잃은 일가(一價)의 양이온,N,,,,7차(2024-11),,,
수송,TRNSP,Transport,"輸送. 사람이나 물건을 기차나 자동차, 배, 항공기 따위에 실어 다른 곳으로 옮김",N,,,,8차(2025-11),,,
수수료,FEE,Fee,手數料. 어떤 일을 맡아 처리해 준 데 대한 대가로서 주는 요금,Y,요금,,,2차(2020-12),,,
수수료율,CMRT,Commission Rate,手數料率. 어떤 일을 맡아 처리해 준 데 대한 대가로서 주는 요금를 매기는데 적용하는 비율,Y,율,,,6차(2023-11),,,
수술,SRGR,Surgery,"手術. 피부나 점막, 기타의 조직을 의료 기계를 사용하여 자르거나 째거나 꿰매거나 하는 일",N,,,,7차(2024-11),,,
수습,PRBT,Probation,修習. 학업이나 실무 따위를 배워 익힘. 또는 그런 일,N,,,,7차(2024-11),,,
수신,RCPTN,Reception,受信. 우편이나 전보 따위의 통신을 받음,N,,,받는,1차(2020-08),,,
수신자,RCVR,Receiver,受信者. 우편이나 전보 따위의 통신이나 유선 또는 무선 통신에서 신호를 받는 사람,N,,수신인,,2차(2020-12),,,
수신처,RCOFC,Receiving Office,受信處. 우편이나 전보 따위의 통신을 받는 장소,N,,,,6차(2023-11),,,
수심,WTDPT,Water Depth,"水深. 강이나 바다, 호수 따위의 물의 깊이",Y,수,,,8차(2025-11),,,
수압,WTPRS,Water Pressure,水壓. 물의 압력,Y,수,,,8차(2025-11),,,
수업,LSN,Lesson,授業. 교사가 학생에게 지식이나 기능을 가르쳐 줌. 또는 그런 일,N,,,,8차(2025-11),,,
수업료,TTFE,Tuition Fee,授業料. 수업의 대가로 학생이 내는 돈,Y,금액,,,7차(2024-11),,,
수여,CNFR,Conferment,"授與. 증서, 상장, 훈장 따위를 줌",N,,,,7차(2024-11),,,
수요,DMD,Demand,需要. 어떤 재화나 용역을 일정한 가격으로 사려고 하는 욕구,N,,,,6차(2023-11),,,
수요량,DMDQTY,Demand Quantity,需要量. 수요의 크기를 나타내는 양,Y,수,,,8차(2025-11),,,
수요일,WED,Wednesday,水曜日. 월요일을 기준으로 한 주의 셋째 날,N,,,,7차(2024-11),,,
수요처,DMNPL,Demand Place,"需要處. 재화나 용역 등 어떤 물건이나 서비스를 필요로 하거나 요구하는 장소 또는 기관, 단체",N,,,,8차(2025-11),,,
수용,ACTC,Acceptance,受容. 어떠한 것을 받아들임,N,,,,6차(2023-11),,,
수위,WTLV,Water Level,"水位. 강, 바다, 호수, 저수지 따위의 물의 높이",Y,수,,,8차(2025-11),,,
수은,MRCR,Mercury,水銀. 상온에서 유일하게 액체 상태로 있는 은백색의 금속 원소,N,,,,8차(2025-11),,,
수의계약,PVCT,Private Contract,隨意契約. 경쟁이나 입찰에 의하지 않고 상대편을 임의로 선택하여 체결하는 계약,N,,,,6차(2023-11),,,
수익,RVN,Revenue,收益. 이익을 거두어들임 또는 그 이익,Y,금액,,,8차(2025-11),,,
수익률,ERNRT,Earnings Rate,"收益率. 자본에 대한 수익의 비율. 일정한 단위의 자본으로 어느 정도의 이익을 얻을 수 있는가를 나타내는 것으로, 기업의 수익성을 나타낸다",Y,율,,,6차(2023-11),,,
수익자,BNFR,Benefiter,受益者. 이익을 얻는 사람,N,,,,6차(2023-11),,,
수임,ACAP,Acceptance Of Appointment,受任. 임무나 위임을 받음,N,,,,7차(2024-11),,,
수임자,APNTE,Appointee,受任者. 위임 계약에 의하여 맡은 일을 처리할 의무를 지는 사람,N,,,,8차(2025-11),,,
수입,INCM,Income,收入. 돈이나 물품 따위를 거두어들임. 또는 그 돈이나 물품,N,,,,2차(2020-12),,,
수입국가,IMPCN,Importing Country,輸入國家. 다른 나라로부터 상품이나 기술 따위를 국내로 사들인 나라,N,,,,8차(2025-11),,,
수입업자,IMTR,Importer,輸入業者. 수입하는 일을 직업으로 하는 사람,N,,,,8차(2025-11),,,
수입업체,IMPTR,Importer,輸入業體. 다른 나라로부터 상품이나 기술 따위를 국내로 사들이는 업체,N,,,,5차(2022-07),,,
수입항,POE,Port Of Entry,輸入港. 다른 나라의 화물을 수입하는 항구,N,,,,6차(2023-11),,,
수작업,HNWK,Hand Work,手作業. 손으로 직접 하는 작업,N,,,,7차(2024-11),,,
수전,PWRCV,Power Receiving,受電. 보내진 전력을 받는 일,N,,,,8차(2025-11),,,
수정,MDFCN,Modification,修正. 바로잡아 고침,N,,,,1차(2020-08),,,
수정자,MDFR,Modifier,修正者. 바로 잡아 고친 사람,N,,수정인,,2차(2020-12),,,
수종,TRSPC,Tree Species,樹種. 나무의 종류나 종자,N,,,,6차(2023-11),,,
수주,RCVORD,Receiving An Order,受注. 주문을 받음,N,,,,8차(2025-11),,,
수준,LEVEL,Level,水準. 사물의 가치나 질 따위의 기준이 되는 일정한 표준이나 정도,N,,,,8차(2025-11),,,
수진자,MDEXME,Medical Examinee,受診者. 의사로부터 진료를 받는 사람,N,,,,7차(2024-11),,,
수집,CLCT,Collection,蒐集. 취미나 연구를 위하여 여러 가지 물건이나 재료를 찾아 모음. 또는 그 물건이나 재료,N,,,,1차(2020-08),,,
수집자,COLCTR,Collector,蒐集者. 취미나 연구를 위하여 여러 가지 물건이나 재료를 찾아 모으는 사람,N,,,,8차(2025-11),,,
수첩,PCBK,Pocket Book,手帖. 몸에 지니고 다니며 아무 때나 간단한 기록을 하는 조그마한 공책,N,,,,8차(2025-11),,,
수출,EXP,Export,輸出. 국내의 상품이나 기술을 외국으로 팔아 내보냄,N,,,,6차(2023-11),,,
수취인,ADDRSE,Addressee,受取人. 서류나 물건을 받는 사람,N,,,,4차(2021-12),,,
수치,NVL,Numerical Value,數値. 계산하여 얻은 값 또는 수식의 문자 대신에 넣는 수,Y,수,,,7차(2024-11),변경,공통표준단어 설명,유관 단어와의 통일성 및 적합성을 고려하여 설명 수정
수탁,TRST,Trust,受託. 다른 사람의 의뢰나 부탁을 받음 또는 그런 일,N,,,,6차(2023-11),,,
수탁자,TRSTE,Trustee,受託者. 남의 부탁을 받거나 남의 물건 따위를 맡은 사람,N,,,,8차(2025-11),,,
수표,CHECK,Check,手票. 은행에 당좌 예금을 가진 사람이 소지인에게 일정한 금액을 줄 것을 은행 등에 위탁하는 유가 증권,N,,,,6차(2023-11),,,
수행,FLFMT,Fulfillment,遂行. 생각하거나 계획한 대로 일을 해냄,N,,,,4차(2021-12),,,
수행자,PRFMR,Performer,遂行者. 임무를 실제로 수행하여 완수하는 사람,N,,,,8차(2025-11),,,
수험,TKEXM,Taking an Exam,受驗. 시험을 치름,N,,,,6차(2023-11),,,
수험자,EXMNE,Examinee,受驗者. 시험을 치르는 사람,N,,,,2차(2020-12),,,
수혜,BNFT,Benefit,受惠. 은혜를 입음 또는 혜택을 받음,N,,,,8차(2025-11),,,
수혜자,BNFCR,Beneficiary,受惠者. 혜택을 받는 사람,N,,,,6차(2023-11),,,
수화자,RCVER,Receiver,受話者. 전화를 받는 사람,N,,,,8차(2025-11),,,
숙박,LDG,Lodge,宿泊. 여관이나 호텔 따위에서 잠을 자고 머무름,N,,,,6차(2023-11),,,
숙소,ACMD,Accommodations,宿所. 집을 떠난 사람이 임시로 묵음. 또는 그런 곳,N,,,,7차(2024-11),,,
순간,MMNT,Moment,瞬間. 아주 짧은 동안,N,,,,7차(2024-11),,,
순매출,NSLS,Net Sales,"純賣出. 총매출에 각종 공제 항목(할인, 반품 등)을 차감한 실제 매출액",N,,,,8차(2025-11),,,
순서,SEQ,Sequence,"順序. 정하여진 기준에서 말하는 전후, 좌우, 상하 따위의 차례 관계",Y,순서,,,6차(2023-11),,,
순수,PRTY,Purity,純粹. 전혀 다른 것의 섞임이 없음,N,,,,8차(2025-11),,,
순위,RNK,Ranking,順位. 차례나 순서를 나타내는 위치나 지위,Y,수,,,7차(2024-11),,,
순이익,NETPF,Net Profit,"純利益. 총이익에서 영업비, 잡비 따위의 총비용을 빼고 남은 순전한 이익",Y,금액,,,6차(2023-11),,,
순이익률,NPRT,Net Profit Rate,"純利益率. 총이익에서 영업비, 잡비 따위의 총비용을 빼고 남은 순전한 이익의 비율",Y,율,,,8차(2025-11),,,
순자본,NCPT,Net Capital,"純資本. 전체 자본에서 부동산처럼 유동성이 없는 자산을 빼고, 후순위 차입금과 증권 거래 준비금을 더한 것",N,,,,8차(2025-11),,,
순자산,NAST,Net Assets,"純資産. 기업의 소유자가 출자한 자본과 기업 내부에 축적된 적립금, 준비금 따위의 유보 자본을 합한 자본",N,,,,6차(2023-11),,,
순톤수,NTON,Net Tonnage,"純ton數. 배의 용적을 나타내는 톤수의 하나로 총톤수 중에서 선원실, 해도실, 기관실, 물탱크 따위를 빼고 오로지 짐만을 실을 수 있는 공간을 나타낸다",Y,수,,,8차(2025-11),,,
순항,CRSNG,Cruising,順航. 순조롭게 항행함 또는 그런 항행,N,,,,8차(2025-11),,,
숨김,HIDE,Hide,숨김. 내용이나 화면을 볼 수 없도록 하는 것,N,,,,7차(2024-11),,,
스크랩,SCRP,Scrap,"Scrap. 필요한 자료만 모아 나중에 쉽게 찾아보기 위해 신문, 잡지 따위에서 글이나 사진을 오려 모음. 또는 그렇게 모아진 자료",N,,,,7차(2024-11),,,
스키마,SCHM,Schema,"Schema. 데이터베이스에 존재하는 자료의 구조 및 내용 그리고 이러한 자료들에 대한 논리적, 물리적 특성에 대한 정보들을 표현하는 데이터베이스의 논리적 구조",N,,,,6차(2023-11),,,
스킨,SKN,Skin,"Skin. 컴퓨터에서, 프로그램이나 게임 캐릭터 등을 위한 사용자의 화면 모양을 변경하는 데 사용되는 그래픽 파일이나 음성 파일",N,,,,8차(2025-11),,,
스팸,SPAM,Spam,"Spam. 인터넷을 이용하여 다수의 수신인에게 무작위로 발송된 이메일 메시지, 또는 다수의 뉴스 그룹에 일제히 게재된 뉴스 기사",N,,,,7차(2024-11),,,
습도,HUM,Humidity,濕度. 공기 가운데 수증기가 들어 있는 정도,Y,수,,,7차(2024-11),,,
승강기,ELVTR,Elevator,昇降機. 동력을 사용하여 사람이나 화물을 아래위로 나르는 장치,N,,,,5차(2022-07),,,
승계,SCSN,Succession,承繼. 선임자의 뒤를 이어받음,N,,,,6차(2023-11),,,
승급,ADVN,Advancement,昇級/陞級. 급수나 등급이 오름,N,,,,7차(2024-11),,,
승선,EMKT,Embarkation,乘船. 배를 탐,N,,,,6차(2023-11),,,
승소,WNLW,Winning A Lawsuit,勝訴. 소송에서 이기는 일,N,,,,8차(2025-11),,,
승수,MLTPR,Multiplier,乘數. 어떤 수에 곱하는 수,Y,수,,,8차(2025-11),,,
승용,PSNGR,Passenger,乘用. 사람이 타고 다니는 데 씀. 또는 그런 것,N,,,,5차(2022-07),,,
승인,APRV,Approval,承認. 어떤 사실을 마땅하다고 받아들임. 어떤 특정한 행위에 대하여 행하는 승낙이나 동의,N,,,,1차(2020-08),,,
승인자,AUTZR,Authorizer,承認者. 승인을 하는 권한을 가졌거나 승인을 한 사람이나 조직,N,,,,4차(2021-12),,,
승진,PRMT,Promotion,昇進/陞進. 직위의 등급이나 계급이 오름,N,,,,7차(2024-11),,,
승차,RIDE,Ride,乘車. 차를 탐,N,,,,7차(2024-11),,,
승차정원,RDCPCT,Ride Capacity,乘車定員. 자동차에 승차할 수 있도록 허용된 최대인원(운전자를 포함한다)을 말한다,N,,,,5차(2022-07),,,
시가,MPRC,Market Price,市價. 시장에서 상품이 매매되는 가격,N,,,,7차(2024-11),,,
시각,TM,Time,"時刻. 시간상의 한 순간을 시, 분, 초로 표기. 시간의 어느 한 시점",Y,시분초,,,1차(2020-08),,,
시간,HR,Hour,時間. 어떤 시각에서 어떤 시각까지의 사이,Y,시분초,,,2차(2020-12),,,
시간외,OVTM,Overtime,時間外. 정하여져 있는 시간 이외의 어떤 것,N,,,,6차(2023-11),,,
시공,CNST,Construct,施工. 공사를 시행함,N,,,,6차(2023-11),,,
시공자,BLDR,Builder,施工者. 공사를 맡아서 행하는 사람 또는 회사,N,,,,4차(2021-12),,,
시군,SIGUN,Si/Gun,市郡. 시와 군을 아울러 이르는 말,N,,,,4차(2021-12),,,
시군구,SGG,Si/Gun/Gu,"市郡區. 행정 구역 단위인 ‘시’와, ‘군’과, ‘구’를 아울러 이르는 말",N,,,,2차(2020-12),,,
시급,HRWG,Hourly Wage,時給. 노동한 시간에 따라 지급되는 임금,N,,,,8차(2025-11),,,
시기,TMNG,Timing,始期. 어떤 일이 시작되는 때,N,,,,8차(2025-11),,,
시나리오,SCNR,Scenario,Scenario. 어떤 사건에서 일어날 수 있는 여러 가지 가상적인 결과나 그 구체적인 과정,N,,,,6차(2023-11),,,
시도,CTPV,Cities And Provinces,市道. 행정 구역으로 나눈 시와 도,N,,,,2차(2020-12),,,
시력,EYSG,Eyesight,視力. 물체의 존재나 형상을 인식하는 눈의 능력,Y,수,,,8차(2025-11),,,
시료,SPCM,Specimen,"試料. 시험, 검사, 분석 따위에 쓰는 물질이나 생물",N,,,,5차(2022-07),,,
시뮬레이션,SMLT,Simulation,Simulation. 복잡한 문제나 사회 현상 따위를 해석하고 해결하기 위하여 실제와 비슷한 모형을 만들어 모의적으로 실험하여 그 특성을 파악하는 일,N,,,,6차(2023-11),,,
시분,HM,Hour And Minute,時分. 시간의 단위인 시와 분을 아울러 이르는 말,Y,시분,,,6차(2023-11),,,
시설,FCLT,Facilities,"施設. 도구, 기계, 장치 따위를 베풀어 설비함. 또는 그런 설비",N,,,,5차(2022-07),,,
시설면적,FCAR,Facility Area,"施設面積. 하나의 부지 안에 있는 바닥 면적으로, 주차를 위한 바닥 면적을 제외하고, 공용 면적을 포함한 바닥 면적을 합한 면적",Y,면적,,,2차(2020-12),,,
시설물,FCLTY,Facility,施設物. 베풀어 차려 놓은 구조물,N,,,,6차(2023-11),,,
시스템,SYS,System,System. 필요한 기능을 실현하기 위하여 관련 요소를 어떤 법칙에 따라 조합한 집합체,N,,,,4차(2021-12),,,
시운전,TSTRN,Test Run,"試運轉. 기차, 배, 자동차, 기계 따위를 새로 만들거나 수리하였을 때에 실제로 사용하기 전에 시험 삼아 하는 운전",N,,,,8차(2025-11),,,
시작,BGNG,Beginning,始作. 어떤 일이나 행동의 처음 단계를 이루거나 그렇게 하게 함. 또는 그 단계,N,,,,1차(2020-08),,,
시장,MRKT,Market,市場. 여러 가지 상품을 사고파는 일정한 장소,N,,,,6차(2023-11),,,
시정,CRC,Correction,是正. 잘못된 것을 바로잡음,N,,,,7차(2024-11),,,
시행,ENFC,Enforcement,施行. 실지로 행하거나 법령을 공포한 뒤에 그 효력을 실제로 발생시키는 일,N,,,,1차(2020-08),변경,공통표준단어 설명,유관 단어와의 통일성 및 적합성을 고려하여 설명 수정
시행사,IMPCO,Implementing Company,"施行社. 어떤 사업을 시행할 때, 모든 사업 부문의 전 과정을 책임지고 관리하는 회사",N,,,,8차(2025-11),,,
시행자,DVLR,Developer,施行者. 일이나 사업 따위를 실지로 행하는 개인이나 사업자,N,,,,4차(2021-12),,,
시험,TEST,Test,試驗. 재능이나 실력 따위를 일정한 절차에 따라 검사하고 평가하는 일,N,,테스트,,4차(2021-12),,,
식당,RSTRNT,Restaurant,食堂. 건물 안에 식사를 할 수 있게 시설을 갖춘 장소,N,,,,8차(2025-11),,,
식물,PLNT,Plant,植物. 생물계의 두 갈래 가운데 하나. 대체로 이동력이 없고 체제가 비교적 간단하여 신경과 감각이 없고 셀룰로스를 포함한 세포벽과 세포막이 있다,N,,,,7차(2024-11),,,
식별,IDNTF,Identification,識別. 분별하여 알아봄,N,,,,5차(2022-07),,,
식별자,IDNTFR,Identifier,"識別子. 사람, 사물, 개체, 정보 등을 다른 것과 구별하기 위해 부여하는 고유한 이름이나 번호",N,,,,8차(2025-11),,,
식비,FDEXP,Food Expenses,食費. 먹는 데 드는 돈,Y,비용,,,7차(2024-11),,,
식사,MEAL,Meal,食事. 끼니로 음식을 먹음. 또는 그 음식,N,,,,6차(2023-11),,,
식품,FOOD,Food,食品. 사람이 일상적으로 섭취하는 음식물을 통틀어 이르는 말,N,,,,5차(2022-07),,,
신고,DCLR,Declaration,申告. 국민이 법령의 규정에 따라 일정한 사실을 진술ㆍ보고함,N,,,,1차(2020-08),,,
신고자,DCL,Declarer,申告者. 신고하는 자,N,,신고인,,2차(2020-12),,,
신규,NEW,New,新規. 새로이 하는 일,N,,,,1차(2020-08),,,
신기술,NTCH,New Technology,新技術. 새로운 기술,N,,,,7차(2024-11),,,
신문,NWSP,Newspaper,新聞. 새로운 소식이나 견문,N,,,,8차(2025-11),,,
신용,CRDT,Credit,信用. 사람이나 사물이 틀림없다고 믿어 의심하지 아니함 또는 그런 믿음성의 정도,N,,,,6차(2023-11),,,
신용장,LC,Letter Of Credit,信用狀. 은행이 거래하는 편의 의뢰에 의하여 발행하는 신용 보증 문서. 수입업자에 대하여 발행하는 상업 신용장과 해외여행자에 대하여 발행하는 여행 신용장이 있다,N,,,,6차(2023-11),,,
신용카드,CRCD,Credit Card,信用card. 상품이나 서비스의 대금 지급을 은행이 보증하여 일정 기간 뒤에 지급할 수 있도록 하는 신용 판매 제도에 이용되는 카드,N,,,,2차(2020-12),,,
신용평가,CRDRTG,Credit Rating,信用評價. 개인이나 기업의 채무 이행을 위해 요구되는 요인들을 종합적으로 분석하여 신용 상황을 평가하는 것,N,,,,6차(2023-11),,,
신용평가기관,CRBU,Credit Bureau,信用評價機關. 개인이나 기업이 채무 이행을 하는 데 요구되는 요인들을 종합적으로 분석하여 신용 상황을 평가하는 기관,N,,,,6차(2023-11),,,
신원,IDNT,Identity,身元. 개인의 성장 과정과 관련된 자료,N,,,,8차(2025-11),,,
신청,APLY,Apply,申請. 단체나 기관에 어떠한 일이나 물건을 알려 청구함,N,,,,1차(2020-08),,,
신청서,APFR,Application Form,"申請書. 관청이나 기관, 단체에 대하여 어떤 사항을 요청하는 뜻을 나타내는 문서",N,,,,7차(2024-11),,,
신청자,APLCNT,Applicant,"申請者. 관청이나 기관, 단체에 대하여 어떤 사항을 요청하는 사람",N,,신청인,,1차(2020-08),,,
신체,BDY,Body,身體. 사람의 몸,N,,,,7차(2024-11),,,
신탁,TRUST,Trust,信託. 일정한 목적에 따라 재산의 관리와 처분을 남에게 맡기는 일,N,,,,7차(2024-11),,,
실거래,RLTR,Real Transaction,實去來. 실제로 주고받음 또는 실제로 사고팖,N,,,,8차(2025-11),,,
실거주지,RLRSD,Real Residence,實居住地. 실제의 거소(居所)와 주소를 아울러 이르는 말,N,,,,6차(2023-11),,,
실명,RLNM,Real Name,實名. 실제의 이름,N,,,,6차(2023-11),,,
실무자,HWKR,Hands-On Worker,實務者. 실제로 사무를 맡아 처리하는 사람,N,,,,6차(2023-11),,,
실사,ACINSP,Actual Inspection,實査. 실제를 조사하거나 검사함,N,,,,6차(2023-11),,,
실손의료보험,IMIS,Indemnity Medical Insurance,"實損醫療保險. 보험 사고가 발생하였을 때, 피보험자가 실제로 부담한 의료비를 보상해 주는 보험",N,,,,8차(2025-11),,,
실수령,RLRC,Real Receipt,實受領. 노력이나 물품을 제공한 대가로 받는 돈에서 세금이나 경비 따위를 제외하고 실제로 받은 부분을 말함,N,,,,7차(2024-11),,,
실습,PRCTC,Practice,實習. 이미 배운 이론을 토대로 하여 실지로 해 보고 익히는 일,N,,,,7차(2024-11),,,
실시,ENFRC,Enforcement,實施. 실제로 시행함,N,,,,6차(2023-11),,,
실업률,UMRT,Unemployment Rate,失業率. 노동할 의사와 능력을 가진 인구 가운데 실업자가 차지하는 비율,Y,율,,,7차(2024-11),,,
실적,PRFMNC,Performance,實績. 실제로 이룬 업적이나 공적,N,,,,3차(2021-10),,,
실제,ACTL,Actual,實際. 사실의 경우나 형편,N,,,,5차(2022-07),,,
실지급,ACTPY,Actual Payment,實支給. 실제로 돈이나 물품 따위를 정하여진 몫만큼 내줌,N,,,,6차(2023-11),,,
실태,ACCND,Actual Condition,實態. 있는 그대로의 상태. 또는 실제의 모양,N,,,,6차(2023-11),,,
실패,FAIL,Failure,失敗. 일을 잘못하여 뜻한 대로 되지 아니하거나 그르침,N,,,,5차(2022-07),,,
실행,EXCN,Execution,實行 실지로 행함. 컴퓨터를 명령어에 따라서 작동시키는 일,N,,,,1차(2020-08),,,
실효,ACEF,Annul/Cancel Effect,失效. 효력을 잃음,N,,,,8차(2025-11)(폐기후제정),,,
실효세율,EFTXRT,Effective Tax Rate,實效稅率. 법정 세율에 대한 실제의 조세 부담률의 비. 실제의 조세 부담률을 나타내는 지표가 된다,Y,율,,,7차(2024-11),,,
심사,SRNG,Screening,審査. 자세하게 조사하여 등급이나 당락 따위를 결정함,N,,,,1차(2020-08),,,
심사자,JDG,Judge,審査者. 자세히 조사하여 등급이나 당락 따위를 결정짓는 일을 맡은 사람,N,,,,6차(2023-11),,,
심의,DLBR,Deliberation,審議. 심사하고 토의함,N,,,,1차(2020-08),,,
썸네일,THMB,Thumbnail,Thumbnail. 사진을 탐색하면서 알아보기 쉽게 하려고 페이지 전체의 레이아웃을 볼 수 있도록 원래의 커다란 이미지를 작은 이미지로 줄여 화면에 띄운 사진의 축소판,N,,,,6차(2023-11),,,
아동,CHILD,Child,兒童. 나이가 적은 아이,N,,,,8차(2025-11),,,
아이디,ID,ID,"ID. 인터넷에서, 이용자의 신분을 증명할 수 있는 고유의 체계",Y,명,ID,,5차(2022-07),,,
아이콘,ICON,Icon,Icon. 컴퓨터에 제공하는 명령을 문자나 그림으로 나타낸 것,N,,,,6차(2023-11),,,
아이핀번호,IPIN,Internet Personal Identification Number,I-pin番號. 인터넷상에서 주민 등록 번호 대신 아이디와 패스워드를 이용하여 본인 확인을 하는 수단으로 붙인 고유번호,Y,아이핀번호,,,7차(2024-11),,,
아파트,APT,Apartment,Apartment. 공동 주택 양식의 하나. 오 층 이상의 건물을 층마다 여러 집으로 일정하게 구획하여 각각의 독립된 가구가 생활할 수 있도록 만든 주거 형태,N,,,,5차(2022-07),,,
아황산가스,SPDX,Sulphur Dioxide,"亞黃酸Gas. 사가(四價) 황의 산화물. 황이나 황화합물을 태울 때 생기는 독성이 있는 무색의 기체로, 자극적인 냄새가 나며, 산성비의 원인이 되는 공해 물질이다",N,,,,7차(2024-11),,,
악성,MLGN,Malignant,惡性. 악한 성질,N,,,,6차(2023-11),,,
안건,AGND,Agenda,案件. 토의하거나 조사하여야 할 사실,N,,,,5차(2022-07),,,
안내,GD,Guide,案內. 어떤 내용을 소개하여 알려 줌 또는 그런 일,N,,,,6차(2023-11),,,
안내문,GDNTC,Guidance Notice,案內文. 어떤 내용을 소개하여 알려 주는 글,N,,,,6차(2023-11),,,
안분,PRDV,Proportional Division,按分. 일정한 비율에 따라 고르게 나눔,N,,,,6차(2023-11),,,
안전,SFTY,Safety,安全. 위험이 생기거나 사고가 날 염려가 없음. 또는 그런 상태,N,,,,7차(2024-11),,,
안전모,SFHLM,Safety Helmet,"安全帽. 공장·작업장 또는 운동 경기 따위에서, 머리가 다치는 것을 막기 위하여 쓰는 모자",N,,,,8차(2025-11),,,
안전화,SFSHS,Safety Shoes,安全靴. 공장이나 공사 현장 따위에서 재해의 발생을 막기 위하여 신는 신,N,,,,8차(2025-11),,,
안테나,ATN,Antenna,"Antenna. 공중에 세워서 다른 곳에 전파를 내보내거나 다른 곳의 전파를 받아들이는, 도선(導線)으로 된 장치",N,,,,8차(2025-11),,,
알람,ALRM,Alarm,Alarm. 미리 정하여 놓은 시각에 울리거나 위험 따위를 알리도록 설정하는 장치 또는 그 소리,N,,,,6차(2023-11),,,
알림,NOTI,Notification,알림. 알게 하는 일 또는 그 내용,N,,,,8차(2025-11),,,
알림톡,NTTLK,Notification Talk,알림TALK. 고객이 반드시 알아야 할 정보를 신속하고 신뢰성 있게 전달할 수 있도록 한 비즈니스 메시지,N,,,,8차(2025-11),,,
암모니아,AMN,Ammonia,Ammonia. 질소와 수소의 화합물,N,,,,8차(2025-11),,,
암호화,ENCPT,Encryption,暗號化. 통신할 내용을 일정한 체계에 따라 암호로 바꿈,N,,,,5차(2022-07),,,
암호화계좌번호,ENACNO,Encrypted Account Number,暗號化計座番號. 금융 기관 등에 예금하려고 설정한 개인 명의 또는 법인 명의 계좌에 부여하는 식별 번호를 암호화한 값,Y,암호화번호,,,7차(2024-11),,,
암호화법인등록번호,ENCRNO,Encrypted Corporation Registration Number,暗號化法人登錄番號. 법인의 부동산등기용 등록번호를 암호화한 값,Y,암호화번호,,,7차(2024-11),,,
암호화비밀번호,ENPSWD,Encrypted Password,"暗號化秘密番號. 은행이나 컴퓨터 시스템 따위에서, 보안을 위하여 미리 약정하여 쓰는 개인 고유의 문자열을 암호화한 값",Y,암호화번호,,,7차(2024-11),,,
암호화사업자등록번호,ENBRNO,Encrypted Business Registration Number,暗號化事業者登錄番號. 사업자 등록을 할 때 국세청에서 전산 시스템에 따라 자동으로 부여하는 번호를 암호화한 값,Y,암호화번호,,,7차(2024-11),,,
암호화전화번호,ENTLNO,Encrypted Telephone Number,暗號化電話番號. 가입된 전화마다 매겨져 있는 일정한 번호를 암호화한 값,Y,암호화번호,,,8차(2025-11),,,
암호화주민등록번호,ENRRNO,Encrypted Resident Registration Number,暗號化住民登錄番號. 주민등록을 할 때 국가에서 국민에게 부여하는 고유번호를 암호화한 값,Y,암호화번호,,,7차(2024-11),,,
암호화키,ENKY,Encryption Key,暗號化key. 데이터를 암호화하고 다시 원래의 데이터로 복호화하는 데 사용되는 중요한 값,Y,암호화번호,,,8차(2025-11),,,
암호화휴대전화번호,ENMTNO,Encrypted Mobile Telephone Number,暗號化携帶電話番號. 손에 들거나 몸에 지니고 다니면서 걸고 받을 수 있는 무선 전화기에 매겨져 있는 일정한 번호를 암호화한 값,Y,암호화번호,,,8차(2025-11),,,
압력,PRSR,Pressure,壓力. 두 물체가 접촉면을 경계로 하여 서로 그 면에 수직으로 누르는 단위 면적에서의 힘의 단위,Y,수,,,8차(2025-11),,,
압류,SZR,Seizure,押留. 집행 기관에 의하여 채무자의 특정 재산에 대한 처분이 제한되는 강제 집행,N,,,,2차(2020-12),,,
압류물,SZATC,Seized Article,押留物. 국가 기관이 사인의 처분이나 처분할 권리의 행사를 못 하도록 하는 물품,N,,,,8차(2025-11),,,
압류자,SZATHR,Seizing Authority,押留者. 법적 절차에 따라 타인의 재산을 압류하는 권한을 가진 사람 또는 기관,N,,,,8차(2025-11),,,
압축,CMPRS,Compression,壓縮. 물질 따위에 압력을 가하여 그 부피를 줄임,N,,,,6차(2023-11),,,
앞자리,FRDGT,Front Digit,앞자리. 앞쪽에 있는 자리,N,,,,7차(2024-11),,,
애로,DFCL,Difficulty,隘路. 어떤 일을 하는 데 장애가 되는 것,N,,,,7차(2024-11),,,
액면가,FVAL,Face Value,額面價. 화폐나 유가 증권 따위의 표면에 적힌 가격,Y,가격,액면가격,,6차(2023-11),,,
앱버전,APVER,App Version,App Version. 특정 시점에 개발된 앱의 상태를 식별하기 위한 고유한 번호,N,,,,8차(2025-11),,,
야간,NGHT,Night,夜間. 해가 진 뒤부터 먼동이 트기 전까지의 동안,N,,,,6차(2023-11),,,
약관,TRMS,Terms,約款. 계약의 당사자가 다수의 상대편과 계약을 체결하기 위하여 일정한 형식에 의하여 미리 마련한 계약의 내용,N,,,,3차(2021-10),,,
약국,PMCY,Pharmacy,藥局. 약사가 약을 조제하거나 파는 곳,N,,,,6차(2023-11),,,
약도,SMAP,Sketch Map,略圖. 간략하게 줄여 주요한 것만 대충 그린 도면이나 지도,N,,,,8차(2025-11),,,
약력,BRSM,Brief Resume,略歷. 간략하게 적은 이력,N,,,,8차(2025-11),,,
약어,ABBR,Abbreviation,略語. 단어의 일부분이 줄어든 것,N,,,,6차(2023-11),,,
약점,WKPT,Weak Point,弱點. 모자라서 남에게 뒤떨어지거나 떳떳하지 못한 점,N,,,,8차(2025-11),,,
약정,STPL,Stipulation,約定. 어떤 일을 약속하여 정함,N,,,,6차(2023-11),,,
약정회차,INSTNO,Installment Number,"約定回次. 계약, 약정, 분납, 분할납부 등에서 미리 정해진 차례 또는 일정한 분할 지급의 순서",N,,,,8차(2025-11),,,
약품,MDCN,Medicine,藥品. 병이나 상처 따위를 고치거나 예방하기 위하여 먹거나 바르거나 주사하는 물질,N,,,,6차(2023-11),,,
양도,CNVYN,Conveyance,讓渡. 재산이나 물건을 남에게 넘겨줌 또는 그런 일,N,,,,6차(2023-11),,,
양도인,TRSFR,Transferor,"讓渡人. 권리, 재산, 법률에서의 지위 따위를 남에게 넘겨주는 사람",N,,,,7차(2024-11),,,
양력,SLCL,Solar Calendar,陽曆. 우리나라의 공식 역법으로 태양력의 일종인 그레고리력을 받아들인 것,N,,,,6차(2023-11),,,
양성화,LGLZTN,Legalization,陽性化. 어떤 사물 현상이 겉으로 드러남. 또는 사물 현상을 드러나게 함,N,,,,5차(2022-07),,,
양수,AQST,Acquisition,讓受. 사물을 다른 사람에게서 넘겨받음,N,,,,8차(2025-11),,,
양수량,PPQTY,Pumping Quantity,揚水量. 끌어 올린 물의 양,Y,수,,,8차(2025-11),,,
양수인,GRNE,Grantee,"讓受人. 타인의 권리, 재산, 법률에서의 지위 따위를 넘겨받는 사람",N,,,,7차(2024-11),,,
양식,FORM,Form,樣式. 일정한 모양이나 형식,N,,,,6차(2023-11),,,
양육,BRUP,Bringing-Up,養育. 아이를 보살펴서 자라게 함,N,,,,7차(2024-11),,,
양육비,RREXP,Rearing Expense,養育費. 양육하는 데 드는 비용,Y,비용,,,8차(2025-11),,,
어선,FSBT,Fishing Boat,漁船. 고기잡이를 하는 배,N,,,,7차(2024-11),,,
어업,FSHR,Fishery,"漁業. 영리를 목적으로 물고기, 조개, 김, 미역 따위를 잡거나 기르는 산업 또는 그런 직업",N,,,,8차(2025-11),,,
어음,PRMNT,Promissory Note,어음. 일정한 금액을 일정한 날짜와 장소에서 치를 것을 약속하거나 제삼자에게 그 지급을 위탁하는 유가 증권,N,,,,6차(2023-11),,,
어장,FSHRY,Fishery,漁場/漁帳. 고기잡이를 하는 곳 또는 고기잡이 장치의 하나,N,,,,8차(2025-11),,,
어종,FSSP,Fish Species,魚種. 물고기의 종류,N,,,,8차(2025-11),,,
어학,LNGS,Linguistics,"語學. 어떤 나라의 언어, 특히 문법을 연구하는 학문",N,,,,8차(2025-11),,,
어항,FSPT,Fishing Port,"漁港. 어선이 정박하고, 출어 준비와 어획물의 양륙을 하는 항구",N,,,,8차(2025-11),,,
언론,PRS,Press,言論. 개인이 말이나 글로 자기의 생각을 발표하는 일 또는 그 말이나 글,N,,,,8차(2025-11),,,
언론사,PRESS,Press,"言論社. 언론을 담당하는 회사. 신문사, 방송국 따위가 있다",N,,,,7차(2024-11),,,
언어,LANG,Language,"言語. 생각, 느낌 따위를 나타내거나 전달하는 데에 쓰는 음성, 문자 따위의 수단",N,,,,8차(2025-11),,,
업로드,ULD,Upload ,Upload. 컴퓨터 통신망을 통하여 다른 컴퓨터 시스템에 파일이나 자료를 전송하는 일,N,,,,3차(2021-10),,,
업무,TASK,Task,業務. 직장 같은 곳에서 맡아서 하는 일,N,,,,5차(2022-07),,,
업무분장,TSKASN,Task Assignment,業務分掌. 단위 업무의 역할과 책임을 정해서 조직 내의 인력과 자원을 활용도를 높이기 위해 업무를 체계적으로 분류하고 적절하게 배분하는 일,N,,,,7차(2024-11),,,
업종,TPBIZ,Type Of Business,業種. 직업이나 영업의 종류,N,,,,5차(2022-07),,,
업체,BZENTY,Business Entity,業體. 사업이나 기업의 주체,N,,,,5차(2022-07),,,
업태,BZSTAT,Business Status,業態. 영업이나 사업의 실태,N,,,,5차(2022-07),,,
에너지,ENGY,Energy,Energy. 인간이 활동하는 근원이 되는 힘 또는 기본적인 물리량의 하나로 물체나 물체계가 가지고 있는 일을 하는 능력을 통틀어 이르는 말,N,,,,7차(2024-11),변경,공통표준단어 설명,유관 단어와의 통일성 및 적합성을 고려하여 설명 수정
엔진,ENGN,Engine,"Engine. 열에너지, 전기 에너지, 수력 에너지 따위를 기계적인 힘으로 바꾸는 장치",N,,,,8차(2025-11),,,
엔터티,ENTTY,Entity,"Entity. 데이터베이스 설계에서, 실세계에서 개별적으로 인식될 수 있는 것으로 데이터베이스에 저장되는 데이터의 대상이 되는 것",N,,,,6차(2023-11),,,
여객,PSNR,Passenger,"旅客. 기차, 비행기, 배 따위로 여행하는 사람",N,,,,8차(2025-11),,,
여권번호,PNO,Passport Number,旅券番號. 외국을 여행하는 국민에게 정부가 발급한 여권에 기재된 번호,Y,여권번호,,,1차(2020-08),,,
여부,YN,Yes or No,與否. 그러함과 그러하지 아니함,Y,여부,,,1차(2020-08),,,
여비,TRVEXP,Traveling Expenses,旅費. 여행하는 데에 드는 비용,Y,비용,,,7차(2024-11),,,
여성,FML,Female,女性. 성(性)의 측면에서 여자를 이르는 말,N,,,,7차(2024-11),,,
여성기업,FOBIZ,Female-Owned Business,"女性企業. 여성 기업 지원에 관한 법률 제2조에 따라 여성이 소유하거나 경영하고 있으며, 관련 시행령이 정하는 기준에 해당하는 기업",N,,,,6차(2023-11),,,
여행,TRVL,Travel,旅行. 일이나 유람을 목적으로 다른 고장이나 외국에 가는 일,N,,,,8차(2025-11),,,
역량,CPBL,Capability,力量. 어떤 일을 해낼 수 있는 힘,N,,,,7차(2024-11),,,
역분개,RJRNL,Reverse Journalizing,逆分介. 전년도 연말에 실시한 결산 분개 가운데 특정 계정을 당기 초에 정반대로 위치하게 하는 분개,N,,,,7차(2024-11),,,
역종,MSCLS,Military Service Classification,"役種. 병역의 종류로 현역, 예비역, 보충역, 국민역 따위를 칭함",N,,,,8차(2025-11),,,
역할,ROLE,Role,役割. 자기가 마땅히 하여야 할 맡은 바 직책이나 임무,N,,,,6차(2023-11),,,
연간,ANL,Annual,年間. 한 해 동안,N,,,,6차(2023-11),,,
연결,LNKG,Linkage,連結. 사물과 사물을 서로 잇거나 현상과 현상이 관계를 맺게 함. 두 개의 프로그램을 결합하는 일. 또는 그런 방법,N,,링크,,5차(2022-07),,,
연계,LINK,Link,"連繫/聯繫. 어떤 일이나 사람과 관련하여 관계를 맺음. 또는 그 관계, 메인 루틴과 몇 개의 서브루틴을 연결하여 하나의 실행 가능한 프로그램이 되도록 편집하는 일",N,,,,1차(2020-08),,,
연구,RSCH,Research,硏究. 어떤 일이나 사물에 대하여서 깊이 있게 조사하고 생각하여 진리를 따져 보는 일,N,,,,6차(2023-11),,,
연구비,RSCO,Research Cost,硏究費. 어떤 사물을 연구하는 데 드는 비용,Y,비용,,,6차(2023-11),,,
연구원,RSCR,Researcher,硏究員. 연구에 종사하는 사람,N,,,,6차(2023-11),,,
연금,PN,Pension,年金. 국가나 사회에 특별한 공로가 있거나 일정 기간 동안 국가 기관에 복무한 사람에게 해마다 주는 돈,N,,,,6차(2023-11),,,
연기,PSTPN,Postponement,延期. 정해진 기한을 뒤로 물려서 늘림,N,,,,8차(2025-11),,,
연대,SLDT,Solidarity,連帶. 여럿이 함께 무슨 일을 하거나 함께 책임을 짐,N,,,,6차(2023-11),,,
연도,YR,Year,年度. 일정한 기간 단위로서의 그 해,Y,연도,년도,,1차(2020-08),,,
연락,CNTCT,Contact,連絡/聯絡. 어떤 사실을 상대편에게 알림,N,,,,8차(2025-11),,,
연락처,CNPL,Contact Place,連絡處. 연락을 하기 위하여 정해 둔 곳 또는 연락을 주고받을 수 있는 전화번호나 전자 우편 주소 따위,N,,,,7차(2024-11),변경,공통표준단어 설명,유관 단어와의 통일성 및 적합성을 고려하여 설명 수정
연령,AGE,Age,年齡. 사람이나 동ㆍ식물 따위가 세상에 나서 살아온 햇수,Y,수,나이,,2차(2020-12),,,
연료,FUEL,Fuel,"燃料. 연소하여 열, 빛, 동력의 에너지를 얻을 수 있는 물질을 통틀어 이르는 말. 상태에 따라 석탄ㆍ코르크ㆍ연탄ㆍ장작ㆍ숯 따위의 고체 연료, 휘발유ㆍ경유ㆍ타르ㆍ알코올 따위의 액체 연료, 도시가스ㆍ석탄 가스ㆍ천연가스ㆍ수성 가스ㆍ아세틸렌ㆍ수소 따위의 기체 연료가 있다",N,,,,6차(2023-11),,,
연료량,FLQTY,Fuel Quantity,"燃料量. 연소하여 열, 빛, 동력의 에너지를 얻을 수 있는 물질의 양",Y,수,,,7차(2024-11),,,
연료비,FLEXP,Fuel Expenses,燃料費. 연료를 사는 데에 드는 비용,Y,비용,,,8차(2025-11),,,
연말,YREND,Year-End,年末. 한 해의 마지막 무렵,N,,,,8차(2025-11),,,
연말정산,YTXADJ,Year-End Tax Adjustment,"年末精算. 급여 소득에서 원천 과세한 일 년 동안의 소득세에 대하여, 다음 연도 초에 넘거나 모자라는 액수를 정산하는 일",N,,,,7차(2024-11),,,
연봉,ANLSL,Annual Salary,年俸. 일 년 동안에 받는 봉급의 총액,N,,,,6차(2023-11),,,
연식,MDLYR,Model Year,"年式. 기계류, 특히 자동차를 만든 해에 따라 구분하는 방식",Y,수,,,8차(2025-11),,,
연월,YM,Year and Month,年月. 특정 연도와 월을 아울러 이르는 말,Y,연월,년월,,1차(2020-08),,,
연임,RPNTM,Reappointment,連任. 원래 정해진 임기를 다 마친 뒤에 다시 계속하여 그 직위에 머무름,N,,,,7차(2024-11),,,
연장,PRLG,Prolongation,延長. 시간이나 거리 따위를 본래보다 길게 늘림,N,,,,6차(2023-11),,,
연주,PLY,Play,演奏. 악기를 다루어 곡을 표현하거나 들려주는 일,N,,,,8차(2025-11),,,
연차휴가,ANVCT,Annual Vacation,"年次休暇. 해마다 종업원에게 주도록 정하여진 유급 휴가. 근로 기준법에 의하면, 1년 동안 80% 이상 출근한 근로자에게 15일을 주게 되어 있다",N,,,,7차(2024-11),,,
연체,ARG,Arrearage,延滯. 정한 기한에 약속을 지키지 못하고 지체함,N,,,,6차(2023-11),,,
연체료,OVFE,Overdue Fee,延滯料. 기한 안에 이행하여야 할 채무나 납세 따위를 지체하였을 때 밀린 날짜에 따라 더 내는 돈,Y,요금,,,8차(2025-11),,,
연체율,DLQRT,Delinquent Rate,延滯率. 기한 안에 이행하여야 할 채무나 납세 따위를 지체하는 비율,Y,율,,,6차(2023-11),,,
연평균,ANAVG,Annual Average,年平均. 1년을 단위로 하여 내는 평균,N,,,,7차(2024-11),,,
연한,TYRS,Term Of Years,年限. 정하여지거나 경과한 햇수,Y,수,,,8차(2025-11),,,
연혁,CRNCL,Chronicle,沿革. 변천하여 온 과정,N,,,,6차(2023-11),,,
연회비,ANFE,Annual Fee,年會費. 회원으로 가입한 단체나 모임에 회원의 자격을 유지하는 대가로 일 년에 한 번씩 내는 일정액의 돈,Y,비용,,,7차(2024-11),,,
열공급량,HSQTY,Heat Supply Quantity,熱供給量. 에너지 공급지점에서 최종적으로 전달된 총 열의 양,Y,수,,,8차(2025-11),,,
열람,PRSL,Perusal,閱覽. 책이나 문서 등을 죽 훑어보거나 조사하면서 봄,N,,,,3차(2021-10),,,
열람자,RDR,Reader,閱覽者. 책이나 문서 등을 조사하거나 읽는 사람,N,,,,4차(2021-12),,,
열차,TRAIN,Train,列車. 여러 개의 찻간을 길게 이어 놓은 차량. 흔히 전철이나 기차 따위를 이른다,N,,,,7차(2024-11),,,
염분,SALT,Salinity,鹽分. 바닷물 따위에 함유되어 있는 소금기,N,,,,8차(2025-11),,,
영문,ENG,English,英文. 영어로 쓴 글 또는 영어를 표기하는 데 쓰는 문자,N,,영문자,,2차(2020-12),,,
영수증,RECPT,Receipt,領收證. 돈이나 물품 따위를 받은 사실을 표시하는 증서,N,,,,8차(2025-11),,,
영양사,NTRST,Nutritionist,"營養士. 면허를 가지고, 과학적으로 식생활의 영양에 관한 지도를 하는 사람",N,,,,8차(2025-11),,,
영업,SALS,Sales,營業. 영리를 목적으로 하는 사업. 또는 그런 행위,N,,,,6차(2023-11),,,
영업비,BIZEXP,Business Expenses,營業費. 기업의 영업 활동에 드는 비용,Y,비용,,,7차(2024-11),,,
영업소,BIZOFC,Business Office,營業所. 영업 활동을 하는 장소,N,,,,7차(2024-11),,,
영업외비용,NOCO,Non-Operating Cost,營業外費用. 기업의 주요 영업과 직접 관계가 없는 활동에 드는 비용,Y,비용,,,6차(2023-11),,,
영업외수익,NOICM,Non-Operating Income,營業外收益. 기업이 주된 영업 활동에서 얻은 수익 이외의 수익,N,,,,6차(2023-11),,,
영업용,FBU,For Business Use,營業用. 영업에 쓰임 또는 그런 대상,N,,,,8차(2025-11),,,
영업점,SLSBR,Sales Branch,營業店. 영리를 목적으로 하는 가게 또는 상점,N,,,,6차(2023-11),,,
영역,RLM,Realm,"領域. 활동, 기능, 효과, 관심 따위가 미치는 일정한 범위",N,,,,7차(2024-11),,,
영장,WRNT,Warrant,"令狀. 형사 소송법에서, 사람 또는 물건에 대하여 강제 처분의 명령 또는 허가를 내용으로 하여 법원 또는 법관이 발부하는 서류",N,,,,8차(2025-11),,,
영치,CSDY,Custody,"領置. 형사 소송법에서, 국가 기관이 피의자ㆍ피고인 또는 재감자에게 딸린 물건을 보관하거나 처분하는 행위",N,,,,7차(2024-11),,,
영향력,INFL,Influence,影響力. 어떤 사물의 효과나 작용이 다른 것에 미치는 힘 또는 그 크기나 정도,N,,,,8차(2025-11),,,
영화,MOVIE,Movie,映畫. 일정한 의미를 갖고 움직이는 대상을 촬영하여 영사기로 영사막에 재현하는 종합 예술,N,,,,7차(2024-11),,,
예금,SVG,Savings,預金. 일정한 계약에 의하여 은행이나 우체국 따위에 돈을 맡기는 일 또는 그 돈,N,,,,6차(2023-11),,,
예금주,DPSTR,Depositor,"預金主. 금융 기관에 예금을 한 경우, 해당 예금 계좌의 주인이 되는 사람",N,,예금자,,2차(2020-12),,,
예문,EXSNT,Example Sentence,例文. 설명을 위한 본보기나 용례가 되는 문장,N,,,,7차(2024-11),,,
예보,FRCST,Forecast,豫報. 앞으로 일어날 일을 미리 알림. 또는 그런 보도,N,,,,7차(2024-11),,,
예보관,FRCSTR,Forecaster,豫報官. 기상 상태를 예측하여 미리 알리는 일을 전문으로 하는 사람,N,,,,7차(2024-11),,,
예비,RSRV,Reserve,豫備. 필요할 때 쓰기 위하여 미리 마련하거나 갖추어 놓음,N,,,,6차(2023-11),,,
예비력,RSVPW,Reserve Power,豫備力. 어떤 일을 위하여 미리 준비하여 둔 힘이나 역량,N,,,,8차(2025-11),,,
예비비,CNTFND,Contingency Fund,豫備費. 예산을 편성할 때에 예측하기 어려운 예산 외의 지출이나 예산이 부족할 때에 쓰려고 갖추어 두는 비용,Y,비용,,,8차(2025-11),,,
예산,BGT,Budget,豫算. 필요한 비용을 미리 헤아려 계산함. 또는 그 비용,N,,,,2차(2020-12),,,
예산전용,DVSBGT,Diversion Of Budget,豫算轉用. 확정된 예산에서 같은 항(項)에 속하는 목(目)의 금액을 서로 융통하여 사용하는 일,N,,,,7차(2024-11),,,
예상,EXPC,Expect,豫想.어떤 일을 직접 당하기 전에 미리 생각하여 둠 또는 그런 내용,N,,,,6차(2023-11),,,
예수금,DPRCV,Deposits Received,豫受金. 거래에 관계된 선금이나 보증금으로서 임시로 받아서 나중에 돌려줄 금액 또는 그것을 처리하는 계정 과목,Y,금액,,,8차(2025-11),,,
예시,EXM,Example,例示. 예를 들어 보임,N,,,,7차(2024-11),,,
예약,RSVT,Reservation,豫約. 미리 약속함. 또는 미리 정한 약속. 앞으로 일정한 계약을 맺을 것을 미리 약속하여 두는 계약,N,,,,1차(2020-08),,,
예약자,BKR,Booker,豫約者. 예약을 한 사람,N,,,,6차(2023-11),,,
예외,EXCP,Exception,例外. 일반적 규칙이나 정례에서 벗어나는 일,N,,,,6차(2023-11),,,
예정,PRNMNT,Prearrangement,豫定. 앞으로 일어날 일이나 해야 할 일을 미리 정하거나 생각함,N,,,,3차(2021-10),,,
예제,EXRC,Exercise,例題. 내용의 이해를 돕기 위하여 보기로 내는 연습 문제,N,,,,7차(2024-11),,,
예측,PREDC,Prediction,豫測. 미리 헤아려 짐작함,N,,,,6차(2023-11),,,
예치,DEPST,Deposit,預置. 맡겨 둠,N,,,,7차(2024-11),,,
예치금,DPAMT,Deposit Amount,預置金. 맡겨 둔 돈,Y,금액,,,8차(2025-11),,,
예탁,DPSTG,Depositing,預託. 부탁하여 맡겨 둠,N,,,,7차(2024-11),,,
오류,ERR,Error,"誤謬. 그릇되어 이치에 맞지 않는 일 또는 계산값과 참값과의 오차, 컴퓨터 프로그램이나 시스템의 착오",N,,,,1차(2020-08),변경,공통표준단어 설명,유관 단어와의 통일성 및 적합성을 고려하여 설명 수정
오존,OZON,Ozone,Ozone. 3원자의 산소로 된 푸른빛의 기체,N,,,,7차(2024-11),,,
오프라인,OFLN,Offline,Off-Line. 단말기의 입출력 장치 따위가 연결되어 있지 아니하여 중앙 처리 장치의 직접적인 제어를 받지 아니하는 상태,N,,,,8차(2025-11),,,
옥내,INDR,Indoor,屋內. 집 또는 건물의 안,N,,,,5차(2022-07),,,
옥외,OTDR,Outdoor,屋外. 집 또는 건물의 밖,N,,,,5차(2022-07),,,
온도,TP,Temperature,溫度. 따뜻함과 차가움의 정도. 또는 그것을 나타내는 수치,Y,수,,,6차(2023-11),,,
온라인,ONLN,Online,"On-line. 컴퓨터의 단말기가 중앙 처리 장치와 통신 회선으로 연결되어 정보를 전송하고, 중앙 처리 장치의 직접적인 제어를 받는 상태",N,,,,6차(2023-11),,,
온실가스,GRGS,Greenhouse Gas,"溫室Gas. 지구 대기를 오염시켜 온실 효과를 일으키는 가스를 통틀어 이르는 말. 이산화 탄소, 메탄 따위의 가스를 말한다",N,,,,7차(2024-11),,,
완결,CMPLT,Completion,完結. 완전하게 끝을 맺음,N,,,,8차(2025-11),,,
완납,FLPY,Full Payment,完納. 남김없이 완전히 납부함,N,,,,6차(2023-11),,,
완료,CMPTN,Completion,完了. 완전히 끝마침,N,,,,1차(2020-08),,,
완성,FNL,Finalization,完成. 완전히 다 이룸,N,,,,6차(2023-11),,,
완제,FLRPY,Full Repayment,完濟. 채무를 완전히 갚음,N,,,,6차(2023-11),,,
외국,FRCN,Foreign Country,外國. 자기 나라가 아닌 다른 나라,N,,,,8차(2025-11),,,
외국어,FRLAN,Foreign Language,外國語. 다른 나라의 말,N,,,,6차(2023-11),,,
외국인,FRGNR,Foreigner,"外國人. 우리나라의 국적을 갖지 않은 사람으로 법률상의 지위는 원칙적으로 한국인과 동일하지만 참정권, 광업 소유권, 출입국 따위와 관련된 법적 권리에서는 제한을 받음",N,,,,1차(2020-08),,,
외국인등록번호,FRNO,Foreigner Registration Number,外國人登錄番號. 국내에 입국일로 부터 90일을 초과하여 체류하는 외국인에게 부여하는 번호,Y,외국인등록번호,,외국인번호,1차(2020-08),,,
외기,OTAIR,Outside Air,外氣. 바깥의 공기,N,,,,7차(2024-11),,,
외부,OTSD,Outside,外部. 바깥 부분,N,,,,6차(2023-11),,,
외상,ONCR,On Credit,외상. 값은 나중에 치르기로 하고 물건을 사거나 파는 일,N,,,,7차(2024-11),,,
외식,EATOUT,Eat Out,外食. 집에서 직접 해 먹지 아니하고 밖에서 음식을 사 먹음. 또는 그런 식사,N,,,,5차(2022-07),,,
외자,FRCPTL,Foreign Capital,外資. ‘외국 자본’을 줄여 이르는 말,N,,,,6차(2023-11),,,
외주,OTSR,Outsourcing,外注. 자기 회사에서 만들 수 없는 제품이나 부품 따위를 다른 회사에 맡겨 만들게 함 또는 그런 일,N,,,,8차(2025-11),,,
외출,GNOT,Going Out,外出. 집이나 근무지 따위에서 벗어나 잠시 밖으로 나감,N,,,,7차(2024-11),,,
외필지,BYLT,Bylot,外筆地. 대지가 둘 이상의 필지로 이루어진 경우에는 대표되는 지번 외 필지,N,,,,5차(2022-07),,,
외화,FRCNCY,Foreign Currency,外貨. 외국의 돈,N,,,,6차(2023-11),,,
외화계정,FCAC,Foreign Currency Account,"外貨計定. 기업이나 금융기관이 외화로 표시되는 자산, 부채, 수익, 비용 따위를 기록하고 관리하기 위한 회계 계정",N,,,,8차(2025-11),,,
외화전기계정,FCCFAC,Foreign Currency Carried-Forward Account,外貨前期計定. 외화로 표시된 계정 가운데 이전 회계기간에 기록된 금액,N,,,,8차(2025-11),,,
요건,RQMT,Requirement,要件. 필요한 조건,N,,,,7차(2024-11),,,
요구,RQT,Request,要求. 받아야 할 것을 필요에 의하여 달라고 청함. 또는 그 청,N,,,,7차(2024-11),,,
요금,CRG,Charge,料金. 남의 힘을 빌리거나 사물을 사용ㆍ소비ㆍ관람한 대가로 치르는 돈,Y,요금,,,6차(2023-11),,,
요소,ELMN,Element,要素. 사물의 성립이나 효력 발생 따위에 꼭 필요한 성분 또는 근본 조건,N,,,,8차(2025-11),,,
요약,SMRY,Summary,要約. 말이나 글의 요점을 잡아서 간추림,N,,,,6차(2023-11),,,
요양,RCPR,Recuperation,療養. 휴양하면서 조리하여 병을 치료함,N,,,,6차(2023-11),,,
요율,TRF,Tariff,料率. 요금의 정도나 비율,Y,율,,,6차(2023-11),,,
요인,FCTR,Factor,要因. 사물이나 사건이 성립되는 까닭. 또는 조건이 되는 요소,N,,,,8차(2025-11),,,
요일,DOW,Day Of The Week,曜日. 일주일의 각 날을 이르는 말,N,,,,6차(2023-11),,,
요주의,ATNT,Attention,要注意. 각별한 주의가 필요함,N,,,,2차(2020-12),,,
요지,GST,Gist,要旨. 말이나 글 따위에서 핵심이 되는 중요한 내용,N,,,,8차(2025-11),,,
요청,DMND,Demand,要請. 필요한 어떤 일이나 행동을 청함. 또는 그런 청,N,,,,1차(2020-08),,,
요청자,RQSTR,Requester,要請者. 필요한 어떤 일이나 행동을 청한 사람,N,,요청인,,4차(2021-12),,,
욕실,BTHRM,Bathroom,浴室. 목욕할 수 있도록 시설을 갖춘 방,N,,,,6차(2023-11),,,
용도,USG,Usage,用途. 쓰이는 길. 또는 쓰이는 곳,N,,,,5차(2022-07),,,
용도지역,ZNG,Zoning,"用途地域. 토지를 경제적/효율적으로 이용하고 공공복리의 증진을 도모하기 위하여 서로 중복되지 아니하게 도시 관리 계획으로 결정하는 지역. 도시 지역, 관리 지역, 농림 지역, 자연환경 보전 지역으로 나뉘며, 도시 지역은 다시 주거 지역, 상업 지역, 공업 지역, 녹지 지역으로 나뉜다",N,,,,5차(2022-07),,,
용량,CPCT,Capacity,容量. 가구나 그릇 같은 데 들어갈 수 있는 분량,Y,수,,,7차(2024-11),,,
용무,BSNS,Business,用務. 해야 할 일,N,,,,8차(2025-11),,,
용수,USWTR,Using Water,用水. 방화・관개・공업・발전・음료 따위를 위하여 먼 곳에서 물을 끌어옴. 또는 그 물,N,,,,7차(2024-11),,,
용어,TRM,Terminology,用語. 일정한 분야에서 주로 사용하는 말,N,,,,6차(2023-11),,,
용역,LBSVC,Labor Service,用役. 물질적 재화의 형태를 취하지 아니하고 생산과 소비에 필요한 노무를 제공하는 일,N,,,,7차(2024-11),,,
용적률,FART,Floor Area Ratio,容積率. 대지 면적에 대한 건물 연면적(延面積)의 비율,Y,율,,,4차(2021-12),,,
용지,LND,Land,用地. 어떤 일에 쓰기 위한 토지,N,,,,8차(2025-11),,,
우대,PRTRT,Preferential Treatment,優待. 특별히 잘 대우함. 또는 그런 대우,N,,,,8차(2025-11),,,
우리사주조합,ESOA,Employee Stock Ownership Association,우리社株組合. 종업원이 자기 회사의 주식을 차지하고 관리하기 위하여 조직한 조합,N,,,,8차(2025-11),,,
우선,PRRTY,Priority,優先. 다른 것에 앞서 특별하게 대우함,N,,,,7차(2024-11),,,
우수,EXLN,Excellence,優秀. 여럿 가운데 뛰어남,N,,,,7차(2024-11),,,
우체국,PSTOFC,Post Office,"郵遞局. 과학 기술 정보 통신부에 딸려 우편, 우편환, 우편 대체, 체신 예금, 체신 보험, 전신 전화 수탁 업무 따위를 맡아보는 기관",N,,,,6차(2023-11),,,
우측,RGSD,Right Side,右側. 북쪽을 향하였을 때의 동쪽과 같은 쪽,N,,오른쪽,,8차(2025-11),,,
우편,MAIL,Mail,郵便. 우편으로 전달되는 서신이나 물품을 통틀어 이르는 말,N,,,,6차(2023-11),,,
우편물,PSMT,Postal Matter,郵便物. 우편으로 전달되는 서신이나 물품을 통틀어 이르는 말,N,,,,8차(2025-11),,,
우편번호,ZIP,Zip Code,郵便番號. 우편물을 쉽게 분류하기 위하여 과학기술정보통신부에서 지역마다 매긴 번호,Y,우편번호,"기초구역번호, 우편일련번호, 우편번호일련번호",,2차(2020-12),,,
운동,SPORTS,Sports,運動. 사람이 몸을 단련하거나 건강을 위하여 몸을 움직이는 일,N,,,,8차(2025-11),,,
운반,CNVNC,Conveyance,運搬. 물건 따위를 옮겨 나름,N,,,,8차(2025-11),,,
운반비,CRGCO,Carriage Cost,運搬費. 물건 따위를 옮겨 나르는 데 드는 비용,Y,비용,,,8차(2025-11),,,
운송,TRNS,Transportation,運送. 사람을 태워 보내거나 물건 따위를 실어 보냄,N,,,,8차(2025-11),,,
운송비,LGCO,Logistics Cost,運送費. 운반이나 운수 따위의 보수로 받거나 주는 돈,Y,비용,,,7차(2024-11),,,
운송장,WYBL,Waybill,運送狀. 운송인이 화물의 주인에게 물건과 함께 보내는 통지서,N,,,,7차(2024-11),,,
운영,OPER,Operation,"運營. 조직이나 기구, 사업체 따위를 운용하고 경영함. 어떤 대상을 관리하고 운용하여 나감",N,,,,1차(2020-08),,,
운영비,OPEXP,Operation Expense,"運營費. 조직이나 기구, 사업체 따위를 경영하는 데 드는 돈",Y,비용,,,8차(2025-11),,,
운영자,OPTR,Operator,"運營者. 어떤 조직, 시스템, 서비스 또는 사업체를 실제로 관리하고 운영하는 사람 또는 주체",N,,,,8차(2025-11),,,
운영체제,OS,Operating System,運營體系. 컴퓨터의 하드웨어 시스템을 효율적으로 운영하기 위한 소프트웨어,N,,,,6차(2023-11),,,
운용,MNGMT,Management,運用. 무엇을 움직이게 하거나 부리어 씀,N,,,,8차(2025-11),,,
운임,FARE,Fare,運賃. 운반이나 운수 따위의 보수로 받거나 주는 돈,N,,,,6차(2023-11),,,
운전,DRVN,Driving,運轉. 기계나 자동차 따위를 움직여 부림 또는 사업이나 자본 따위를 조절하여 움직임,N,,,,8차(2025-11),,,
운전면허번호,DLN,Driver's License Number,運轉免許番號. 도로에서 자동차나 오토바이 따위를 운전할 수 있는 자격을 관리하기 위해 매긴 번호,Y,운전면허번호,,,2차(2020-12),,,
운전자,DRVR,Driver,運轉者. 자동차를 운전하는 사람,N,,,,6차(2023-11),,,
운항,NVGT,Navigation,運航. 배나 비행기가 정해진 항로나 목적지를 오고 감,N,,,,7차(2024-11),,,
운행,OPR,Operation,運行. 정하여진 길을 따라 차량 따위를 운전하여 다님,N,,,,6차(2023-11),,,
원가,PRMCO,Prime Cost,"原價. 상품의 제조, 판매, 배급 따위에 든 재화와 용역을 단위에 따라 계산한 가격",Y,가격,,,6차(2023-11),,,
원거래,ORGDL,Original Deal,原去來. 해당 건의 기본이 되는 원래의 거래,N,,,,7차(2024-11),,,
원고,PLNTF,Plaintiff,原告. 법원에 민사 소송을 제기한 사람,N,,,,6차(2023-11),,,
원고료,MNSFE,Manuscript Fee,原稿料. 원고를 쓴 데 대한 보수,Y,요금,,,8차(2025-11),,,
원금,PRN,Principal,元金. ‘본전’을 전문적으로 이르는 말,N,,,,6차(2023-11),,,
원도급자,ORGCTR,Original Contractor,原倒給者. 어떤 일에 대해 발주자와 도급 계약을 맺은 사람이나 업체,N,,,,7차(2024-11),,,
원동기,MTR,Motor,"原動機. 자연계에 존재하는 수력, 풍력, 조력 따위의 에너지를 기계적 에너지로 바꾸는 장치",N,,,,8차(2025-11),,,
원료,RMTRL,Raw Material,原料. 어떤 물건을 만드는 데 들어가는 재료,N,,,,8차(2025-11),,,
원리금,PRNINT,Principal And Interest,元利金. 원금과 이자를 합친 돈,Y,금액,,,8차(2025-11),,,
원문,ORGTXT,Original Text,原文. 베끼거나 번역하거나 퇴고한 글에 대한 본래의 글,N,,,,7차(2024-11),,,
원본,ORGNL,Original,原本. 베끼거나 고친 것에 대하여 근본이 되는 서류나 문건 따위,N,,,,4차(2021-12),,,
원부,ORLG,Original Ledger,原簿. 고쳐 만들거나 베끼기 전의 본디의 장부,N,,,,8차(2025-11),,,
원산지,PLOR,The Place of Origin,原産地. 물건의 생산지,N,,,,2차(2020-12),,,
원소유자,ORGOWN,Original Owner,原所有者. 처음부터 어떤 것을 자기의 것으로 가지고 있는 자,N,,,,6차(2023-11),,,
원승인,ORGAPR,Original Approval,原承認. 해당 건의 기본이 되는 원래의 승인,N,,,,7차(2024-11),,,
원인,CS,Cause,原因. 어떤 사물이나 상태를 변화시키거나 일으키게 하는 근본이 된 일이나 사건,N,,,,6차(2023-11),,,
원작자,OATHR,Original Author,原作者. 처음에 지은 사람,N,,원저자,,8차(2025-11),,,
원장,GNLGR,General Ledger,"元帳. 자산이나 부채, 자본의 상태를 표시하는 모든 계정 계좌를 설정하여 분개장에서 분개한 거래를 전부 기록하는 장부",N,,,,6차(2023-11),,,
원천,SOU,Source,源泉. 사물의 근원,N,,,,6차(2023-11),,,
원천징수,WTHD,Withholding,源泉徵收. 소득이나 수익을 지급하는 쪽에서 세금의 일부를 거두어들이는 방법,N,,,,6차(2023-11),,,
원파일,ORGNFL,Original File,原file. 베끼거나 고친 것에 대하여 근본이 되는 하나의 단위로서 처리되는 서로 관련 있는 레코드 집합,N,,,,5차(2022-07),,,
원화,KCUR,Korean Currency,원貨. 원을 화폐 단위로 하는 한국의 화폐,N,,,,6차(2023-11),,,
월,MM,Month,"月. 한 달 동안, 달을 세는 단위",Y,월,,,1차(2020-08),,,
월말,MNEND,Month-End,月末. 그달의 끝 무렵,N,,,,8차(2025-11),,,
월세,MRNT,Monthly Rent,月貰. 집이나 방을 다달이 빌려 쓰는 일 또는 그 돈,N,,,,6차(2023-11),,,
월액,MAMT,Monthly Amount,月額. 달을 단위로 정한 금액,Y,금액,,,8차(2025-11),,,
월요일,MON,Monday,月曜日. 월요일을 기준으로 한 주의 첫째 날,N,,,,7차(2024-11),,,
웹,WEB,Web,"WEB. 동영상이나, 음성 따위의 각종 멀티미디어를 이용하는 인터넷을 이르는 말",N,,,,7차(2024-11),,,
위도,LAT,Latitude,緯度. 지구 위의 위치를 나타내는 좌표축 중에서 가로로 된 것. 적도를 중심으로 하여 남북으로 평행하게 그은 선,Y,위도,,,2차(2020-12),,,
위반,VLTN,Violation,"違反. 법률, 명령, 약속 등을 지키지 않고 어김",N,,위배,,3차(2021-10),,,
위생,SNTT,Sanitation,衛生. 건강에 유익하도록 조건을 갖추거나 대책을 세우는 일,N,,,,8차(2025-11),,,
위약금,PNLT,Penalty,"違約金. 채무를 이행하지 않을 경우, 채무자가 채권자에게 손해 배상 또는 제재(制裁)로서 지급할 것을 미리 약속한 돈",Y,금액,,,6차(2023-11),,,
위원,MBCMT,Member Of Committee,委員. 선거나 임명에 의하여 지명되어 단체의 특정 사항을 처리할 것을 위임 받은 사람,N,,,,6차(2023-11),,,
위원장,CHRPR,Chairperson,委員長. 위원 가운데 우두머리,N,,,,6차(2023-11),,,
위원회,CMT,Committee,"委員會. 일반 행정과는 달리 어느 정도 독립된 분야에서 기획, 조사, 입안, 권고, 쟁송의 판단, 규칙의 제정 따위를 담당하는 합의제 기관",N,,,,6차(2023-11),,,
위임,DLGT,Delegation,委任. 어떤 일을 책임 지워 맡김. 또는 그 책임,N,,,,6차(2023-11),,,
위임자,MNDTR,Mandator,委任者. 다른 사람에게 사무의 처리를 맡기는 사람,N,,,,8차(2025-11),,,
위젯,WDGT,Widget,Widget. 컴퓨터에서 운영체제 위의 응용 프로그램을 동작시키고 결과를 화면에 표시하는 작은 그래픽 사용자 인터페이스(GUI) 도구,N,,,,8차(2025-11),,,
위촉,ENTRST,Entrusting,委囑. 어떤 일을 남에게 부탁하여 맡게 함,N,,,,1차(2020-08),,,
위치,PSTN,Position,位置. 일정한 곳에 자리를 차지함. 또는 그 자리,N,,,,5차(2022-07),,,
위탁,CNSGN,Consign,委託. 남에게 사물이나 사람의 책임을 맡김,N,,,,6차(2023-11),,,
위탁금,TRMNY,Trust Money,委託金. 일정한 계약 아래 남에게 맡겨 둔 돈,Y,금액,,,7차(2024-11),,,
위탁자,CSNR,Consignor,委託者. 일정한 계약 아래 남에게 물건 따위를 맡긴 사람,N,,,,7차(2024-11),,,
위험,RISK,Risk,危險. 해로움이나 손실이 생길 우려가 있음 또는 그런 상태,N,,,,8차(2025-11),,,
유가증권,MSCRT,Marketable Securities,有價證券. 사법상 재산권을 표시한 증권,N,,,,6차(2023-11),,,
유공자,PRMRT,Person Of Merit,有功者. 공로가 있는 사람,N,,,,8차(2025-11),,,
유동,FLTN,Floating,遊動. 자유로이 움직임,N,,,,8차(2025-11),,,
유동부채,CRLBL,Current Liability,流動負債. 기업의 부채 가운데 1년 안에 갚아야 하는 빚,N,,,,6차(2023-11),,,
유동비율,CRRT,Current Ratio,流動比率. 기업의 유동 자산을 유동 부채로 나눈 비율,Y,율,,,6차(2023-11),,,
유동성,LQDTY,Liquidity,流動性. 형편이나 경우에 따라 이리저리 변동될 수 있는 성질,N,,,,8차(2025-11),,,
유동자산,CRAST,Current Asset,流動資産. 짧은 기간 안에 현금으로 바꿀 수 있는 자산,N,,,,6차(2023-11),,,
유료,CHRG,Charged,有料. 요금을 내게 되어 있음,N,,,,7차(2024-11),,,
유류,OIL,Oil,油類. 기름 종류,N,,,,8차(2025-11),,,
유류비,FLCO,Fuel Cost,"油類費. 석유, 등유, 휘발유 따위의 기름 종류를 사는 데 드는 비용",Y,비용,,,6차(2023-11),,,
유류탱크,OLTNK,Oil Tank,"油類Tank. 석유, 등유, 휘발유 따위의 기름을 담아 두는 탱크",N,,,,7차(2024-11),,,
유무,EN,Existence And Nonexistence,有無. 있음과 없음,Y,유무,,,7차(2024-11),,,
유물,RLC,Relic,遺物. 선대의 인류가 후대에 남긴 물건,N,,,,7차(2024-11),,,
유보,DFR,Defer,留保. 어떤 일을 당장 처리하지 아니하고 나중으로 미루어 둠,N,,,,6차(2023-11),,,
유상,CNSDR,Consideration,有償. 어떤 행위에 대하여 보상이 있음,N,,,,8차(2025-11),,,
유선,WRD,Wired,有線. 전선에 의한 통신 방식,N,,,,3차(2021-10),,,
유역면적,DRAR,Drainage Area,"流域面積. 수력 발전에서 분수령으로 둘러싸인, 강우가 집중하는 영역. 지정한 댐, 뚝, 보 따위의 지점에 유출하여 내려오는 지역의 수평 투사 면적이다",Y,면적,,,6차(2023-11),,,
유예,PSTP,Postponement,猶豫. 망설여 일을 결행하지 아니함,N,,,,6차(2023-11),,,
유의,CTN,Caution,留意. 마음에 새겨 두어 조심하며 관심을 가짐,N,,,,6차(2023-11),,,
유입,INFLW,Inflow,流入. 어떤 것이 들어오거나 모여듦,N,,,,8차(2025-11),,,
유입량,IFWAM,Inflow Amount,流入量. 단위 시간 동안 가압 구멍으로 물이나 가스를 압축하여 지층으로 밀어 넣는 양,Y,수,,,8차(2025-11),,,
유지보수,MNTN,Maintenance,"維持補修. 시스템을 항상 최상의 운전 상태로 유지하기 위한 각 장치의 시험, 조정, 수리, 복구 따위의 작업",N,,,,7차(2024-11),,,
유지비,MNTFE,Maintenance Fee,維持費. 무엇을 지니거나 지탱하는 데 드는 비용,Y,비용,,,7차(2024-11),,,
유찰,FLBD,Failure In Bidding,流札. 입찰 결과 낙찰이 결정되지 아니하고 무효로 돌아가는 일. 응찰 가격이 내정 가격에 미달 또는 초과되는 경우에 일어난다,N,,,,7차(2024-11),,,
유출량,OTFQTY,Outflow Quantity,流出量. 일정한 시간 동안 흘러 나간 물 따위의 총량,Y,수,,,8차(2025-11),,,
유치,ATRC,Attraction,誘致. 행사나 사업 따위를 이끌어 들임,N,,,,8차(2025-11),,,
유통,RTL,Retail,流通. 화폐나 물품 따위가 세상에서 널리 쓰임,N,,,,5차(2022-07),,,
유해인자,HMFCT,Harmful Factor,"有害因子. 근로자의 건강장해를 초래하는 화학적 요인(화학물질 등), 물리적 요인(소음・진동・방사선 등), 생물학적 요인(바이러스 등)",N,,,,8차(2025-11),,,
유형,TYPE,Type,類型. 성질이나 특징 따위가 공통적인 것끼리 묶은 하나의 틀. 또는 그 틀에 속하는 것,N,,,,5차(2022-07),,,
유형자산,TGAST,Tangible Assets,有形資産. 고정 자산 가운데 구체적인 형태가 있는 것,N,,,,8차(2025-11),,,
유효,VLD,Validity,"有效. 보람이나 효과가 있음, 법률적 행위가 당사자나 법률이 의도한 본래의 효과가 있음",N,,,,1차(2020-08),,,
육아,CHLDCR,Childcare,育兒. 어린아이를 기름,N,,,,8차(2025-11),,,
윤달,LPMM,Leap Month,閏달. 태음 태양력에서 계절과 역일을 일치시키기 위하여 삽입한 달,N,,,,6차(2023-11),,,
융자금,LNAMT,Loan Amount,融資金. 금융 기관에서 융통하는 돈,Y,금액,,,8차(2025-11),,,
은행,BANK,Bank,"銀行. 예금을 받아 그 돈을 자금으로 하여 대출, 어음 거래, 증권의 인수 따위를 업무로 하는 금융 기관",N,,,,2차(2020-12),,,
음력,LNCL,Lunar Calendar,陰曆. 우리나라의 전통 역법,N,,,,6차(2023-11),,,
음성,VOICE,Voice,音聲. 사람의 목소리나 말소리,N,,,,8차(2025-11),,,
음식,FD,Food,"飮食. 사람이 먹을 수 있도록 만든, 밥이나 국 따위의 물건",N,,,,8차(2025-11),,,
음주,DRNK,Drinking,飮酒. 술을 마심,N,,,,6차(2023-11),,,
음주량,ALCNSM,Alcohol Consumption,飮酒量. 술을 마신 양,N,,,,8차(2025-11),,,
읍면동,EMD,Eup/Myun/Dong,邑面洞. 행정 구역 단위인 ‘읍’과 ‘면’과 ‘동’을 아울러 이르는 말,N,,,,2차(2020-12),,,
응급,EMGC,Emergency,應急. 급한 대로 우선 처리함 또는 급한 정황에 대처함,N,,,,8차(2025-11),,,
응급실,EMRM,Emergency Room,應急室. 병원 같은 데서 환자의 응급 처치를 할 수 있는 시설을 갖추어 놓은 방,N,,,,8차(2025-11),,,
응답,RSPNS,Response,應答. 부름이나 물음에 응하여 답함,N,,,,1차(2020-08),,,
응답자,RSPDNT,Respondent,應答者. 부름이나 물음에 응답하는 사람,N,,,,4차(2021-12),,,
응모,ENTRY,Entry,應募. 모집에 응하거나 지원함,N,,,,7차(2024-11),,,
응시,TKEX,Take An Exam,應試. 시험에 응함,N,,,,7차(2024-11),,,
응용,APLC,Application,應用. 어떤 이론이나 이미 얻은 지식을 구체적인 개개의 사례나 다른 분야의 일에 적용하여 이용함,N,,,,8차(2025-11),,,
의견,OPNN,Opinion ,意見. 어떤 대상에 대하여 가지는 생각,N,,,,3차(2021-10),,,
의견서,WROPN,Written Opinion,意見書. 어떤 의견을 적은 글이나 문서,N,,,,7차(2024-11),,,
의결,DCS,Decision,議決. 의논하여 결정함 또는 그런 결정,N,,,,6차(2023-11),,,
의뢰,RQST,Request,依賴. 굳게 믿고 의지함. 남에게 부탁함,N,,,,1차(2020-08),,,
의뢰인,RQSR,Requestor,依賴人. 남에게 어떤 일을 맡긴 사람,N,,의뢰자,,6차(2023-11),,,
의료,MDLCR,Medical Care,醫療. 의술로 병을 고침. 또는 그런 일,N,,,,4차(2021-12),,,
의료비,MDEXP,Medical Expenses,醫療費. 병을 치료하는 데 드는 돈,Y,비용,,,7차(2024-11),,,
의료인,HCWKR,Healthcare Worker,醫療人. 병을 치료하는 일에 종사하는 사람,N,,,,6차(2023-11),,,
의무,OBLG,Obligation,義務. 사람으로서 마땅히 하여야 할 일. 곧 맡은 직분,N,,,,7차(2024-11),,,
의무자,OBLGR,Obligator,義務者. 하여야 할 의무가 있는 사람,N,,,,7차(2024-11),,,
의미,MNNG,Meaning,意味. 말이나 글의 뜻,Y,내용,,,5차(2022-07),,,
의사,DR,Doctor ,醫師. 일정한 자격을 가지고 병을 고치는 것을 직업으로 하는 사람,N,,,,4차(2021-12),,,
이격,SPRTN,Separation,離隔. 사이가 벌어짐 또는 사이를 벌려 놓음,N,,,,8차(2025-11),,,
이관,TRNSF,Transfer,移管. 관할을 옮김. 또는 옮기어 관할함,N,,,,1차(2020-08),,,
이내,WTHN,Within,"以內. 일정한 범위나 한도의 안. 시간, 거리, 수량 따위를 나타낼 때에 두루 씀",N,,,,4차(2021-12),,,
이노비즈,INOBIZ,Innovation Business,INOBIZ. 기술 혁신 활동을 통하여 경쟁력을 확보하거나 장래에 성장할 가능성이 있어서 정부가 우대하여 지원하는 중소기업,N,,,,6차(2023-11),,,
이동,MVMN,Movement,移動. 움직여 옮김. 또는 움직여 자리를 바꿈,N,,,,1차(2020-08),,,
이력,HSTRY,History,"履歷. 지금까지 거쳐 온 학업, 직업, 경험 등의 내력",N,,,,5차(2022-07),,,
이력서,RSM,Resume,履歷書. 이력을 적은 문서,N,,,,8차(2025-11),,,
이륙,TKOF,Take-Off,離陸. 비행기 따위가 날기 위하여 땅에서 떠오름,N,,,,8차(2025-11),,,
이메일,EML,Email,Email. 컴퓨터의 단말기 이용자끼리 통신 회선을 이용하여 주고받는 글,N,,전자우편,"메일, EMAIL, e-mail",1차(2020-08),,,
이미지,IMG,Image,"Image. 시각적으로 표현하기 위하여 제공된 그래픽 콘텐츠. 이미지는 픽셀의 조합으로 구성된 모든 전자식 그래픽 콘텐츠로, 다양한 그림판 프로그램이나 사진 조작 수단을 이용하여 생성할 수 있음",N,,,,4차(2021-12),,,
이사장,CHBR,Chairman Of The Board,理事長. 이사회나 이사를 지휘·감독하는 우두머리가 되는 사람,N,,,,8차(2025-11),,,
이산화질소,NTDX,Nitrogen Dioxide,"二酸化窒素. 사가(四價) 질소의 산화물. 일산화질소가 산소에 닿으면 생성되는 붉은 갈색의 기체로, 낮은 온도에서는 푸른색 액체로 변하며, 물과 작용하면 질산과 산화질소가 된다",N,,,,7차(2024-11),,,
이송,TRANSF,Transfer,移送. 다른 데로 옮겨 보냄,N,,,,8차(2025-11),,,
이수,CMCRS,Completion Of Course,履修. 해당 학과를 순서대로 공부하여 마침,N,,,,6차(2023-11),,,
이슈,ISSUE,Issue,Issue. 서로 다투는 중심이 되는 점,N,,쟁점,,7차(2024-11),,,
이슬점,DWPNT,Dewpoint,이슬點. 대기의 온도가 낮아져서 수증기가 응결하기 시작할 때의 온도,N,,,,7차(2024-11),,,
이연,DFRD,Deferred,移延. 시일을 차례로 미루어 나감,N,,,,7차(2024-11),,,
이용,UTZTN,Utilization,利用. 대상을 필요에 따라 이롭게 씀,N,,,,4차(2021-12),,,
이월,CRFW,Carry Forward,移越. 어떤 것에 대해 그 다음으로 넘김,N,,,,6차(2023-11),,,
이율,INRT,Interest Rate,利率. 원금에 대한 이자의 비율,Y,율,,,6차(2023-11),,,
이의,OBJC,Objection,"異議. 다른 의견이나 논의, 민법에서 타인의 행위에 대하여 반대 또는 불복의 의사를 표시하는 일",N,,,,1차(2020-08),,,
이익,PRF,Profit,利益. 물질적으로나 정신적으로 보탬이 되는 것,Y,금액,,,6차(2023-11),,,
이익률,PRFRT,Profit Rate,利益率. 판매액이나 자본금에 대하여 이익이 차지하는 비율,Y,율,,,8차(2025-11),,,
이자,INT,Interest Charge,利子. 남에게 돈을 빌려 쓴 대가로 치르는 일정한 비율의 돈,Y,금액,,,5차(2022-07),,,
이자수익,INTRV,Interest Revenues,利子收益. 대여금이나 예금과 같은 금전의 대여와 이용에 대하여 상대방에게서 일정한 이율에 따라 받는 금전적 보수,N,,,,6차(2023-11),,,
이재민,DSVCTM,Disaster Victims,罹災民. 재해를 입은 사람,N,,,,7차(2024-11),,,
이전,BFR,Before,以前. 기준이 되는 때를 포함하여 그보다 앞,N,,전,,5차(2022-07),,,
이전연도,PRVYR,Previous Year,以前年度. 지난 연도,N,,전년도,,6차(2023-11),,,
이주,MV,Move,移住. 본래 살던 집에서 다른 집으로 거처를 옮김,N,,,,7차(2024-11),,,
이중화,DPLX,Duplexing,二重化. 하드웨어나 소프트웨어에 대해 목적한 바대로 지속적으로 사용할 수 있도록 구현한 시스템을 넓은 개념으로 나타낸 것,N,,,,7차(2024-11),,,
이차보전,IDSBS,Interest Differential Subsidy,利差補塡. 정부가 가계와 기업에 직접 자금을 지원할 때 적용되는 금리와 금융 기관이 가계와 기업에 대출할 때의 금리 차이를 정부가 메워 주는 일,N,,,,8차(2025-11),,,
이첩,FRWD,Forwarding,移牒. 받은 공문이나 통첩을 다른 부서로 다시 보내어 알림 또는 그 공문이나 통첩,N,,,,6차(2023-11),,,
이탈,BRKW,Breakaway,離脫. 어떤 범위나 대열 따위에서 떨어져 나오거나 떨어져 나감,N,,,,8차(2025-11),,,
이해관계자,STHDR,Stakeholder,利害關係人. 일정한 사실 행위나 법률 행위의 당사자는 아니지만 그것에 의해서 자기의 권리나 이익에 영향을 받는 사람,N,,이해관계인,,6차(2023-11),,,
이행,IMPLT,Implementation,履行. 실제로 행함,N,,,,6차(2023-11),,,
이혼,DVRC,Divorce,離婚. 부부가 합의 또는 재판에 의하여 혼인 관계를 인위적으로 소멸시키는 일,N,,,,7차(2024-11),,,
이후,AFTR,After,以後. 기준이 되는 때를 포함하여 그보다 뒤,N,,후,,4차(2021-12),,,
익명,ANMT,Anonymity,匿名. 이름을 숨김. 또는 숨긴 이름이나 그 대신 쓰는 이름,N,,,,7차(2024-11),,,
인가,SNCN,Sanction,認可. 인정하여 허가함,N,,인허,,4차(2021-12),,,
인건비,LBRCO,Labor Cost,人件費. 사람을 부리는 데에 드는 비용,Y,금액,,,4차(2021-12),,,
인계,HNOV,Handover,引繼. 하던 일이나 물품을 넘겨주거나 넘겨받음,N,,,,6차(2023-11),,,
인계자,HVPRSN,Handover Person,引繼者. 인계하는 사람,N,,,,6차(2023-11),,,
인구,PPLTN,Population,人口. 일정한 지역에 사는 사람의 수,N,,,,4차(2021-12),,,
인덱스,INDEX,Index,"Index. 책 속의 내용 중에서 중요한 단어나 항목, 인명 따위를 쉽게 찾아볼 수 있도록 일정한 순서에 따라 별도로 배열하여 놓은 목록",N,,,,8차(2025-11),,,
인도,DLVRY,Delivery,引渡. 사물이나 권리 따위를 넘겨줌,N,,,,8차(2025-11),,,
인력,MNPW,Manpower,人力. 사람의 노동력,N,,,,7차(2024-11),,,
인명피해,CSLT,Casualty,人命被害. 자연재해나 사고 따위로 사람이 생명을 잃거나 다치는 피해,N,,,,8차(2025-11),,,
인물,PRSN,Personage,人物. 생김새나 됨됨이로 본 사람,N,,,,7차(2024-11),,,
인사말,GRT,Greeting,人事말. 인사로 하는 말 또는 인사를 차려 하는 말,N,,,,8차(2025-11),,,
인상,INCR,Increase,"引上. 물건값, 봉급, 요금 따위를 올림",N,,,,8차(2025-11),,,
인상률,INCRT,Increase Rate,"引上率. 물건값, 요금, 임금 따위가 오른 비율",Y,율,,,7차(2024-11),,,
인센티브,ICNTV,Incentive,Incentive. 어떤 행동을 하도록 사람을 부추기는 것을 목적으로 하는 자극,N,,,,6차(2023-11),,,
인솔자,LDR,Leader,引率者. 여러 사람을 이끌고 가는 사람,N,,,,7차(2024-11),,,
인쇄,PRINT,Print,"印刷. 잉크를 사용하여 판면(版面)에 그려져 있는 글이나 그림 따위를 종이, 천 따위에 박아 냄",N,,,,7차(2024-11),,,
인쇄비,PRCO,Printing Cost,印刷費. 인쇄하는 데 드는 돈,Y,비용,,,8차(2025-11),,,
인수,ACPTN,Acceptance,引受. 물건이나 권리를 건네받음,N,,,,1차(2020-08),,,
인수자,ACPTR,Acceptor,引受者. 물건이나 권리를 건네받는 사람,N,,인수인,,5차(2022-07),,,
인용,QTN,Quotation,認容. 인정하여 용납함,N,,,,8차(2025-11),,,
인원,PRSNL,Personnel,人員. 단체를 이루고 있는 사람들. 또는 그 수효,N,,,,8차(2025-11),,,
인원수,NOPE,The Number of Persons,人員數. 사람의 수효,Y,수,명수,,2차(2020-12),,,
인적,HMN,Human,人的. 사람에 관한 것,N,,,,8차(2025-11),,,
인정,RCG,Recognition,認定. 확실히 그렇다고 여김,N,,,,6차(2023-11),,,
인증,CERT,Certification,認證. 어떠한 문서나 행위가 정당한 절차로 이루어졌다는 것을 공적 기관이 증명함,N,,,,1차(2020-08),,,
인증서,CRTF,Certificate,認證書. 문서나 행위가 정당한 절차로 이루어졌음을 인정하여 증명하는 증서,N,,,,7차(2024-11),,,
인지세,STMTX,Stamp Tax,"印紙稅. 재산권의 창설, 이전, 변경, 소멸을 증명하거나 재산권에 관한 승인을 증명하는 문서에 대해서 부과하는 세금",Y,금액,,,6차(2023-11),,,
인터넷,ITNT,Internet,"Internet. 전 세계의 컴퓨터가 서로 연결되어 정보를 교환할 수 있는, 하나의 거대한 컴퓨터 통신망",N,,,,6차(2023-11),,,
인터페이스,IF,Interface,"Interface. 서로 다른 두 시스템, 장치, 소프트웨어 따위를 서로 이어 주는 부분 또는 그런 접속 장치",N,,,,6차(2023-11),,,
인하,DECR,Decrease,引下. 가격 따위를 낮춤,N,,,,8차(2025-11),,,
인허가,LCPMT,Licenses And Permits,認許可. 인가와 허가를 아울러 이르는 말,N,,,,5차(2022-07),,,
일,DAY,Day,日. 하루 동안,N,,,,5차(2022-07),,,
일괄,EBLC,En Bloc,一括. 개별적인 여러 가지 것을 한데 묶음,N,,,,6차(2023-11),,,
일당,DLWG,Daily Wage,日當. 하루에 일한 대가로 얼마씩 정하여 받는 수당이나 보수,N,,,,8차(2025-11),,,
일련번호,SN,Serial Number,一連番號. 일률적으로 연속되어 있는 번호,Y,일련번호,"순번, 연번",시퀀스,2차(2020-12),,,
일문,JPNS,Japanese Sentence,日文. 일본어로 쓴 글 또는 일본어를 표기하는 데 쓰는 문자,N,,,,7차(2024-11),,,
일반,GNRL,General,一般. 특별하지 아니하고 평범한 수준. 또는 그런 사람들,N,,,,6차(2023-11),,,
일반직,GOJB,General Office Jobs,"一般職. 기술, 연구 또는 행정 일반에 대한 업무를 담당하는 경력직 공무원의 직",N,,,,8차(2025-11),,,
일비,DLYEXP,Daily Expenses,日費. 날마다 쓰는 비용,Y,비용,,,7차(2024-11),,,
일사량,SRQTY,Solar Radiation Quantity,日射量. 태양의 복사 에너지가 땅에 닿는 양,Y,수,,,7차(2024-11),,,
일산화탄소,CBMX,Carbon Monoxide,"一酸化炭素. 이가(二價) 탄소의 산화물. 탄소 한 원자에 산소 한 원자의 비율로 결합된 화합물로, 무색무취의 기체로 독성이 있으며, 탄소나 탄소 화합물의 불완전 연소로 생긴다",N,,,,7차(2024-11),,,
일상감사,DLADT,Daily Audit,"日常勘査. 주요 업무의 집행에 앞서 그 업무의 적법성ㆍ타당성 등을 점검, 심사하는 사전적이고 예방적인 감사",N,,,,6차(2023-11),,,
일선,FRLN,First Line,一線. 일을 실행하는 데에서 맨 앞장,N,,,,7차(2024-11),,,
일시,DT,Date and Time,日時. 날짜와 시간을 아울러 이르는 말로 연월일시분초를 나타냄,Y,연월일시분초,,,1차(2020-08),,,
일시금,LSMPY,A Lump Sum Payment,一時金. 한꺼번에 내어 주거나 받는 돈,N,,,,6차(2023-11),,,
일시정지,TMPS,Temporary Pause,一時停止. 동작이나 기능을 일시적으로 멎거나 그침,N,,,,8차(2025-11),,,
일요일,SUN,Sunday,日曜日. 월요일을 기준으로 한 주의 마지막 날,N,,,,7차(2024-11),,,
일자,YMD,YEAR Month Day,日子/日字. 어느 날이라고 정한 날로 연월일을 나타냄,Y,연월일,,,1차(2020-08),,,
일정,SCHDL,Schedule,日程. 일정한 기간 동안 해야 할 일의 계획을 날짜별로 짜 놓은 것,N,,스케줄,,4차(2021-12),,,
일조,SNSH,Sunshine,日照. 햇볕이 내리쬠,N,,,,7차(2024-11),,,
일조량,ASNSH,Amount Of Sunshine,日照量. 일정한 물체의 표면이나 지표면에 비치는 햇볕의 양,Y,수,,,7차(2024-11),,,
일치,CCRNC,Concurrence,一致. 비교되는 대상들이 서로 어긋나지 아니하고 같거나 들어맞음,N,,,,6차(2023-11),,,
일할,DBAS,Daily Basis,日割. 날짜를 여럿으로 갈라서 배정함,N,,,,6차(2023-11),,,
임금,WAGE,Wage,賃金. 근로자가 노동의 대가로 사용자에게 받는 보수,Y,금액,,,8차(2025-11),,,
임금피크제,SLPK,Salary Peak,賃金Peak制. 근로자가 일정한 나이가 되면 임금을 줄이는 대신 정년까지 고용을 보장하는 제도,N,,,,7차(2024-11),,,
임기,TNR,Tenure,任期. 임무를 맡아보는 일정한 기간,N,,,,6차(2023-11),,,
임대,RENT,Rent,賃貸. 돈을 받고 자기의 물건을 남에게 빌려줌,N,,,,6차(2023-11),,,
임대료,RTFE,Rental Fee,賃貸料. 남에게 물건이나 건물 따위를 빌려준 대가로 받는 돈,Y,요금,,,6차(2023-11),,,
임대면적,RNTAR,Rent Area,賃貸面積. 임대 계약의 대상이 되는 부분의 면적,Y,면적,,,6차(2023-11),,,
임대인,LSR,Lessor,賃貸人. 임대차 계약에 따라 돈을 받고 다른 사람에게 물건을 빌려준 사람,N,,,,6차(2023-11),,,
임대차계약,LSCT,Lease Contract,"賃貸借契約. 당사자 가운데 한쪽이 상대편에게 물건을 사용하게 하고, 상대편은 이에 대하여 일정한 임차료를 지급할 것을 내용으로 하는 계약",N,,,,6차(2023-11),,,
임명,NMNT,Nomination,任命. 일정한 지위나 임무를 남에게 맡김,N,,,,6차(2023-11),,,
임무,MSN,Mission,任務. 맡은 일 또는 맡겨진 일,N,,,,8차(2025-11),,,
임상,CLNC,Clinical,臨牀. 환자를 진료하거나 의학을 연구하기 위하여 병상에 임하는 일,N,,,,8차(2025-11),,,
임시,TMPR,Temporary,臨時. 미리 정하지 아니하고 그때그때 필요에 따라 정함,N,,,,1차(2020-08),,,
임신,PRGN,Pregnancy,妊娠/姙娠. 아이나 새끼를 뱀,N,,,,7차(2024-11),,,
임업,FRSTR,Forestry,林業. 각종 임산물에서 얻는 경제적 이윤을 위하여 삼림을 경영하는 사업,N,,,,8차(2025-11),,,
임용,APNTMN,Appointment,任用. 직무를 맡기어 사람을 씀,N,,,,5차(2022-07),,,
임원,EXC,Executive,任員. 어떤 단체에 소속하여 그 단체의 중요한 일을 맡아보는 사람,N,,,,6차(2023-11),,,
임직원,EXSM,Executives And Staff Members,任職員. 임원과 직원을 아울러 이르는 말,N,,,,8차(2025-11),,,
임차,HIRE,Hire,賃借. 돈을 내고 남의 물건을 빌려 씀,N,,,,6차(2023-11),,,
임차료,LSFE,Lease Fee,賃借料. 남에게 물건이나 건물 따위를 빌려준 대가로 받는 돈,Y,요금,,,7차(2024-11),,,
임차면적,LSAR,Leased Area,賃借面積. 돈을 내고 남의 건물이나 땅을 빌려쓴 면적,Y,면적,,,7차(2024-11),,,
임차인,HIRER,Hirer,"賃借人. 임대차 계약에서, 돈을 내고 물건을 빌려 쓰는 사람",N,,,,6차(2023-11),,,
입건,BKCG,Booking On Charges Of,立件. 피의자의 범죄 혐의 사실이 인정되어 사건이 성립하는 일,N,,,,8차(2025-11),,,
입고,WRHS,Warehousing,入庫. 물건을 창고에 넣음,N,,,,1차(2020-08),,,
입교,ENTSCH,Entrance Into A School,入校. 사관 학교나 보병 학교 따위의 군사 학교에 들어감 또는 학생이 되어 공부하기 위해 학교에 들어가거나 학교를 들어감,N,,,,7차(2024-11),변경,공통표준단어 설명,유관 단어와의 통일성 및 적합성을 고려하여 설명 수정
입국,ENTCNY,Entering a Country,入國. 자기 나라 또는 남의 나라 안으로 들어감,N,,,,1차(2020-08),,,
입금,DPST,Deposit,入金. 돈을 들여놓거나 넣어 줌. 또는 그 돈,N,,,,1차(2020-08),,,
입금자,PYR,Payer,入金者. 은행 등지에 돈을 들여놓는 사람,N,,,,4차(2021-12),,,
입대,ENLSTM,Enlistment,入隊. 군대에 들어가 군인이 됨,N,,,,5차(2022-07),,,
입력,INPT,Input,入力. 문자나 숫자를 컴퓨터가 기억하게 하는 일,N,,,,1차(2020-08),,,
입력자,KBRDR,Keyboarder,入力者. 문자나 숫자를 컴퓨터가 기억하게 하는 행위를 하는 사람,N,,,,4차(2021-12),,,
입사,JNCMP,Joining a Company,入社. 회사 따위에 취직하여 들어감,N,,,,1차(2020-08),,,
입산,MTCG,Mountain-Climbing,入山. 산속에 들어감,N,,,,4차(2021-12),,,
입소,ENTRC,Entrance,"入所. 훈련소, 연구소, 교도소 따위에 들어감",N,,,,7차(2024-11),,,
입수,OBTN,Obtain,入手. 손에 들어옴 또는 손에 넣음,N,,,,6차(2023-11),,,
입실,ENTRM,Entering A Room,"入室. 건물 안의 방이나 교실, 병실 따위에 들어감",N,,,,7차(2024-11),,,
입양,ADP,Adoption,入養. 양자로 들어감. 또는 양자를 들임,N,,,,7차(2024-11),,,
입원,HSPTLZ,Hospitalization,入院. 환자가 병을 고치기 위하여 일정한 기간 동안 병원에 들어가 머무는 것,N,,,,6차(2023-11),,,
입장,ADMS,Admission,入場. 장내(場內)로 들어가는 것,N,,,,7차(2024-11),,,
입장료,ADFE,Admission Fee,入場料. 장내로 들어가기 위하여 내는 요금,Y,요금,,,8차(2025-11),,,
입주,MVN,Moving In,入住. 새집에 들어가 삶,N,,,,6차(2023-11),,,
입주자,OCPNT,Occupant,入住者. 새로 지은 집 따위에 들어가 사는 사람,N,,,,7차(2024-11),,,
입찰,BID,Bid,入札. 상품의 매매나 도급 계약을 체결할 때 여러 희망자들에게 각자의 낙찰 희망 가격을 서면으로 제출하게 하는 일,N,,,,3차(2021-10),,,
입찰자,BDR,Bidder,入札者. 상품의 매매나 공사의 도급 계약 따위에서 상품을 사거나 계약을 체결하기 위하여 입찰을 신청한 사람,N,,,,8차(2025-11),,,
입출금,DPWD,Deposits And Withdrawals,入出金. 들어오는 돈과 나가는 돈을 아울러 이르는 말,N,,,,8차(2025-11),,,
입학,MTCLTN,Matriculation,入學. 학생이 되어 공부하기 위해 학교에 들어감. 또는 학교를 들어감,N,,,,3차(2021-10),,,
입학금,ADMFE,Admission Fee,入學金. 입학할 때에 학교에 내는 돈,Y,금액,,,7차(2024-11),,,
입항,PTENT,Port Entry,入港. 배가 항구에 들어오거나 들어감,N,,,,6차(2023-11),,,
입항지,POENT,Port Of Entry,"入港地. 배, 화물, 운송수단 등이 도착하여 들어오는 항구가 위치한 곳",N,,,,8차(2025-11),,,
입회자,OBSRVR,Observer,立會者. 어떠한 사실이 발생하거나 존재하는 현장에 함께 참석하여 지켜보는 사람,N,,,,7차(2024-11),,,
잉여금,SRAMT,Surplus Amount,剩餘金. 기업의 자산 가운데에서 법으로 정해진 자본금을 초과하는 금액,Y,금액,,,7차(2024-11),,,
자격,QLFC,Qualification,資格. 일정한 신분이나 지위를 가지거나 일정한 일을 하는 데 필요한 조건이나 능력,N,,,,1차(2020-08),,,
자격증,CRTFCT,Certificate,資格證. 일정한 자격을 인정하여 주는 증서,N,,,,5차(2022-07),,,
자금,FNDS,Funds,資金. 사업을 경영하는 데에 쓰는 돈,Y,금액,,,6차(2023-11),변경,"형식단어, 공통표준도메인분류명",형식단어로 지정됨에 따라 공통표준도메인분류명 지정
자금이체,FNDTR,Fund Transfer,"資金移替. 고객과 은행 사이, 은행과 은행 사이에 이루이지는 자금의 이동",N,,,,6차(2023-11),,,
자기부담금,OOPEXP,Out-Of-Pocket Expense,自己負擔金. 본인이 어떠한 일에 책임을 지고 내야 하는 돈,Y,금액,,,8차(2025-11),,,
자기소개,SLFINT,Self Introduction,"自己紹介. 처음 만난 사람에게 자기의 이름, 경력, 직업 따위를 말하여 알림",N,,,,7차(2024-11),,,
자기앞수표,CSCK,Cashier'S Check,自己앞手票. 발행인이 자기를 지급인으로 하여 발행하는 수표,N,,,,8차(2025-11),,,
자기자본,EQCPTL,Equity Capital,"自己資本. 기업의 소유자가 출자한 자본과 기업 내부에 축적된 적립금, 준비금 따위의 유보 자본을 합한 자본",N,,,,6차(2023-11),,,
자기평가,SLFEVL,Self Evaluation,自己評價. 다른 사람과 비교하여 자신의 개성을 평가하는 일,N,,,,7차(2024-11),,,
자녀,CHLD,Children,子女. 아들과 딸을 아울러 이르는 말,N,,,,6차(2023-11),,,
자동,AUTO,Automatic,自動. 기계나 설비 따위가 자체 내에 있는 일정한 장치의 작용에 의하여 스스로 작동함 또는 어떤 절차 없이 바로 이루어짐,N,,,,6차(2023-11),,,
자동이체,ATTR,Automatic Transfer,"自動移替. 공공요금ㆍ급여ㆍ연금 따위의 지급을 위탁 받은 은행, 우체국 등이 소정일에 지급인 계좌에서 예금을 자동적으로 출금하여 수취인 계좌에 대체하는 제도",N,,,,6차(2023-11),,,
자동차,CAR,Car,自動車. 원동기를 장치하여 그 동력으로 바퀴를 굴려서 철길이나 가설된 선에 의하지 아니하고 땅 위를 움직이도록 만든 차,N,,,,7차(2024-11),,,
자동차등록번호,VHRNO,Vehicle Registration Number ,自動車登錄番號. 국토교통부장관이 고시한 기준에 따라 자동차의 종류와 용도별로 구분하여 자동차마다 매긴 번호,Y,자동차등록번호,차량번호,,2차(2020-12),,,
자동차세,AMTX,Automobile Tax,自動車稅. 자동차를 소유하고 있는 사람에게 부과하는 지방세,Y,금액,,,6차(2023-11),,,
자료,DATA,Data,資料. 연구나 조사 따위의 바탕이 되는 재료,N,,데이터,,1차(2020-08),,,
자료실,RPSTR,Repository,資料室. 자료를 보관하는 방,N,,,,6차(2023-11),,,
자릿수,DGT,Digit,자릿數. 수의 자리,Y,수,,,6차(2023-11),,,
자막,SBTLS,Subtitles,"字幕. 영화나 텔레비전 따위에서, 관객이나 시청자가 읽을 수 있도록 화면에 보여 주는 글자",N,,,,8차(2025-11),,,
자문,CNSTN,Consultation,"諮問. 어떤 일을 좀 더 효율적이고 바르게 처리하려고 그 방면의 전문가나, 전문가들로 이루어진 기구에 의견을 물음",N,,,,7차(2024-11),,,
자본,CPT,Capital,資本. 장사나 사업 따위의 기본이 되는 돈,N,,,,7차(2024-11),,,
자본금,CPTL,Capital,資本金. 영리를 목적으로 사업에 투자한 돈,Y,금액,,,4차(2021-12),,,
자본적지출,CPEX,Capital Expenditure,資本的支出. 내용연수가 증가하거나 가치가 증가하여 자산원가에 가산해 내용연수 동안 감가상각을 하는 것,N,,,,7차(2024-11),,,
자본조정,CPAD,Capital Adjustment,資本調整. 자본의 구성 항목 가운데 더하고 빼야 하는 항목을 알 수 없어 회계상 자본 총계에서 더하고 빼는 형식으로 기록하는 일,N,,,,6차(2023-11),,,
자산,AST,Asset,資産. 개인이나 법인이 소유하고 있는 경제적 가치가 있는 유형/무형의 재산,N,,,,5차(2022-07),,,
자원,RSRC,Resources,"資源. 인간 생활 및 경제 생산에 이용되는 원료로서의 광물, 산림, 수산물 따위를 통틀어 이르는 말",N,,,,6차(2023-11),,,
자원봉사,VLTR,Volunteering,自願奉仕. 어떤 일을 대가 없이 자발적으로 참여하여 도움 또는 그런 활동,N,,,,6차(2023-11),,,
자재,MTRL,Materials,資材. 무엇을 만들기 위한 기본적인 재료,N,,,,6차(2023-11),,,
자주식,SFPRPL,Self-Propelled,"自走式. 엔진, 바퀴 따위를 갖추어 스스로 움직이는 방식 ",N,,,,5차(2022-07),,,
자체,ITSLF,Itself,自體. 다른 것을 제외한 사물 본래의 몸체 또는 바로 그 본래의 바탕,N,,,,8차(2025-11),,,
자택,HOME,Home,自宅. 자기 집,N,,,,1차(2020-08),,,
자활용사촌,SSVV,Self-Supporting Veterans’ Village,自活勇士村. 전상군경 및 공상군경 중 상이등급 1급에 해당하는 자의 자활을 촉진하기 위하여 전ㆍ공상군경 1급 중상이자 20명 이상이 동일한 행정구역에 거주하고 있는 마을,N,,,,8차(2025-11),,,
작동,FNCT,Functioning,作動. 기계 따위가 작용을 받아 움직임 또는 기계 따위를 움직이게 함,N,,,,8차(2025-11),,,
작물,CROP,Crop,作物. 논밭에 심어 가꾸는 곡식이나 채소,N,,,,6차(2023-11),,,
작성,WRT,Writing,"作成. 서류, 원고 따위를 만듦 ",N,,,,1차(2020-08),,,
작성자,WRTR,Writer,"作成者. 서류, 원고 등을 만든 사람",N,,,,3차(2021-10),,,
작업,JOB,Job,作業. 일을 함. 또는 그 일로 일정한 목적과 계획 아래 하는 일,N,,,,1차(2020-08),,,
작업량,WKQTY,Work Quantity,作業量. 일을 한 분량,Y,수,,,8차(2025-11),,,
작업자,OPRTR,Operator,作業者. 일을 하는 사람,N,,,,4차(2021-12),,,
작품,WRKS,Works,作品. 만든 물품,N,,,,6차(2023-11),,,
잔금,BALNC,Balance,殘金. 쓰고 남은 돈,N,,,,6차(2023-11),,,
잔류,RMNN,Remaining,殘留. 뒤에 처져 남아 있음,N,,,,8차(2025-11),,,
잔액,BLNC,Balance,殘額. 나머지 액수,Y,금액,,,5차(2022-07),,,
잔여,RMND,Remainder,殘餘. 남아 있음 또는 그런 나머지,N,,,,6차(2023-11),,,
잔존,RMN,Remain,殘存. 없어지지 아니하고 남아 있음,N,,,,6차(2023-11),,,
잔존가치,RSVL,Residual Value,殘存價値. 자산의 경제적 효용이 끝난 뒤에도 남아 있는 가치를 수치로 산정한 것,N,,,,8차(2025-11),,,
잠금,LCK,Locking,잠금. 어떤 것에 접근하지 못하도록 막는 일,N,,,,6차(2023-11),,,
잡비,MSEXP,Miscellaneous Expenses,雜費. 잡다하게 쓰는 비용,Y,비용,,,7차(2024-11),,,
장기,LTRM,Long Term,長期. 긴 기간,N,,,,7차(2024-11),,,
장기집합투자증권저축,LTCISS,Long-Term Collective Investment Securities Savings,"長期集合投資證券貯蓄. 10년 이상 장기간에 걸쳐 일정 금액을 적립하여, 자산의 일정 부분(40% 이상 등)이 국내 상장주식에 투자되는 ‘집합투자증권’에 투자하는 저축성 금융상품",N,,,,8차(2025-11),,,
장려금,SUBSD,Subsidy,奬勵金. 어떤 특정한 일을 장려하는 뜻으로 보조하여 주는 돈,Y,금액,,,7차(2024-11),,,
장례,FNRL,Funeral,葬禮. 장사를 지내는 일. 또는 그런 예식,N,,,,8차(2025-11),,,
장례비,FNEXP,Funeral Expense,葬禮費. 장사를 지내는 데 드는 비용,Y,비용,,,8차(2025-11),,,
장부가액,BKVL,Book Value,"帳簿價額. 장부에 기록되어 있는, 자산ㆍ부채ㆍ자본 따위의 가격",Y,금액,,,6차(2023-11),,,
장비,EQPMNT,Equipment,裝備. 갖추어 차림. 또는 그 장치와 설비,N,,,,5차(2022-07),,,
장소,PLC,Place,場所. 어떤 일이 이루어지거나 일어나는 곳,N,,,,5차(2022-07),,,
장애,DSBLTY,Disability,"障礙. 어떤 사물이나 사람, 또는 그 구성 요소가 본래의 역할이나 기능을 하지 못하거나, 그 수행이 방해받는 상태나 현상",N,,,,5차(2022-07),변경,공통표준단어 설명,유관 단어와의 통일성 및 적합성을 고려하여 설명 수정
장애인,PWDBS,People With Disabilities,障礙人. 신체의 일부에 장애가 있거나 정신 능력이 원활하지 못해 일상생활이나 사회생활에서 어려움이 있는 사람,N,,,,4차(2021-12),,,
장치,DVC,Device,"裝置. 어떤 목적에 따라 기능하도록 기계, 도구 따위를 그 장소에 장착함. 또는 그 기계, 도구, 설비",N,,,,6차(2023-11),,,
장학금,SCHLR,Scholarship,奬學金. 주로 성적은 우수하지만 경제적인 이유로 학업에 어려움을 겪는 학생 또는 학문의 연구를 돕기 위하여 연구자에게 보조해 주는 돈,Y,금액,,,8차(2025-11),,,
재개,RSMP,Resumption,再開. 어떤 활동이나 회의 따위를 한동안 중단했다가 다시 시작함,N,,,,7차(2024-11),,,
재개업,ROBIZ,Reopening Of Business,再開業. 다시 또는 두 번째 영업을 시작함,N,,,,7차(2024-11),,,
재검사,RNSP,Reinspection,再檢査. 한 번 검사가 끝난 것을 다시 검사함,N,,,,8차(2025-11),,,
재검토,REVLT,Re-Evaluation,再檢討. 한 번 검토한 것을 다시 검토함,N,,,,7차(2024-11),,,
재결,ADJD,Adjudication,再決. 다시 결정함,N,,,,7차(2024-11),변경,공통표준단어 설명,유관 단어와의 통일성 및 적합성을 고려하여 설명 수정
재계산,RECAL,Recalculation,再計算. 다시 하는 계산,N,,,,7차(2024-11),,,
재고,INVT,Inventory,在庫. 창고 따위에 쌓여 있음,N,,,,6차(2023-11),,,
재공고,RANC,Re-Announcement,再公告. 이미 한 번 광고하거나 게시한 내용을 일반에게 공개적인 방법으로 다시 널리 알림,N,,,,6차(2023-11),,,
재교부,RISU,Reissue,再交付. 한 번 내준 증명서 따위의 서류를 다시 내줌,N,,,,7차(2024-11),,,
재난,CLMTY,Calamity,災難. 뜻밖에 일어난 재앙과 고난,N,,,,7차(2024-11),,,
재동의,RAGR,Re-Agreement,再同意. 이미 한 번 동의한 일에 대하여 다시 동의함,N,,,,8차(2025-11),,,
재등록,RRG,Re-registration,再登錄. 이미 등록하였던 것을 다시 등록함,N,,,,6차(2023-11),,,
재료,MATRL,Material,材料. 물건을 만드는 데 들어가는 감,N,,,,7차(2024-11),,,
재료비,MTCO,Material Cost,材料費. 물건의 재료를 갖추는 데 드는 비용,Y,비용,,,6차(2023-11),,,
재무제표,FNSTM,Financial Statements,財務諸表. 기업이 회계 연도가 끝나는 때에 결산 보고를 하기 위하여 작성하는 여러 가지 종류의 회계 보고서,N,,,,6차(2023-11),,,
재물,RCHS,Riches,財物. 돈이나 그 밖의 값나가는 모든 물건,N,,,,6차(2023-11),,,
재발,RCRN,Recurrence,再發. 다시 발생함 또는 다시 일어남,N,,,,8차(2025-11),,,
재발급,RISSU,Reissuance,再發給. 한 번 발급한 증명서 따위를 다시 발행하여 줌,N,,,,6차(2023-11),,,
재발송,RSND,Resend,"再發送. 전달되지 않았거나 되돌아온 물건, 편지, 서류 따위를 다시 보냄",N,,,,6차(2023-11),,,
재발행,RPBLC,Republication,再發行. 한번 발행한 출판물이나 인쇄물을 다시 발행하여 줌,N,,,,6차(2023-11),,,
재배,CLTV,Cultivation,栽培. 식물을 심어 가꿈,N,,,,8차(2025-11),,,
재사용,RUSE,Reuse,再使用. 한 번 썼던 물건 따위를 다시 쓰거나 일정한 목적이나 기능에 맞게 고쳐서 씀,N,,,,6차(2023-11),,,
재산,PRPT,Property,財産. 재화와 자산을 통틀어 이르는 말,N,,,,6차(2023-11),,,
재산세,PRPTX,Property Tax,財産稅. 일정한 재산에 대하여 부과하는 지방세,Y,금액,,,6차(2023-11),,,
재수신,RCAG,Receiving Again,"再受信. 전신이나 전화, 라디오, 텔레비전 방송 따위의 신호를 다시 받음. 또는 그런 일",N,,,,7차(2024-11),,,
재시도,RTRY,Retry,再試圖. 어떤 것을 이루어 보려고 다시 계획하거나 행동함,N,,,,7차(2024-11),,,
재시험,RTST,Retest,再試驗. 다시 시험을 침,N,,,,8차(2025-11),,,
재신청,RQAG,Request Again,再申請. 한 번 신청한 것을 다시 신청함,N,,,,7차(2024-11),,,
재심사,REXAM,Reexamination,再審査. 한 번 심사하였던 것을 다시 심사함,N,,,,7차(2024-11),,,
재요청,RDMND,Redemand,再要請. 필요한 어떤 일이나 행동을 다시 청함,N,,,,6차(2023-11),,,
재원,FNRS,Financial Resource,財源. 재화나 자금이 나올 원천,N,,,,7차(2024-11),,,
재입찰,REBID,Rebid,再入札. 다시 입찰함,N,,,,7차(2024-11),,,
재작업,RWK,Rework,再作業. 일을 다시 함 또는 그 일,N,,,,8차(2025-11),,,
재전송,RTRSM,Retransmission,再電送. 다시 전송함,N,,,,6차(2023-11),,,
재접수,RRQST,Rerequisition,再接受. 이미 신청이나 신고를 받은 것을 다시 받음,N,,,,8차(2025-11),,,
재정,FNN,Finance,"財政. 국가 또는 지방 자치 단체가 행정 활동이나 공공 정책을 시행하기 위하여 자금을 만들어 관리하고 이용하는 경제 활동 또는 개인, 가계, 기업 따위의 경제 상태",N,,,,8차(2025-11),,,
재조달원가,RPCO,Reprocurement Cost,再調達原價. 자산을 현재 다시 매입하는 데 드는 금액을 계산하여 산정한 견적 금액,Y,가격,,,8차(2025-11),,,
재직,HDOF,Hold Office,在職. 어떤 직장에 소속되어 근무하고 있음,N,,,,3차(2021-10),,,
재진,REXM,Re-Examination,再診. 두 번째 이후의 진찰,N,,,,7차(2024-11),,,
재질,MTPRPT,Material Properties,材質. 재료가 가지는 성질,N,,,,8차(2025-11),,,
재처리,RPRCS,Reprocess,再處理. 제품공정에서 작업 중 부적합 상황이 발생하여 해당 공정을 다시 작업하는 것,N,,,,6차(2023-11),,,
재택근무,TLCM,Telecommuting,在宅勤務. 집에 회사와 통신 회선으로 연결된 정보 통신 기기를 설치하여 놓고 집에서 회사의 업무를 보는 일,N,,,,7차(2024-11),,,
재판부,JSDP,Justice Department,裁判部. 특정 소송 사건을 심판하기 위하여 법관으로 구성하는 재판 부서,N,,,,6차(2023-11),,,
재평가,REVL,Revaluation,再評價. 다시 평가함. 또는 그런 평가,N,,,,7차(2024-11),,,
재학,INSCH,In School,在學. 학교에 적(籍)을 두고 있음,N,,,,7차(2024-11),,,
재해,DSTR,Disaster,災害. 재앙으로 말미암아 받는 피해,N,,,,7차(2024-11),,,
재해율,DSSRT,Disaster Rate,災害率. 천재(天災)나 인재(人災) 따위로 해를 입는 비율,Y,율,,,8차(2025-11),,,
재해자,DVCTM,Disaster Victim,災害者. 재해를 입은 사람,N,,,,7차(2024-11),,,
재형저축,WABS,Workers’ Asset-Building Savings,"財形貯蓄. 근로자가 소득의 일부를 일정 기간 저축함으로써 목돈, 주택, 주식 따위의 재산을 마련할 수 있도록 정부, 금융 기관, 사업주 등이 지원하여 주는 저축",N,,,,8차(2025-11),,,
재화중량톤수,DWT,Deadweight Tonnage,"載貨重量ton數. 배에 화물을 가득 실었을 때의 흘수(吃水)의 배수톤수에서, 배가 비었을 때의 흘수의 배수톤수를 뺀 것으로 배에 적재할 수 있는 화물의 최대 중량을 나타낸다",Y,수,,,8차(2025-11),,,
재확인,RCNF,Reconfirmation,再確認. 다시 확인함,N,,,,8차(2025-11),,,
재활용,RCYC,Recycling,再活用. 폐품 따위를 용도를 바꾸거나 가공하여 다시 씀,N,,,,8차(2025-11),,,
저당권,MRTG,Mortgage,抵當權. 채무가 이행되지 않을 경우에 채권자가 저당물에 대하여 일반 채권자에 우선하여 변제를 받을 수 있는 권리,N,,,,8차(2025-11),,,
저서,BKS,Books,著書. 책을 지음 또는 그 책,N,,,,8차(2025-11),,,
저소득층,LINBR,Low Income Bracket,低所得層. 낮은 소득과 낮은 소비 수준을 특징으로 하는 계층,N,,,,7차(2024-11),,,
저수량,RSQTY,Reservoir Quantity,"貯水量. 저수지나 호수, 못 따위에 물을 모아 두는 양. 또는 모아 둔 물의 양",Y,수,,,8차(2025-11),,,
저수지,RSRVR,Reservoir,貯水池. 물을 모아 두기 위하여 하천이나 골짜기를 막아 만든 큰 못,N,,,,6차(2023-11),,,
저자,AUT,Author,著者. 글로 써서 책을 지어 낸 사람,N,,"글쓴이, 지은이",,2차(2020-12),,,
저작권,CPRGT,Copyright,"著作權. 문학, 예술, 학술에 속하는 창작물에 대하여 저작자나 그 권리 승계인이 행사하는 배타적ㆍ독점적 권리",N,,,,7차(2024-11),,,
저작권자,CPRHDR,Copyright Holder,著作權者. 저작권을 가진 자,N,,,,8차(2025-11),,,
저작물,CPRWRK,Copyrighted Work,著作物. 인간의 사상 또는 감정을 표현한 창작물,N,,,,8차(2025-11),,,
저작자,ATHR,Author,著作者. 저작물을 창작한 자,N,,,,8차(2025-11),,,
저장,STRG,Storage,貯藏. 물건이나 재화 따위를 모아서 간수함,N,,,,1차(2020-08),,,
저질,BTMT,Bottom Materials,"底質. 호수, 바다, 늪, 강 따위의 바닥을 이루고 있는 물질",N,,,,8차(2025-11),,,
저축,SVNG,Savings,貯蓄. 절약하여 모아 둠,N,,,,8차(2025-11),,,
저항,RSST,Resistance,抵抗. 어떤 힘이나 조건에 굽히지 아니하고 거역하거나 버팀,Y,수,,,8차(2025-11),,,
적격,ELGB,Eligibility,適格. 어떤 일에 자격이 알맞음,N,,,,6차(2023-11),,,
적립,ACMLT,Accumulation,積立. 모아서 쌓아 둠,N,,,,8차(2025-11),,,
적립금,ACMNY,Accumulated Money,積立金. 모아서 쌓아 둔 돈,Y,금액,,,8차(2025-11),,,
적발,DSCL,Disclose,摘發. 숨겨져 있는 일이나 드러나지 아니한 것을 들추어냄,N,,,,2차(2020-12),,,
적설량,SNWFL,Snowfall ,積雪量. 땅 위에 쌓여 있는 눈의 양,Y,수,,,7차(2024-11),,,
적요,ABSTR,Abstract,摘要. 요점을 뽑아 적음. 또는 그 기록,N,,,,6차(2023-11),,,
적용,APLCN,Application,適用. 알맞게 이용하거나 맞추어 씀,N,,,,1차(2020-08),,,
적용세율,APTXRT,Applied Tax Rates,適用稅率. 과세 표준에 의하여 세금을 계산할 때 적용되는 법정률(法定率),Y,율,,,6차(2023-11),,,
적재,LOAD,Load,"積載. 물건이나 짐을 선박, 차량 따위의 운송 수단에 실음",N,,,,6차(2023-11),,,
적정,RSNB,Reasonable,適正. 알맞고 바른 정도,N,,,,6차(2023-11),,,
적합,STBLT,Suitability,適合. 일이나 조건 따위에 꼭 알맞음,N,,,,1차(2020-08),,,
전결,DCARB,Deciding Arbitrarily,專決. 결정권자 마음대로 결정하고 처리함,N,,,,7차(2024-11),,,
전공,MJR,Major,專攻. 어느 한 분야를 전문적으로 연구함. 또는 그 분야,N,,,,5차(2022-07),,,
전기,PRVTM,Previous Term,前期. 앞의 시기 특히 앞의 결산기,N,,,,6차(2023-11),,,
전기료,ELCHG,Electricity Charges,電氣料. 전기를 사용한 요금,Y,요금,,,7차(2024-11),,,
전기전도도,ELCD,Electrical Conductivity,電氣傳導度. 도체에 흐르는 전류의 크기를 나타내는 상수,Y,수,,,7차(2024-11),변경,공통표준도메인분류명,율'에서 '수'로 도메인분류명 변경
전달,CNVY,Convey,"傳達. 지시, 명령, 물품 따위를 다른 사람이나 기관에 전하여 이르게 함",N,,,,6차(2023-11),,,
전담,DDCT,Dedicated,專擔. 전문적으로 맡거나 혼자서 담당함,N,,,,8차(2025-11),,,
전략,STRTG,Strategy,"戰略. 정치, 경제 따위의 사회적 활동을 하는 데 필요한 책략",N,,,,7차(2024-11),,,
전력,ELPWR,Electric Power,電力. 전류가 단위 시간에 하는 일. 또는 단위 시간에 사용되는 에너지의 양,N,,,,6차(2023-11),,,
전력량,ELCEG,Electric Energy,電力量. 전기가 한 일의 총량. 전력과 시간의 곱으로 나타낸다. 단위는 와트시(Wh),Y,수,,,7차(2024-11),,,
전문,TELGM,Telegram,電文. 전보의 내용이 되는 글,N,,,,5차(2022-07),,,
전문가,EXPRT,Expert,專門家. 어떤 분야를 연구하거나 그 일에 종사하여 그 분야에 상당한 지식과 경험을 가진 사람,N,,,,6차(2023-11),,,
전문기관,SPINST,Specialized Institution,專門機關. 어떤 분야에 상당한 지식과 경험을 갖추고 오직 그 분야만 연구하거나 맡는 기관,N,,,,8차(2025-11),,,
전문분야,ARSP,Area Of Specialty ,專門分野. 어떤 분야에 상당한 지식과 경험을 갖추고 그 일을 잘하는 분야,N,,,,6차(2023-11),,,
전문위원,EPCMSR,Expert Commissioner,"專門委員. 국회, 위원회, 심의회 따위에서 전문 사항의 조사 연구를 담당하는 직원",N,,,,8차(2025-11),,,
전산,EDP,Electronic Data Processing,電算. 컴퓨터를 이용하여 정보를 처리하는 일,N,,,,6차(2023-11),,,
전세,LODB,Lease Of Deposit Basis,傳貰. 부동산의 소유자에게 일정한 금액을 맡기고 그 부동산을 일정 기간 동안 빌려 쓰는 일 또는 그 돈,N,,,,6차(2023-11),,,
전송,TRSM,Transmission,電送. 통신회선을 이용하여 보냄,N,,송신,,1차(2020-08),,,
전송자,TRSMR,Transmitter,電送者. 글이나 사진 따위를 전류나 전파를 이용하여 먼 곳에 보낸 사람,N,,,,6차(2023-11),,,
전송처,TRSPL,Transmission Place,電送處. 우편이나 전보 따위의 통신을 보내는 장소,N,,,,7차(2024-11),,,
전시,EXHB,Exhibition,展示. 여러 가지 물품을 한곳에 벌여 놓고 보임,N,,,,7차(2024-11),,,
전신환매도율,TTSRT,Telegraphic Transfer Selling Rate,電信換賣渡率. 고객이 외화를 송금하거나 계좌 이체를 통해 외화로 지급할 때 적용되는 환율,Y,율,,,7차(2024-11),,,
전신환매입률,TTBRT,Telegraphic Transfer Buying Rate,電信換買入率. 은행이 고객으로부터 외화를 계좌로 송금받거나 입금할 때 적용하는 환율,Y,율,,,7차(2024-11),,,
전압,VLTG,Voltage,電壓. 전기장이나 도체 안에 있는 두 점 사이의 전기적인 위치 에너지 차,Y,수,,,8차(2025-11),,,
전역,DCRG,Discharge,"轉役. 군(軍)에서, 현재까지 복무하던 역종(役種)에서 다른 종으로 바뀜",N,,,,6차(2023-11),,,
전염병,IFDS,Infectious Disease,傳染病. 전염성을 가진 병들을 통틀어 이르는 말,N,,,,8차(2025-11),,,
전용,EXUS,Exclusive Use,專用. 남과 공동으로 쓰지 아니하고 혼자서만 씀,N,,,,8차(2025-11),,,
전용면적,XUAR,Exclusive Use Area,"專用面積. 아파트 따위의 공동 주택에서 출입구, 엘리베이터, 계단 등 공용 면적을 뺀 나머지 바닥 면적",Y,면적,,,2차(2020-12),,,
전월,PRVMM,The Previous Month,前月. 이달의 바로 앞의 달,N,,,,6차(2023-11),,,
전일,PRVDY,The Previous Day,前日. 일정한 날을 기준으로 한 바로 앞 날,N,,,,6차(2023-11),,,
전입,MVIN,Move In,轉入. 이전 거주지에서 새 거주지로 옮겨 옴,N,,,,1차(2020-08),,,
전자결재,ELAPR,Electronic Approval,電子決裁. 종이 서류 대신 전산망을 통해 각종 사무를 처리하는 일,N,,,,6차(2023-11),,,
전자계약,ELCT,Electronic Contract,"電子契約. 통신망을 이용한 상거래 계약. 일정한 법률 효력이 발생하는 것을 목적으로 이인 이상의 당사자가 전자적 의사 표시로 합의하는 법률 행위로서, 전자 문서를 통하여 이루어진다",N,,,,7차(2024-11),,,
전자기록물,ERCDS,Electronic Records,"電子記錄物. 컴퓨터 등 전자적 처리 장치를 사용하여 생성, 획득, 이용, 관리되는 기록물",N,,,,7차(2024-11),,,
전자납부번호,EPAYNO,Electronic Payment Number,電磁納付番號. 지방자치단체가 매 부과건마다 유일하게부여하는 세입금의 고유번호,Y,전자납부번호,,,5차(2022-07),,,
전자문서,ELDOC,Electronic Document,電子文書. 컴퓨터 같은 정보 처리 능력을 가진 장치에 전자적인 형태로 작성되어 송수신되거나 저장된 문서 형식의 자료를 표준화한 것,N,,,,6차(2023-11),,,
전자발행,ELPBL,Electronic Publication,電子發行. 컴퓨터 등 전자적 처리 장치를 사용하여 출판물이나 인쇄물을 찍어서 세상에 펴냄,N,,,,7차(2024-11),,,
전자서명,ELSGN,Electronic Signature,電子署名. 컴퓨터와 같은 디지털 기기를 이용하여 신원을 확인할 때 사용하는 서명,N,,,,6차(2023-11),,,
전자세금계산서,ETXIV,Electronic Tax Invoice,電子稅金計算書. 컴퓨터를 이용해 파일로 만든 세금 계산서,N,,,,6차(2023-11),,,
전자접수,ELRCP,Electronic Receipt,電子接受. 컴퓨터를 이용해 신청이나 신고 따위를 문서로 받음,N,,,,7차(2024-11),,,
전자파,EWV,Electromagnetic Waves,電磁波. 공간에서 전기장과 자기장이 주기적으로 변화하면서 전달되는 파동,N,,,,8차(2025-11),,,
전전연도,YRBL,The Year Before Last,前前年度. 두 해 전의 연도,Y,연도,,,8차(2025-11),,,
전전일자,DAYBY,The Day Before Yesterday,前前日子/前前日字. 이틀 전의 날짜,Y,연월일,,,8차(2025-11),,,
전체,WHOL,Whole,全體. 개개 또는 부분의 집합으로 구성된 것을 몰아서 하나의 대상으로 삼는 경우에 바로 그 대상,N,,,,5차(2022-07),,,
전출,MVOUT,Moving Out,轉出. 이전 거주지에서 새 거주지로 옮겨 감,N,,,,6차(2023-11),,,
전통시장,TRMKT,Traditional Market,傳統市場. 오랜 기간에 걸쳐 일정한 지역에서 자연 발생적으로 형성된 상설 시장이나 정기 시장,N,,,,7차(2024-11),,,
전파,RDW,Radio Wave,電波. 전하의 진동 또는 전류의 주기적 변화에 의해 에너지가 공간으로 방사되는 현상,N,,,,8차(2025-11),,,
전표,SLIP,Slip,"傳票. 은행, 회사, 상점 따위에서 금전의 출납이나 거래 내용 따위를 간단히 적은 쪽지",N,,,,5차(2022-07),,,
전형,SLPRCS,Selection Process,銓衡. 됨됨이나 재능 따위를 가려 뽑음 또는 그런 일,N,,,,8차(2025-11),,,
전화번호,TELNO,Telephone Number,電話番號. 가입된 전화마다 매겨져 있는 일정한 번호,Y,전화번호,,,1차(2020-08),,,
전환,SWTC,Switching,轉換. 다른 방향이나 상태로 바뀌거나 바꿈,N,,,,6차(2023-11),,,
전환율,CNVRT,Conversion Rate,"轉換率. 어떤 개체군·군집·생태계 따위에서, 개체 수나 현재의 생물체 양(量)이 안정되어 있는 경우에, 일정 시간 안에 유출되거나 유입된 양과 현재 양과의 비율",Y,율,,,8차(2025-11),,,
절감,RTRC,Retrenchment,節減. 아끼어 줄임,N,,,,6차(2023-11),,,
절사,TRNC,Truncation,切捨. 잘라서 없앰 또는 그런 것,N,,,,7차(2024-11),변경,공통표준단어 설명,유관 단어와의 통일성 및 적합성을 고려하여 설명 수정
절연,INSLT,Insulation,絕緣. 도체 사이에 부도체를 넣어서 전류나 열이 통하지 못하게 하는 일,N,,,,8차(2025-11),,,
절연유,INSOL,Insulating Oil,絕緣油. 전기 기계의 절연을 목적으로 원유로부터 분할 증류하여 얻은 기름,N,,,,8차(2025-11),,,
절차,PRCDR,Procedure,節次. 일을 치르는 데 거쳐야 하는 순서나 방법,N,,,,8차(2025-11),,,
점검,CHCK,Check,點檢. 낱낱이 검사함. 또는 그런 검사,N,,,,1차(2020-08),,,
점검자,INSCTR,Inspector,點檢者. 어떤 대상이나 일을 세밀하게 검사하는 사람,N,,,,4차(2021-12),,,
점검표,CKLST,Check List,點檢表. 어떤 대상이나 일에 대하여 낱낱이 검사하는 표,N,,,,7차(2024-11),,,
점수,SCR,Score,點數. 성적을 나타내는 숫자,Y,수,,,5차(2022-07),,,
점용,OCPTN,Occupation,"占用. 차지하여 씀 또는 하천, 도로, 수면(水面) 따위를 점거하여 사용함",N,,,,8차(2025-11),,,
점유,PSSN,Possession,"占有. 물건이나 영역, 지위 따위를 차지함",N,,,,8차(2025-11),,,
점유율,PCSHR,Percentage Share,"占有率. 물건이나 영역, 지위 따위를 차지하고 있는 비율",Y,율,,,6차(2023-11),,,
점포,STOR,Store,店鋪. 물건을 늘어놓고 파는 곳,N,,,,6차(2023-11),,,
접근,ACS,Access,接近. 가까이 다가가거나 기억 장치에 데이터를 쓰거나 기억 장치에 들어 있는 데이터를 탐색하고 읽는 과정 ,N,,,액세스,4차(2021-12),변경,공통표준단어 설명,유관 단어와의 통일성 및 적합성을 고려하여 설명 수정
접속,CNTN,Connection,接續. 서로 맞대어 이음. 컴퓨터에서 여러 개의 프로세서와 기억 장치 모듈 사이를 물리적으로 또는 전자 회로적으로 연결하는 일,N,,,,1차(2020-08),,,
접속자,ACSR,Accessor,"接續者. 서로 맞대어 물리적, 전자적으로 연결된 사람",N,,,,6차(2023-11),,,
접수,RCPT,Receipt,接受. 신청이나 신고 따위를 구두(口頭)나 문서로 받음 ,N,,,,1차(2020-08),,,
접수자,CLR,Clerk,接受者. 신청이나 신고 따위를 구두나 문서로 받은 사람,N,,접수인,,2차(2020-12),,,
접종,INCLN,Inoculation,"接種. 병의 예방, 치료, 진단, 실험 따위를 위하여 병원균이나 항독소, 항체 따위를 사람이나 동물의 몸에 주입함 또는 그렇게 하는 일",N,,,,6차(2023-11),,,
접촉,CNTC,Contact,接觸. 서로 맞닿음,N,,,,6차(2023-11),,,
정격속도,RTSPD,Rated Speed,"定格速度. 발전기, 전동기 및 그 밖의 모든 전기 설비에서 규정된 한계 속도",Y,수,,,8차(2025-11),,,
정격용량,RTCPC,Rated Capacity,定格容量. 기기나 장치에서 정격 출력으로 동작할 때 제조사가 보증하는 사용 한도 용량,Y,수,,,8차(2025-11),,,
정격전류,RECR,Rated Electric Current,定格電流. 기기나 장치에서 정격 출력으로 동작하고 있는 경우의 전륫값,Y,수,,,8차(2025-11),,,
정격전압,RVLT,Rating Voltage,定格電壓. 전기 기기의 정격 출력을 정할 때 제조업자가 지정한 전압,Y,수,,,7차(2024-11),,,
정격출력,RTOT,Rated Output,定格出力. 제조업자가 기기에 대하여 보증하는 사용 한도를 그 기기의 출력으로 표시한 출력,Y,수,,,8차(2025-11),,,
정규,RGLR,Regular,正規. 정식으로 된 규정이나 규범,N,,,,8차(2025-11),,,
정규직,PMEMP,Permanent Employee,正規職. 기간을 정하지 아니하고 정년까지의 고용이 보장되며 전일제로 일하는 직위나 직무,N,,,,6차(2023-11),,,
정기,FXTM,Fixed Term,定期. 기한이나 기간이 일정하게 정하여져 있는 것 또는 그 기한이나 기간,N,,,,8차(2025-11),,,
정년,RTAG,Retirement Age,"停年. 관청이나 학교, 회사 따위에 근무하는 공무원이나 직원이 직장에서 물러나도록 정하여져 있는 나이",N,,,,7차(2024-11),,,
정답,CRANS,Correct Answer,正答. 옳은 답,N,,,,6차(2023-11),,,
정당,PLPT,Political Party,政黨. 정치적인 주의나 주장이 같은 사람들이 정권을 잡고 정치적 이상을 실현하기 위하여 조직한 단체,N,,,,8차(2025-11),,,
정량평가,QTEVL,Quantitative Evaluation,定量評價. 양을 중심으로 업적이나 연구 따위를 평가하는 일. 또는 그런 평가,N,,,,7차(2024-11),,,
정렬,SORT,Sort,整列. 가지런하게 줄지어 늘어섬. 또는 그렇게 늘어서게 함,N,,,,5차(2022-07),,,
정리,ARNGMT,Arrangement,整理. 문제가 되거나 불필요한 것을 줄이거나 없애서 말끔하게 바로잡음,N,,,,4차(2021-12),,,
정보,INFO,Information,情報. 어떤 자료나 소식을 통하여 얻는 지식이나 상태의 총량,N,,,,4차(2021-12),,,
정보화,INFMZ,Informatization,情報化. 지식과 자료 따위를 정보의 형태로 가공하여 가치를 높임,N,,,,7차(2024-11),,,
정부,GOV,Government,"政府. 삼권 분립에 의하여, 행정을 맡아보는 국가 기관",N,,,,6차(2023-11),,,
정비,MTNC,Maintenance,整備. 흐트러진 체계를 정리하여 제대로 갖춤,N,,,,6차(2023-11),,,
정산,CLCLN,Calculation,精算. 정밀하게 계산함. 또는 그런 계산,N,,,,1차(2020-08),,,
정상,NML,Normal ,正常. 특별한 변동이나 탈이 없이 제대로인 상태,N,,,,5차(2022-07),,,
정성평가,QLEVL,Qualitative Evaluation,"定性評價. 내용, 가치, 전문성 따위의 질을 중심으로 업적이나 연구 따위를 평가하는 일. 또는 그런 평가",N,,,,7차(2024-11),,,
정액,FXAMT,Fixed Amount,定額. 일정하게 정하여진 액수,N,,,,8차(2025-11),,,
정원,PSCP,Personnel Capacity,定員. 일정한 규정에 의하여 정한 인원,N,,,,6차(2023-11),,,
정의,DFN,Definition,定義. 어떤 말이나 사물의 뜻을 명백히 밝혀 규정함 또는 그 뜻,Y,내용,,,8차(2025-11),,,
정지,STOP,Stop,停止. 움직이고 있던 것이 멎거나 그침 또는 중도에서 멎거나 그치게 함,N,,,,6차(2023-11),,,
정착금,RSTFND,Resettlement Funds,定着金. 일정한 곳에 자리를 잡고 생활하는 데에 필요한 자금,Y,금액,,,7차(2024-11),,,
정책,PLCY,Policy,政策. 정치적 목적을 실현하기 위한 방책,N,,,,6차(2023-11),,,
정치,PLTC,Politics,政治. 나라를 다스리는 일,N,,,,8차(2025-11),,,
제3자,TDPTY,Third Party,第三者. 일정한 일에 직접 관계가 없는 사람,N,,제삼자,,6차(2023-11),,,
제3채무자,GRNS,Garnishee,"第三債務者. 채권 관계의 채무자에 대하여 채무가 있는 제삼자를, 원래의 채권자에 상대하여 이르는 말",N,,,,6차(2023-11),,,
제개정,ENAM,Enactment And Amendment,制改定. 제정과 개정을 아우르는 말,N,,,,7차(2024-11),,,
제거,RMVL,Removal,除去. 없애 버림,N,,,,8차(2025-11),,,
제경비,OVEXP,Overhead Expenses,諸經費. 직접비에 포함되지 아니하는 비용으로써 간접비를 말함,Y,비용,,,7차(2024-11),,,
제공,PVSN,Provision,提供. 무엇을 내주거나 갖다 바침,N,,,,1차(2020-08),,,
제공자,OFFR,Offerer,提供者. 무엇을 내주거나 갖다 바치는 사람,N,,,,6차(2023-11),,,
제기,RAIS,Raise,提起. 의견이나 문제를 내어놓음,N,,,,6차(2023-11),,,
제도,SYSTM,System,"制度. 관습이나 도덕, 법률 따위의 규범이나 사회 구조의 체계",N,,,,8차(2025-11),,,
제동,BRKG,Braking,制動. 기계나 자동차 따위의 운동을 멈추게 함,N,,,,8차(2025-11),,,
제목,TTL,Title,"題目. 작품이나 강연, 보고 따위에서, 그것을 대표하거나 내용을 보이기 위하여 붙이는 이름",Y,명,,,4차(2021-12),,,
제보,TPOF,Tip Off,提報. 정보를 제공함,N,,,,7차(2024-11),,,
제보자,INFMT,Informant,提報者. 정보를 제공하는 사람,N,,,,6차(2023-11),,,
제수당,SALW,Sundry Allowances,諸手當. 임금(賃金)을 구성하는 요소 가운데 기본급을 제외한 모든 수당. 통상적 수당과 기타 수당을 모두 합한 것이다,Y,금액,,,7차(2024-11),,,
제안,PRP,Proposal,提案. 안이나 의견으로 내놓음 또는 그 안이나 의견,N,,,,6차(2023-11),,,
제안자,PRPSR,Proposer,"提案者. 법률안이나 예산안, 의견 등을 제출하는 기관이나 사람",N,,,,6차(2023-11),,,
제약,RSTRCT,Restriction,制約. 조건을 붙여 내용을 제한함 또는 그 조건,N,,,,8차(2025-11),,,
제약회사,PHRMCO,Pharmaceutical Company,製藥會社. 약을 연구 개발·생산하거나 판매하는 회사,N,,,,8차(2025-11),,,
제어,CTRL,Control,制御/制馭. 기계나 설비 또는 화학 반응 따위가 목적에 알맞은 작용을 하도록 조절함,N,,,,8차(2025-11),,,
제외,EXCL,Exclusion,除外. 따로 떼어내어 한데 헤아리지 않음,N,,,,1차(2020-08),,,
제원,SPEC,Specifications,諸元. 기계류의 치수나 무게 따위의 성능과 특성을 나타낸 수적(數的) 지표,N,,,,7차(2024-11),,,
제작,FBCTN,Fabrication,製作. 재료를 가지고 기능과 내용을 가진 새로운 물건이나 예술 작품을 만듦,N,,,,3차(2021-10),,,
제작비,PRDCO,Production Cost,製作費. 물건이나 예술 작품을 만드는 데에 드는 비용,Y,비용,,,8차(2025-11),,,
제작사,MNFCTR,Manufacturer,製作社. 새로운 물건이나 예술 작품을 만드는 회사,N,,,,4차(2021-12),,,
제작자,PDCR,Producer,製作者. 물건이나 예술 작품을 만드는 사람,N,,,,6차(2023-11),,,
제작진,PRDSTF,Production Staff,"製作陣. 연기자를 제외한 연극, 영화, 방송의 제작에 관계하는 모든 사람",N,,스태프,,8차(2025-11),,,
제재,RSTRC,Restriction,制裁. 일정한 규칙이나 관습의 위반에 대하여 제한하거나 금지함 또는 그런 조치,N,,,,6차(2023-11),,,
제적,EXPL,Expulsion,"除籍. 학적, 당적 따위에서 이름을 지워 버림",N,,,,8차(2025-11),,,
제정,ENCT,Enactment,制定. 제도나 법률 따위를 만들어서 정함,N,,,,7차(2024-11),,,
제조,MNFTR,Manufacture,製造. 공장에서 큰 규모로 물건을 만듦,N,,,,3차(2021-10),,,
제조사,MKR,Maker,製造社. 물품을 만드는 일을 하는 회사,N,,제조회사,,2차(2020-12),,,
제조업,MFBIZ,Manufacturing Business,製造業. 물품을 대량으로 만드는 사업,N,,,,6차(2023-11),,,
제출,SBMSN,Submission,"提出. 문안(文案)이나 의견, 법안(法案) 따위를 냄",N,,,,1차(2020-08),,,
제출자,PRSNR,Presenter,"提出者. 문안(文案)이나 의견, 법안(法案) 따위를 내놓는 사람",N,,,,6차(2023-11),,,
제출처,SMPL,Submission Place,"提出處. 문안(文案)이나 의견, 법안(法案) 따위를 내는 곳",N,,,,6차(2023-11),,,
제품,PRDCT,Product,製品. 원료를 써서 물건을 만듦. 또는 그렇게 만들어 낸 물품,N,,,,5차(2022-07),,,
제한,LMT,Limit,制限. 일정한 한도를 정하거나 그 한도를 넘지 못하게 막음. 또는 그렇게 정한 한계,N,,,,3차(2021-10),,,
제휴,AFLT,Affiliation,提携. 행동을 함께하기 위하여 서로 붙들어 도와줌,N,,,,7차(2024-11),,,
조건,CND,Condition,條件. 어떤 일이 이루어지려면 갖추어져야 할 상태나 요소,N,,,,6차(2023-11),,,
조경면적,LAAR,Landscape Architecture Area,造景面積. 대지 안에 건축물의 면적에 따라 조경 사업을 수행해야 하는 면적,Y,면적,,,7차(2024-11),,,
조기,ERPD,Early Period,早期. 이른 시기,N,,,,8차(2025-11),,,
조달,PRCM,Procurement,調達. 자금이나 물자 따위를 대어 줌,N,,,,6차(2023-11),,,
조도,ILM,Illuminance,照度. 단위 면적이 단위 시간에 받는 빛의 양,Y,수,,,8차(2025-11),,,
조문,LPRVS,Legal Provision,條文. 규정이나 법령 따위에서 조목으로 나누어 적은 글,N,,,,6차(2023-11),,,
조사,EXMN,Examination,調査. 사물의 내용을 명확히 알기 위하여 자세히 살펴보거나 찾아봄,N,,,,1차(2020-08),,,
조사자,EXMNR,Examiner,調査者. 사물의 내용을 명확히 알기 위하여 자세히 살펴보거나 찾아보는 사람,N,,조사원,,2차(2020-12),,,
조선소,SHPYRD,Shipyard,造船所. 배를 만들거나 고치는 곳,N,,,,8차(2025-11),,,
조성,MAKE,Make,造成. 무엇을 만들어서 이룸,N,,,,8차(2025-11),,,
조세조약,TXTRT,Tax Treaty,租稅條約. 국가 간의 이중 과세를 막기 위하여 체결하는 국제 조약,N,,,,8차(2025-11),,,
조세특례,STXTR,Special Tax Treatment,"租稅特例. 조세 특례 제한법에서, 일정한 요건에 해당하는 경우의 특례 세율의 적용, 세액 감면, 세액 공제, 소득 공제, 준비금의 손금 산입 따위의 조세 감면과 특정 목적을 위한 익금산입, 손금불산입 따위의 중과세를 이르는 말",N,,,,8차(2025-11),,,
조식,BRKF,Breakfast,朝食. 아침 끼니로 먹는 밥,N,,,,8차(2025-11),,,
조정,AJMT,Adjustment,調整. 어떤 기준이나 실정에 맞게 정돈함,N,,,,4차(2021-12),,,
조직,OGNZ,Organization,組織. 특정한 목적을 달성하기 위하여 여러 개체나 요소를 모아서 체계 있는 집단을 이룸. 또는 그 집단,N,,,,5차(2022-07),,,
조직도,ORGCHT,Organization Chart,組織圖. 정부나 기업 따위와 같은 조직체의 구조와 권한 관계를 한눈에 알 수 있도록 나타낸 그림표,N,,,,7차(2024-11),,,
조치,ACTN,Action,措置. 벌어지는 사태를 잘 살펴서 필요한 대책을 세워 행함. 또는 그 대책,N,,,,1차(2020-08),,,
조치자,ACTPR,Action Person,措置者. 벌어지는 사태를 잘 살펴서 필요한 대책을 세워 행한 사람,N,,,,7차(2024-11),,,
조퇴,ERLV,Early Leave,早退. 정하여진 시간 이전에 물러남,N,,,,8차(2025-11),,,
조합,ASCT,Association,組合. 여럿을 한데 모아 한 덩어리로 짬,N,,,,6차(2023-11),,,
조합비,MBSDS,Membership Dues﻿,組合費. 조합의 구성원이 내는 회비,Y,비용,,,8차(2025-11),,,
조합원,MBRAS,Member Of Association,組合員. 조합에 가입한 사람,N,,,,6차(2023-11),,,
조회,INQ,Inquiry,照會. 어떠한 사항이나 내용이 맞는지 관계되는 기관 등에 알아보는 일,N,,,,1차(2020-08),,,
조회자,INQPR,Inquiry Person,照會者. 어떠한 사항이나 내용이 맞는지 그와 관련되는 기관 따위에 알아본 사람,N,,,,7차(2024-11),,,
존속,CNTNC,Continuance,存續. 어떤 대상이 그대로 있거나 어떤 현상이 계속됨,N,,,,8차(2025-11),,,
존재,EXST,Existence,存在. 현실에 실제로 있음 또는 그런 대상,N,,,,6차(2023-11),,,
존치,RTNT,Retention,存置. 제도나 설비 따위를 없애지 않고 그대로 둠,N,,,,8차(2025-11),,,
존폐,MTNABN,Maintenance Or Abolition,存廢. 존속과 폐지를 아울러 이르는 말,N,,,,4차(2021-12),,,
졸업,GRDTN,Graduation,卒業. 학생이 규정에 따라 소정의 교과 과정을 마침,N,,,,3차(2021-10),,,
종결,TRMN,Termination,終結. 일을 끝냄. 어떤 사태를 원인으로 하여 그 결과로 생기는 상태. 또는 일정한 논리적 전제로부터 이끌어 내게 되는 결론,N,,,,1차(2020-08),,,
종교,RLGN,Religion,宗敎. 신이나 초자연적인 절대자 또는 힘에 대한 믿음을 통하여 인간 생활의 고뇌를 해결하고 삶의 궁극적인 의미를 추구하는 문화 체계,N,,,,6차(2023-11),,,
종료,END,End,終了. 어떤 행동이나 일 따위가 끝남. 또는 행동이나 일 따위를 끝마침,N,,,,1차(2020-08),,,
종류,KND,Kind,種類. 사물의 부문을 나누는 갈래,N,,,,6차(2023-11),,,
종목,CLS,Class,種目. 여러 가지 종류에 따라 나눈 항목,N,,,,5차(2022-07),,,
종사업장,MRBPL,Minor Business Place,"從事業場. 사업자가 둘 이상의 사업장을 가지고 있을 때, 주된 사업장 이외의 사업장을 이르는 말",N,,,,7차(2024-11),,,
종사자,PRCTR,Practicioner,"從事者. 일정한 직업이나 부문, 일 따위에 종사하는 사람",N,,,,7차(2024-11),,,
종일,ALDY,All Day,終日. 아침부터 저녁까지의 동안,N,,,,7차(2024-11),,,
종자,SEED,Seed,種子. 식물에서 나온 씨 또는 씨앗,N,,,,8차(2025-11),,,
종전,PRVS,Previous,從前. 지금보다 이전,N,,,,8차(2025-11),,,
종점,EDPNT,End Point,"終點. 기차, 버스, 전차 따위를 운행하는 일정한 구간의 맨 끝이 되는 지점",N,,,,7차(2024-11),,,
종합,SNTHS,Synthesize,綜合. 여러 가지를 한데 모아서 합함,N,,,,6차(2023-11),,,
종합주가지수,KOSPI,Korean Composite Stock Price Index,綜合株價指數. 증권 시장에 상장된 모든 종목의 주가 변동을 날마다 종합한 지표,Y,율,,,6차(2023-11),,,
좌석,SEAT,Seat,座席. 앉을 수 있게 마련된 자리,N,,,,6차(2023-11),,,
좌측,LFSD,Left Side,左側. 북쪽을 향하였을 때의 서쪽과 같은 쪽,N,,왼쪽,,8차(2025-11),,,
주간근무,DYSFT,Day Shift,晝間勤務. 해가 뜬 후부터 해가 지기 전까지 직무에 종사함,N,,,,8차(2025-11),,,
주거공용면적,DCAR,Dwelling Common Area,"住居公用面積. 아파트 출입 현관과 계단, 복도, 엘리베이터 등과 같이 다른 집과 함께 쓰는 공간의 면적",Y,면적,,,7차(2024-11),,,
주거급여수급,HBRCP,Housing Benefit Receipt,住居給與受給. 저소득층에게 주거비를 지원하여 주거 안정을 도모하는 정부의 공적 정책 제도를 통해 금전적 혜택을 받음,N,,,,8차(2025-11),,,
주거래은행,MBNK,Main Bank,主去來銀行. 어떤 기업의 거래 은행 가운데 가장 많은 돈을 융자하여 주고 자본 관계뿐만 아니라 인적ㆍ정보적으로도 밀접한 관련이 있는 은행,N,,,,6차(2023-11),,,
주거전용면적,NRAR,Net Residential Area,"住居專用面積. 아파트 따위의 공동 주택에서 출입구, 엘리베이터, 계단 등 공용 면적을 뺀 나머지 바닥 면적",Y,면적,,,8차(2025-11),,,
주건축물,MBLD,Main Building,"主建築物. 대지 내에 건물이 둘 이상 있는 때, 주요한 역할이나 기능을 하는 건물. 전통 건축의 경우 주 건축물인 본채를 중심으로 하여 앞채, 아래채, 바깥채, 안채, 사랑채 따위의 건물이 있다",N,,,,5차(2022-07),,,
주계약자,MCNTR,Main Contractor,主契約者. 계약을 맺은 사람 가운데 가장 주된 사람,N,,,,7차(2024-11),,,
주관,SPRVSN,Supervision,主管. 어떤 일을 책임을 지고 맡아 관리함,N,,,,3차(2021-10),,,
주관식,SBJV,Subjective,主觀式. ‘서답형’을 일상적으로 이르는 말,N,,,,7차(2024-11),,,
주근무,WKLWK,Weekly Work,週勤務. 1주일(7일) 동안 직무에 종사함,N,,,,8차(2025-11),,,
주기,CYCLE,Cycle,週期. 같은 현상이나 특징이 한 번 나타나고부터 다음번 되풀이되기까지의 기간,N,,,,8차(2025-11),,,
주담당자,MPIC,Main Person In Charge,主擔當者. 어떤 일을 맡아서 하는 사람 가운데 가장 주된 사람,N,,,,7차(2024-11),,,
주말,WKND,Weekend,週末. 한 주일의 끝 무렵. 주로 토요일부터 일요일까지를 이른다,N,,,,7차(2024-11),,,
주무관청,CPATHR,Competent Authority,主務官廳. 어떤 사무를 주장하여 맡아보는 행정 관청,N,,,,8차(2025-11),,,
주문,ORDR,Order,"注文. 어떤 상품을 만들거나 파는 사람에게 그 상품의 생산이나 수송, 또는 서비스의 제공을 요구하거나 청구함. 또는 그 요구나 청구",N,,,,3차(2021-10),,,
주문자,ORDRR,Orderer,注文者. 물품 따위를 주문하는 사람이나 단체,N,,,,6차(2023-11),,,
주민등록번호,RRNO,Resident Registration Number,住民登錄番號. 주민등록을 할 때 국가에서 국민에게 부여하는 고유번호,Y,주민등록번호,,주민번호,1차(2020-08),,,
주민세,RSDTX,Resident Tax,"住民稅. 지방세의 하나. 그 지역에 거주하는 개인과 그 지역에 사무소나 사업소를 둔 법인, 또는 그들의 소득에 대하여 부과",Y,금액,,,4차(2021-12),,,
주민세율,RSTXRT,Residence Tax Rate,住民稅率. 지방세의 하나인 주민세의 세율,Y,율,,,7차(2024-11),,,
주부속,MANX,Main Annex,主附屬. 주된 사물이나 기관에 딸려서 붙음. 또는 그렇게 딸려 붙은 사물 중의 우선 순위가 높음,N,,,,5차(2022-07),,,
주사업자,MBPR,Main Business Person,"主事業者. 둘 이상의 사업자가 있을 때, 주된 사업자를 이르는 말",N,,,,7차(2024-11),,,
주사업장,MBPL,Main Business Place,"主事業場. 사업자가 둘 이상의 사업장을 가지고 있을 때, 주된 사업장을 이르는 말",N,,,,7차(2024-11),,,
주상복합,MUBLD,Mixed-Use Buildings,住商複合. 한 건물에 주거지와 상가가 함께 있는 것,N,,,,7차(2024-11),,,
주석,ANTN,Annotation,註釋. 낱말이나 문장의 뜻을 쉽게 풀이함 또는 그런 글,N,,,,6차(2023-11),,,
주소,ADDR,Address,"住所. 사람이 살고 있는 곳이나 기관, 회사 따위가 자리 잡고 있는 곳을 행정 구역으로 나타낸 이름",Y,주소,,,2차(2020-12),,,
주소록,ADBK,Address Book,住所錄. 여러 사람의 주소를 적어 모아 둔 장부,N,,,,7차(2024-11),,,
주수,WKCNT,Week Count,週數. 일정 기간을 주 단위로 계산한 수,Y,수,,,7차(2024-11),,,
주식,STCK,Stock,株式. 주식회사의 자본을 구성하는 단위,N,,,,6차(2023-11),,,
주요,MAIN,Main,主要. 주되고 중요함,N,,,,5차(2022-07),,,
주유,RFL,Refueling,注油. 자동차 따위에 기름을 넣음,N,,,,7차(2024-11),,,
주유소,GSTN,Gas Station,注油所. 자동차 따위에 기름을 넣는 곳,N,,,,7차(2024-11),,,
주의,CUTN,Caution,注意. 마음에 새겨 두고 조심함,N,,,,6차(2023-11),,,
주저자,PRAUT,Primary Author,主著者. 글이나 책을 함께 쓴 여러 사람 가운데 주장이나 중심이 되는 사람,N,,,,6차(2023-11),,,
주제,TPC,Topic,主題. 대화나 연구 따위에서 중심이 되는 문제,N,,,,6차(2023-11),,,
주주,STHD,Stockholder,株主. 주식을 가지고 직접 또는 간접으로 회사 경영에 참여하고 있는 개인이나 법인,N,,,,7차(2024-11),,,
주차,PRK,Parking,駐車. 자동차를 일정한 곳에 세워 둠,N,,,,6차(2023-11),,,
주차장,PKLT,Parking Lot,駐車場. 차를 세워 두도록 마련한 곳,N,,,,6차(2023-11),,,
주차장면적,PKLTAR,Parking Lot Area,駐車場面積. 차를 세워 두도록 마련한 곳의 면적,Y,면적,,,6차(2023-11),,,
주체,MNBD,Main Body,主體. 어떤 단체나 물건의 주가 되는 부분,N,,,,7차(2024-11),,,
주최,HST,Host,主催. 행사나 모임을 주장하고 기획하여 엶,N,,,,6차(2023-11),,,
주치의,ATPSN,Attending Physician,主治醫. 어떤 사람의 병을 맡아서 치료하는 의사,N,,,,8차(2025-11),,,
주택,HS,House,住宅. 사람이 들어가 살 수 있게 지은 건물,N,,,,6차(2023-11),,,
주택면적,HSAR,House Area,住宅面積. 사람이 들어가 살 수 있게 지은 건물의 면적,Y,면적,,,6차(2023-11),,,
주특기,MNSP,Main Specialty,主特技. 주된 특기,N,,,,8차(2025-11),,,
주파수,FRQ,Frequency,周波數. 전파나 음파가 1초 동안에 진동하는 횟수,Y,수,,,8차(2025-11),,,
주행,DRVNG,Driving,走行. 주로 동력으로 움직이는 자동차나 열차 따위가 달림,N,,,,8차(2025-11),,,
주휴,WKHLDY,Weekly Holiday,週休. 한 주일에 한 번 휴가가 있는 것 또는 그 휴가,N,,,,8차(2025-11),,,
준공,CMCN,Completion of Construction,竣工. 공사를 다 마침,N,,,,1차(2020-08),,,
준비금,RSFND,Reserve Fund,準備金. 은행이나 회사가 이익금의 일부를 장래에 대비하여 자체적으로 보관하여 두는 돈,Y,금액,,,8차(2025-11),,,
준수,CMPLNC,Compliance,"遵守. 전례나 규칙, 명령 따위를 그대로 좇아서 지킴",N,,,,8차(2025-11),,,
중가산금,IADUE,Increased Additional Dues,重加算金. 행정법에서 규정한 지급 의무를 진 사람이 그 의무를 위반한 경우에 국세 징수법에 의하여 반복적으로 일정한 금전적 부담을 의무 위반에 대한 제재로서 부과하는 일,Y,금액,,,8차(2025-11),,,
중간,MD,Middle,中間. 두 사물의 사이,N,,,,6차(2023-11),,,
중개,MDT,Mediation,仲介. 제삼자로서 두 당사자 사이에 서서 일을 주선함,N,,,,6차(2023-11),,,
중권역,MSIRB,Middle Sphere of Influence in a River Basin,"中圈域. 규모가 큰 지역하천이 공공수역으로 합류하는 지점의 상류 집수구역을 기준으로 환경자료의 수집 및 관리, 유력의 수질오염물질 총량관리, 이수(利水) 및 치수의 측면을 고려하여 구분한 수계영향권",N,,,,7차(2024-11)(폐기후제정),,,
중단,ITRP,Interruption,中斷. 중도에서 끊어지거나 끊음,N,,,,6차(2023-11),,,
중도,MDWY,Midway,中途. 일이 진행되어 가는 동안,N,,,,7차(2024-11),,,
중도금,ITRPY,Interim Payment,中途金. 계약금을 치르고 나서 마지막 잔금을 치르기 전에 지불하는 돈,Y,금액,,,7차(2024-11),,,
중량,WGHT,Weight,重量. 물건의 무거운 정도,Y,수,무게,,7차(2024-11),,,
중문,CHNS,Chinese Sentence,中文. 중국어로 쓴 글 또는 중국어를 표기하는 데 쓰는 문자,N,,,,7차(2024-11),,,
중복,DPCN,Duplication,重複. 거듭하거나 겹침,N,,,,1차(2020-08),,,
중분류,MCLSF,Medium-Scale Classification,中分類. 대분류보다 자세하고 소분류보다 넓은 범위로 가름,N,,,,5차(2022-07),,,
중상자,SRIPR,Seriously Injured Person,重傷者. 아주 심하게 다친 사람,N,,,,7차(2024-11),,,
중소기업,SME,Small and Medium Enterprise,"中小企業. 자본금, 종업원 수, 총자산, 자기 자본 및 매출액 따위의 규모가 대기업에 비하여 상대적으로 작은 기업",N,,,,6차(2023-11),,,
중심,CEN,Center,中心. 사물의 한가운데,N,,,,8차(2025-11),,,
중요,IMPT,Important,重要. 귀중하고 요긴함,N,,,,6차(2023-11),,,
중요도,IMPRT,Importance,重要度. 중요한 정도,N,,,,8차(2025-11),,,
중점,EMPHS,Emphasis,重點. 가장 중요하게 여겨야 할 점,N,,,,7차(2024-11),,,
중증장애인생산품,PMPSD,Products Made By People With Severe Disabilities,"重症障礙人生産品. 중증장애인이 직접 생산에 참여하거나, 고용되어 생산한 제품 또는 용역으로 인증받은 물품",N,,,,8차(2025-11),,,
중지,HLT,Halt,中止. 하던 일을 중도에서 그만둠,N,,,,6차(2023-11),,,
중학교,MDSCHL,Middle School,中學校. 초등학교와 고등학교 사이에 중등 보통 교육을 실시하기 위한 학교,N,,,,8차(2025-11),,,
즉시,IMDT,Immediately,卽時. 어떤 일이 행하여지는 바로 그때,N,,,,8차(2025-11),,,
즐겨찾기,BKMK,Bookmark,즐겨찾기. 월드 와이드 웹에서 사용자가 다시 방문하고 싶은 누리집의 주소를 등록해 놓고 나중에 쉽게 바로 찾아갈 수 있도록 하는 기능,N,,,,6차(2023-11),,,
증가,INCRS,Increase,增加. 양이나 수치가 늚,N,,,,7차(2024-11),,,
증가율,GRWRT,Growth Rate,增加率. 늘어나는 비율,Y,율,,,7차(2024-11),,,
증감,ICDC,Increase And Decrease,增減. 많아지거나 적어짐 또는 늘리거나 줄임,N,,,,6차(2023-11),,,
증거,EVDN,Evidence,證據. 어떤 사실을 증명할 수 있는 근거,N,,,,8차(2025-11),,,
증권,SCRT,Securities,證券. 재산상의 권리와 의무에 관한 사항을 기재한 서면. 유가 증권과 증거 증권이 있다,N,,,,5차(2022-07),,,
증명서,PRDOC,Proof Documentation,證明書. 어떤 사실을 증명하는 문서,N,,,,6차(2023-11),,,
증발량,EVAMT,Evaporation Amount,蒸發量. 일정한 시간 안에 물의 표면에서 수증기가 증발하는 양,Y,수,,,7차(2024-11),,,
증빙,EVDNC,Evidence,證憑. 신빙성 있는 증거로 삼음 또는 그 증거,N,,,,6차(2023-11),,,
증상,SYMP,Symptom,症狀. 병을 앓을 때 나타나는 여러 가지 상태나 모양,N,,,,8차(2025-11),,,
증액,ICAMT,Increased Amount,"增額. 액수를 늘리거나, 그 액수",N,,,,7차(2024-11),,,
지각,LTNS,Lateness,遲刻. 정해진 시각보다 늦게 출근하거나 등교함,N,,,,8차(2025-11),,,
지구,DSTRCT,District,地區. 일정한 기준에 따라 여럿으로 나눈 땅의 한 구획,N,,,,5차(2022-07),,,
지급,GIVE,Give,支給. 돈이나 물품 따위를 정하여진 몫만큼 내줌,N,,,,1차(2020-08),,,
지급인,PAYR,Payer,支給人. 일정 금액을 내주는 사람,N,,,,7차(2024-11),,,
지급처,PMPL,Payment Place,支給處. 돈이나 물품 따위를 정하여진 몫만큼 내주는 곳,N,,,,6차(2023-11),,,
지도교수,ACAVSR,Academic Adviser,"指導敎授. 자기가 직접 가르치는 학생이나, 학업 따위의 문제로 상담을 요청해 오는 학생을 지도하는 교수",N,,,,6차(2023-11),,,
지령,DRTV,Directive,指令. 상급 관청이 하급 관청에 그 소관 사무에 관하여 내리는 명령,N,,,,7차(2024-11),,,
지로,GIRO,Giro,"Giro. 은행 따위의 금융권에서, 돈을 보내는 사람의 부탁을 받아 돈을 받을 일정한 번호의 개인이나 단체의 예금 계좌에 돈을 넣어 주는 방식",N,,,,6차(2023-11),,,
지목,LDCG,Land Category,地目. 주된 용도에 따라 땅을 구분하는 명목,N,,,,2차(2020-12),,,
지목면적,LDCGAR,Land Category Area,地目面積. 주된 용도에 따라 땅을 구분하는 명목의 면적,Y,면적,,,6차(2023-11),,,
지문,FNGPRT,Fingerprint,指紋. 손가락 끝마디 안쪽에 있는 살갗의 무늬 또는 그것이 남긴 흔적,N,,,,8차(2025-11),,,
지방,LCL,Local,地方. 어느 방면의 땅,N,,,,6차(2023-11),,,
지방보조금,LCSBS,Local Subsidy,"地方自治團體. 법령 또는 조례에 따라 특정 사업, 단체, 개인 등에 지급하는 금전적 지원",Y,금액,,,8차(2025-11),,,
지방비,LCEXP,Local Expenditure,地方費. 지방 자치 단체의 경비,Y,비용,,,8차(2025-11),,,
지방세,LCLTX,Local Tax,地方稅. 지방 자치 단체가 그 주민에게 물리는 세금,Y,금액,,,6차(2023-11),,,
지방자치단체,LCLGV,Local Government,"地方自治團體. 특별시ㆍ광역시ㆍ도ㆍ시ㆍ군과 같이, 국가 영토의 일부를 구역으로 하여 그 구역 내에서 법이 인정하는 한도의 지배권을 소유하는 단체",N,,지자체,,6차(2023-11),,,
지방채,MCPBND,Municipal Bond,地方債. 지방 자치 단체가 재정적인 필요에 따라 발행하는 채권,Y,금액,,,4차(2021-12),,,
지방청,LGVOFC,Local Government Office,地方廳. 중앙 관청의 사무를 분담하려고 지방에 두는 국가 행정 기관,N,,,,6차(2023-11),,,
지번,LOTNO,Lot Number,地番. 토지의 일정한 구획을 표시한 번호,N,,,,2차(2020-12),,,
지분,SHR,Share,"持分. 공유물이나 공유 재산 따위에서, 공유자 각자가 소유하는 몫 또는 그런 비율",N,,,,6차(2023-11),,,
지분율,SHRT,Share Ratio,持分率. 전체의 대상물에 대하여 자신의 몫이 차지하는 비율,Y,율,,,6차(2023-11),,,
지불,DFRY,Defrayal,支拂. 돈을 내어줌 또는 값을 치름,N,,,,7차(2024-11),변경,공통표준단어 설명,유관 단어와의 통일성 및 적합성을 고려하여 설명 수정
지붕,ROOF,Roof,지붕. 집의 맨 꼭대기 부분을 덮어 씌우는 덮개,N,,,,5차(2022-07),,,
지사,BROF,Branch Office,"支社. 본사에서 갈려 나가, 본사의 관할 아래 일정한 지역에서 본사의 일을 대신 맡아 하는 곳",N,,,,5차(2022-07),,,
지상,GRND,Ground,地上. 땅의 위,N,,,,2차(2020-12),,,
지속,CONTN,Continuation,持續. 어떤 상태가 오래 계속됨 또는 어떤 상태를 오래 계속함,N,,,,8차(2025-11),,,
지수,IDX,Index,指數. 어떤 수나 문자의 오른쪽 위에 덧붙여 쓰여 그 거듭제곱을 한 횟수를 나타내는 문자나 숫자,Y,율,,,7차(2024-11),,,
지시,DRCTN,Direction,指示. 일러서 시킴 또는 그 내용,N,,,,6차(2023-11),,,
지식,KNWL,Knowledge,知識. 어떤 대상에 대하여 배우거나 실천을 통하여 알게 된 명확한 인식이나 이해,N,,,,7차(2024-11),,,
지식재산권,IPR,Intellectual Property Rights,知識財産權. 지적 활동으로 인하여 발생하는 모든 재산권,N,,,,6차(2023-11),,,
지역,RGN,Region,地域. 전체 사회를 어떤 특징으로 나눈 일정한 공간 영역,N,,,,4차(2021-12),,,
지역구,LCCNS,Local Constituencies,地域區. 일정한 지역을 한 단위로 하여 설정된 선거구,N,,,,8차(2025-11),,,
지연,DLY,Delay,遲延. 무슨 일을 더디게 끌어 시간을 늦춤 또는 시간이 늦추어짐,N,,지체,,6차(2023-11),,,
지원,SPRT,Support,支援. 지지하여 도움,N,,,,2차(2020-12),,,
지원비,SPCO,Support Cost,支援費. 어떤 개인이나 단체 따위를 지지하여 돕는 일에 드는 비용,Y,비용,,,8차(2025-11),,,
지원자,APLCT,Applicant,志願者. 어떤 일이나 조직에 뜻을 두어 한 구성원이 되기를 바라는 사람,N,,,,8차(2025-11),,,
지적,PTOUT,Point Out,指摘. 꼭 집어서 가리킴,N,,,,6차(2023-11),,,
지적면적,PBCDAR,Public Cadastre Area,地籍面積. 지적공부상에 등록된 면적,Y,면적,,,6차(2023-11),,,
지점,BRNCH,Branch,支店. 본점에서 갈라져 나온 점포. 본점의 지휘와 명령에 따르면서도 부분적으로 독립한 기능을 가지고 있다,N,,,,5차(2022-07),,,
지정,DSGN,Designation,指定. 가리키어 확실하게 정함,N,,,,1차(2020-08),,,
지질,GEOFT,Geological Features,地質. 지각을 이루는 여러 가지 암석이나 지층의 성질 또는 상태,N,,,,8차(2025-11),,,
지체상금,LQDMG,Liquidated Damages,遲滯償金. 의무 이행을 정당한 이유 없이 늦추었을 때 내는 배상금,Y,금액,,,7차(2024-11),,,
지출,EXPND,Expenditure,支出. 어떤 목적을 위하여 돈을 지급하는 일,N,,,,4차(2021-12),,,
지출목,EXPITM,Expenditure Item,支出目. 예산이나 회계에서 돈이나 자금이 사용되거나 지출되는 구체적인 항목,N,,,,8차(2025-11),,,
지침,GDLN,Guideline,指針. 생활이나 행동 따위의 지도적 방법이나 방향을 인도하여 주는 준칙,N,,,,8차(2025-11),,,
지표,IDCT,Indicator,"指標. 방향이나 목적, 기준 따위를 나타내는 표지",N,,,,6차(2023-11),,,
지하,UDGD,Underground,地下. 땅속이나 땅속을 파고 만든 구조물의 공간,N,,,,1차(2020-08),,,
지하수,UGWTR,Underground Water,地下水. 땅속의 토사・암석 따위의 빈틈을 채우고 있는 물,N,,,,7차(2024-11),,,
직경,DMTR,Diameter,"直徑. 원이나 구 따위에서, 중심을 지나는 직선으로 그 둘레 위의 두 점을 이은 선분 또는 그 선분의 길이",Y,수,지름,,8차(2025-11),,,
직계존속,LNAS,Lineal Ascendant,直系尊屬. 조상으로부터 직계로 내려와 자기에 이르는 사이의 혈족,N,,,,8차(2025-11),,,
직군,JGRP,Job Group,職群. 성질이 유사한 직무를 한데 뭉뚱그려 군으로 묶은 것,N,,,,7차(2024-11),,,
직급,JBGD,Job Grade,"職級. 직무의 등급. 일의 종류나 난이도, 책임도 따위가 상당히 비슷한 직위를 한데 묶은 최하위의 구분",N,,,,2차(2020-12),,,
직렬,JBSRS,Job Series,職列. 직무의 종류가 유사하고 책임과 어려움의 정도가 다른 직급의 계열,N,,,,6차(2023-11),,,
직류,TPOC,Type Of Occupation,職類. 맡은 직위나 직무를 나누는 갈래,N,,,,7차(2024-11),,,
직무,DUTY,Duty,職務. 직책이나 직업상에서 책임을 지고 담당하여 맡은 사무,N,,,,6차(2023-11),,,
직불카드,DBCRD,Debit Card,直拂CARD. 단말기를 통해 대금을 결제하면 대금이 고객의 은행 계좌에서 가맹점의 은행 계좌로 직접 이체되는 카드,N,,,,8차(2025-11),,,
직업,CR,Career ,職業. 생계를 유지하기 위하여 자신의 적성과 능력에 따라 일정한 기간 동안 계속하여 종사하는 일,N,,,,5차(2022-07),,,
직원,EMP,Employee,職員. 일정한 직장에 근무하는 사람을 통틀어 이르는 말,N,,사원,종업원,2차(2020-12),,,
직위,JBPS,Job Position ,職位. 직무에 따라 규정되는 사회적ㆍ행정적 위치,N,,,,2차(2020-12),,,
직인,OFSL,Office Seal,職印. 직무상 쓰는 도장. 공무원이나 회사원들의 직위 명칭에 '인(印)'자를 붙인다,N,,,,7차(2024-11),,,
직장,WRC,Workplace,職場. 사람들이 일정한 직업을 가지고 일하는 곳,N,,일터,,2차(2020-12),,,
직접,DRCT,Direct,直接. 중간에 제삼자나 매개물이 없이 바로 연결되는 관계,N,,,,6차(2023-11),,,
직접비,DRCO,Direct Cost,"直接費. 제품을 만드는 데 드는 재료비, 노무비 따위의 비용",Y,비용,,,7차(2024-11),,,
직제,OFORG,Office Organization,職制. 직무나 직위에 관한 제도,N,,,,7차(2024-11),,,
직종,OCPT,Occupation,職種. 직업이나 직무의 종류,N,,,,2차(2020-12),,,
직책,JBTTL,Job Title,職責. 직무상의 책임,N,,,,4차(2021-12),,,
직통,DRLN,Direct Line,直通. 전화 따위가 두 지점 사이에 장애나 중계 없이 바로 통함,N,,,,7차(2024-11),,,
진단,DGNS,Diagnosis,診斷. 의사가 환자의 병 상태를 판단하는 일,N,,,,6차(2023-11),,,
진료,MDEXM,Medical Examination,診療. 의사가 환자를 진찰하고 치료하는 일,N,,,,6차(2023-11),,,
진료비,MDSFE,Medical Service Fee,診療費. 진찰받는 환자가 의사나 병원에 치르는 요금,Y,비용,,,8차(2025-11),,,
진수,LNCH,Launching,進水. 새로 만든 배를 조선대에서 처음으로 물에 띄움,N,,,,8차(2025-11),,,
진술,STMT,Statement,陳述. 일이나 상황에 대하여 자세하게 이야기함 또는 그런 이야기,N,,,,8차(2025-11),,,
진행,PRGRS,Progress,進行. 일 등을 처리하여 나감,N,,,,3차(2021-10),,,
진행률,PRGRT,Progress Rate,進行率. 일 따위를 처리하여 나가는 정도 또는 그 비율,Y,율,,,6차(2023-11),,,
질권,PLDRG,Pledge Right,"質權. 채무자가 돈을 갚을 때까지 채권자가 담보물을 간직할 수 있고, 채무자가 돈을 갚지 아니할 때에는 그것으로 우선 변제를 받을 수 있는 권리",N,,,,8차(2025-11),,,
질문,QSTN,Question,質問. 알고자 하는 바를 얻기 위해 물음,N,,,,5차(2022-07),변경,이음동의어 목록,이음동의어(질의) 삭제
질문자,QSTNR,Questioner,質問者. 모르거나 의심나는 점을 묻는 사람,N,,,,7차(2024-11),,,
질병,DSS,Disease,疾病. 몸의 온갖 병,N,,,,5차(2022-07),,,
질의응답,QNA,Question And Answer,質疑應答. 의심나거나 모르는 점을 물음에 응하여 답함,N,,,,7차(2024-11),,,
집계,TOT,Total,集計. 이미 된 계산들을 한데 모아서 계산함. 또는 그런 계산,N,,,,1차(2020-08),,,
집단,GRUP,Group,集團. 여럿이 모여 이룬 모임,N,,,,8차(2025-11),,,
집합건물,CNBD,Condominium Buildings,"集合建物. 아파트, 연립주택, 다세대주택 등 '집합건물의 소유 및 관리에 관한 법률'의 적용을 받는 건물",N,,,,2차(2020-12),,,
집행,IMPL,Implementation,執行. 실제로 시행함,N,,,,2차(2020-12),,,
집회,GTHR,Gathering,集會. 여러 사람이 어떤 목적을 위하여 일시적으로 모임 또는 그런 모임,N,,,,6차(2023-11),,,
징계,DSPN,Disciplinary Punishment,懲戒. 허물이나 잘못을 뉘우치도록 나무라며 경계함,N,,,,6차(2023-11),,,
징구,CLRQ,Collection Request,"徵求. 돈, 곡식 따위를 내놓으라고 요구함",N,,,,6차(2023-11),,,
징수,CLCTN,Collection,"徵收. 나라, 공공 단체, 지주 등이 돈, 곡식, 물품 따위를 거두어들임",N,,,,6차(2023-11),,,
징수관,CLTOR,Collector,"徵收官. 국가나 공공 단체가 행정 목적을 달성하기 위하여 국민들로부터 조세, 수수료, 현품 등을 강제적으로 거두어들이는 세관",N,,,,7차(2024-11),,,
쪽,PAGE,Page,쪽. 책이나 장부 따위의 한 면,N,,페이지,,5차(2022-07),,,
쪽지,NOTE,Note,쪽紙. 어떤 내용의 글을 적은 종이쪽,N,,,,6차(2023-11),,,
차감,SBTR,Subtraction,差減. 비교하여 덜어 냄 또는 비교하여 줄어든 차이,N,,,,6차(2023-11),,,
차금,DFAMT,Difference Amount,差金. 어떤 액수에서 덜어 내고 남은 돈,Y,금액,,,8차(2025-11),,,
차기,NXTM,Next Term,次期. 다음 시기,N,,,,7차(2024-11),,,
차년도,NXTYR,Next Year,次年度. 다음 연도,N,,,,8차(2025-11),,,
차단,SHTOT,Shut Out,遮斷. 액체나 기체 따위의 흐름 또는 통로를 막거나 끊어서 통하지 못하게 함,N,,,,6차(2023-11),,,
차대번호,VIN,Vehicle Identification Number,車臺番號. 차량의 도난을 방지하고 차량 결함을 파악하기 위해서 자동차의 보닛 안에 적어 놓은 자동차의 개별 번호,Y,차대번호,,,2차(2020-12),,,
차량,VHCL,Vehicle,車輛. 도로나 선로 위를 달리는 모든 차를 통틀어 이르는 말,N,,,,5차(2022-07),,,
차로,LANE,Lane,車路. 차마가 한 줄로 도로의 정하여진 부분을 통행하도록 차선(車線)으로 구분한 차도의 부분,N,,,,5차(2022-07),,,
차변,DBSD,The Debit Side,借邊. 부기(簿記)에서 계정 계좌의 왼쪽,N,,,,6차(2023-11),,,
차상위,SHGHRK,The Second Highest Rank,次上位. 특정 기준에 따라 위에서 두 번째에 해당하는 등급이나 위치,N,,,,4차(2021-12),,,
차상위계층,LICLS,Low Income Class,次上位階層. 경제적으로 최하위 계층과 비슷하거나 약간 더 나은 계층. 근로 능력과 약간의 고정 재산이 있어서 소득이 최저 생계비를 초과하므로 기초 생활 수급자로서의 혜택을 받을 수 없는 잠재적 빈곤층이다,N,,,,6차(2023-11),,,
차선,TRFLN,Traffic Lane,車線. 자동차 도로에 주행 방향을 따라 일정한 간격으로 그어 놓은 선,N,,,,4차(2021-12),,,
차수,CYCL,Cycle,次數. 주기나 경과의 해당 시기를 나타내는 말,Y,수,,,5차(2022-07),,,
차이,DIFF,Difference,差異. 서로 같지 아니하고 다름 또는 그런 정도나 상태,N,,,,6차(2023-11),,,
차익,GAIN,Gain,"差益. 매매의 결과나 가격, 환시세의 개정이나 변동 따위로 생기는 이익 또는 그 이익의 액수",Y,금액,,,8차(2025-11),,,
차입,BRW,Borrowing,借入. 돈이나 물건을 꾸어 들임,N,,,,6차(2023-11),,,
차입금,BRWNG,Borrowings,借入金. 꾸어 들인 돈,N,,,,8차(2025-11),,,
차입처,LNDSRC,Lending Source,借入處. 돈이나 물건을 빌려 온 곳,N,,,,8차(2025-11),,,
차종,CARMDL,Car Model,"車種. 철도 차량, 자동차 따위의 종류",N,,,,5차(2022-07),,,
착공,BGNCST,Begin Construction,着工. 공사를 시작함,N,,,,1차(2020-08),,,
착수,OTST,Outset,着手. 어떤 일에 손을 댐 또는 어떤 일을 시작함,N,,,,6차(2023-11),,,
찬성,APRVL,Approval,"贊成. 어떤 행동이나 견해, 제안 따위가 옳거나 좋다고 판단하여 수긍함",N,,,,8차(2025-11),,,
참가,PRTCP,Participation,參加. 모임이나 단체 또는 일에 관계하여 들어감,N,,,,8차(2025-11),,,
참가비,ENTFE,Entry Fee,參加費. 모임이나 행사 따위에 참여하여 활동하는 대가로 내는 비용,Y,비용,,,7차(2024-11),,,
참고,REF,Reference,參考. 살펴서 생각함,N,,,,6차(2023-11),,,
참석,ATND,Attendance,參席. 모임이나 회의 따위의 자리에 참여함,N,,,,1차(2020-08),,,
참석자,ATD,Attendee,參席者. 모임이나 회의 따위의 자리에 참여하는 사람,N,,,,6차(2023-11),,,
참여,PTCP,Participation,參與. 어떤 일에 끼어들어 관계함,N,,,,6차(2023-11),,,
참여율,PTRT,Participation Rate,參與率. 어떤 일에 끼어들어 관계하는 비율,Y,율,,,6차(2023-11),,,
참여자,PRTPNT,Participant,參與者. 어떤 일에 끼어들어 관계하는 사람,N,,,,4차(2021-12),,,
참조,RFRNC,Reference,參照. 참고로 비교하고 대조하여 봄,N,,,,5차(2022-07),,,
참조자,RFPR,Reference Person,參照者. 업무상의 서신이나 이메일을 참조하는 수신자,N,,,,7차(2024-11),,,
창고,WRHUS,Warehouse,倉庫. 물건이나 자재를 저장하거나 보관하는 건물,N,,,,7차(2024-11),,,
창구,CNTER,Counter,"窓口. 사무실이나 영업소 따위에서, 손님과 문서·돈·물건 따위를 주고받을 수 있게 조그마하게 창을 내거나 대를 마련하여 놓은 곳",N,,,,8차(2025-11),,,
창업,STUP,Start Up,創業. 사업 따위를 처음으로 이루어 시작함,N,,,,6차(2023-11),,,
창업자,FNDR,Founder,創業者. 회사 따위를 처음으로 세워 사업을 시작한 사람,N,,,,6차(2023-11),,,
창출,CRTN,Creation,創出. 전에 없던 것을 처음으로 생각하여 지어내거나 만들어 냄,N,,,,8차(2025-11),,,
채권,BND,Bond,債權/債權. 남에게 빌린 돈의 금액을 적는 장부 또는 재산권의 하나로 특정인이 다른 특정인에게 어떤 행위를 청구할 수 있는 권리,N,,,,6차(2023-11),변경,공통표준단어 설명,유관 단어와의 통일성 및 적합성을 고려하여 설명 수정
채권자,CRDTR,Creditor,債權者. 특정인에게 일정한 빚을 받아 낼 권리를 가진 사람,N,,,,5차(2022-07),,,
채널,CHNL,Channel,Channel. 어떠한 일을 이루는 방법이나 정보가 전달되는 경로,N,,,,8차(2025-11),,,
채무,DBT,Debt,債務. 재산권의 하나로 특정인이 다른 특정인에게 어떤 행위를 하여야 할 의무,N,,,,6차(2023-11),,,
채무불이행,DFOBL,Default On An Obligation,債務不履行. 채무자가 정당한 이유 없이 채무의 내용대로 이행하지 아니하는 일,N,,,,6차(2023-11),,,
채무자,DBTR,Debtor,債務者. 특정인에게 일정한 빚을 갚아야 할 의무를 가진 사람,N,,,,5차(2022-07),,,
채수,WTSMP,Water Sampling,採水. 강물이나 바닷물의 물리적ㆍ화학적 특성을 연구하기 위하여 서로 다른 깊이의 물을 떠올리는 일,N,,,,7차(2024-11),,,
채용,RCRUT,Recruit,採用. 사람을 골라서 씀,N,,,,6차(2023-11),,,
채점,GRDG,Grading,採點. 시험 답안의 맞고 틀림을 살피어 점수를 매김,N,,,,7차(2024-11),,,
채취,PCKNG,Picking,"採取. 풀, 나무, 광석 따위를 찾아 베거나 캐거나 하여 얻어 냄",N,,,,7차(2024-11),,,
채택,ADPT,Adoption,"採擇. 작품, 의견, 제도 따위를 골라서 다루거나 뽑아 씀",N,,,,6차(2023-11),,,
책임,RSP,Responsibility,責任. 맡아서 해야 할 임무나 의무,N,,,,6차(2023-11),,,
책임자,RBPRSN,Responsible Person,責任者. 어떤 일에 대하여 책임을 지고 있거나 책임을 져야 할 위치에 있는 사람,N,,,,3차(2021-10),,,
처리,PRCS,Process,處理. 사무나 사건 따위를 절차에 따라 정리하여 치르거나 마무리를 지음,N,,,,1차(2020-08),,,
처리율,PRSRT,Processing Rate,處理率. 단위 시간당 컴퓨터 시스템이 처리할 수 있는 작업의 수,Y,율,,,7차(2024-11),,,
처리자,PRCR,Processor,處理者. 사무나 사건 따위를 절차에 따라 정리하여 치르거나 마무리를 지은 사람,N,,처리인,,2차(2020-12),,,
처방,PRSC,Prescription,處方. 병을 치료하기 위하여 증상에 따라 약을 짓는 방법,N,,,,7차(2024-11),,,
처분,DSPS,Disposition,"處分. 일정한 대상을 어떻게 처리할 것인가에 대하여 지시하거나 결정함. 또는 그런 지시나 결정. 행정 주체가 구체적 사실에 관한 법집행으로서 행하는 공법 행위 가운데 권력적 단독 행위. 영업 면허, 공기업의 특허, 조세의 부과 따위",N,,,,1차(2020-08),,,
처분비,DSPCO,Disposal Cost,處分費. 처분비는 일정한 자산이나 물품 따위를 팔거나 폐기하는 과정에서 소요되는 비용,Y,비용,,,8차(2025-11),,,
척도,CRTRN,Criterion,尺度. 평가하거나 측정할 때 의거할 기준,N,,,,8차(2025-11),,,
천연기념물,NTMN,Natural Monument,"天然紀念物. 국가에서 지정하여 법률로 보호하는 동물, 식물, 지형 따위의 자연유산",N,,,,8차(2025-11),,,
천장,CLNG,Ceiling,天障. 지붕의 안쪽,N,,,,8차(2025-11),,,
철거,DMLTN,Demolition,"撤去. 건물, 시설 등을 무너뜨려 없애거나 걷어치움",N,,,,3차(2021-10),,,
철회,RCNTT,Recantation,撤回. 이미 제출하였던 것이나 주장하였던 것을 다시 회수하거나 번복함,N,,,,6차(2023-11),,,
첨부,ATCH,Attachment,添附. 안건이나 문서 따위를 덧붙임,N,,,,1차(2020-08),,,
청구,CLM,Claim,請求. 상대편에 대하여 일정한 행위나 급부를 요구하는 일,N,,,,1차(2020-08),,,
청구기호,CLNO,Call Number,"請求記號. 도서관에서 자료를 분류·배열하고, 이용자가 원하는 자료를 찾을 수 있도록 각 자료에 부여하는 부호 또는 문자",Y,번호,,,8차(2025-11),,,
청구인,CLMT,Claimant,請求人. 남에게 돈이나 물건 따위를 달라고 요구하는 사람,N,,청구자,,6차(2023-11),,,
청구지,BLADR,Billing Address,請求地. 남에게 돈이나 물건 따위를 달라고 요구하는 장소,N,,,,7차(2024-11),,,
청문,HRNG,Hearing,聽聞. 행정청이 어떠한 처분을 하기에 앞서 당사자 등의 의견을 직접 듣고 증거를 조사하는 절차,N,,,,7차(2024-11),,,
청산,LQDT,Liquidation,"淸算. 서로 간에 채무·채권 관계를 셈하여 깨끗이 해결함 또는 회사, 조합 따위의 법인이 파산이나 해산에 의하여 활동을 정지하고 재산 관계를 정리하는 일",N,,,,8차(2025-11),,,
청소,CLN,Cleaning,淸掃. 더럽거나 어지러운 것을 쓸고 닦아서 깨끗하게 함,N,,,,8차(2025-11),,,
청소년,YTH,Youth,靑少年. 청년과 소년을 아울러 이르는 말,N,,,,8차(2025-11),,,
청약,SBSC,Subscription,請約. 일정한 내용의 계약을 체결할 것을 목적으로 하는 일방적ㆍ확정적 의사 표시,N,,,,6차(2023-11),,,
청취,LSTN,Listening,"聽取. 의견, 보고, 방송 등을 들음",N,,,,3차(2021-10),,,
청탁,SLCT,Solicitation,請託. 청하여 남에게 부탁함,N,,,,7차(2024-11),,,
청탁자,SLCPR,Solicitation Person,請託者. 청하여 남에게 부탁하는 사람,N,,,,8차(2025-11),,,
체결,CNCLS,Conclusion,締結. 계약이나 조약 따위를 공식적으로 맺음,N,,,,6차(2023-11),,,
체계,SYSTEM,System,體系. 일정한 원리에 따라서 낱낱의 부분이 짜임새 있게 조직되어 통일된 전체,N,,,,8차(2025-11),,,
체납,NPMNT,Nonpayment,滯納. 세금 따위를 기한까지 내지 못하여 밀림,N,,,,4차(2021-12),,,
체납자,DFLTR,Defaulter,滯納者. 세금 따위를 기한까지 내지 못하고 밀린 사람,N,,,,6차(2023-11),,,
체류,STAY,Stay,滯留. 객지에 가서 머물러 있음,N,,,,8차(2025-11),,,
체불금,OVPY,Overdue Payment,滯拂金. 마땅히 지급하여야 할 것을 지급하지 못하고 미룬 돈,Y,금액,,,8차(2025-11),,,
체온,BDHT,Body Heat,體溫. 동물체가 가지고 있는 온도,Y,수,,,8차(2025-11),,,
체중,BDWG,Body Weight,體重. 몸의 무게,Y,수,몸무게,,8차(2025-11),,,
체크카드,CKCRD,Check Card,Check card. 예금 계좌 잔액 범위 안에서 신용 카드 가맹점에서 사용할 수 있는 카드,N,,,,7차(2024-11),,,
체포,ARST,Arrest,"逮捕. 형법에서, 사람의 신체에 대하여 직접적이고 현실적인 구속을 가하여 행동의 자유를 빼앗는 일",N,,,,8차(2025-11),,,
체험,EXPRN,Experience,體驗. 자기가 몸소 겪음. 또는 그런 경험,N,,,,7차(2024-11),,,
초과,EXCS,Excess,超過. 일정한 수나 한도 따위를 넘음,N,,,,6차(2023-11),,,
초기화,INIT,Initialization,"初期化. 컴퓨터 프로그램의 최초 또는 미리 정해진 계수, 스위치, 주소, 기억 장치의 내용 등을 ‘0’ 또는 기타의 값으로 설정하는 것",N,,,,6차(2023-11),,,
초등학교,ELSCHL,Elementary School,初等學校. 아동들에게 기본적인 교육을 실시하기 위한 학교,N,,,,7차(2024-11),,,
초록,ABST,Abstract,抄錄. 필요한 부분만을 뽑아서 적음. 또는 그런 기록,N,,,,7차(2024-11),,,
초미세먼지,FPM,Fine Particulate Matter,超微細먼지. 지름이 2.5마이크로미터(㎛) 이하인 먼지,N,,,,7차(2024-11),,,
초중고,EMHSCH,"Elementary, Middle, And High School","初中高. 초등학교, 중학교, 고등학교를 아울러 이르는 말",N,,,,8차(2025-11),,,
초진,FMEXM,First Medical Examination,初診. 처음으로 진찰을 함 또는 그 진찰,N,,,,7차(2024-11),변경,공통표준단어 설명,유관 단어와의 통일성 및 적합성을 고려하여 설명 수정
총가구,THSHD,Total Household,總家口. 일정한 범위 또는 단위 내에 거주하는 가구의 전체,N,,,,7차(2024-11),,,
총거래,TDLNG,Total Dealings,總去來. 주고받거나 사고 판 전체,N,,,,6차(2023-11),,,
총건수,TNOCS,Total Number Of Cases,總件數. 사물이나 사건의 가짓수를 모두 합한 건수,Y,수,,,5차(2022-07),,,
총결정세액,TDXAMT,Total Decision Tax Amount,總決定稅額. 산출 세액에서 세액 공제액과 감면 세액을 공제한 세금의 전체를 합하여 계산한 돈,Y,금액,,,8차(2025-11),,,
총결제,TSTLM,Total Settlement,總決濟. 증권 또는 대금을 주고받아 매매 당사자 사이의 거래 관계를 끝맺는 일의 전체,N,,,,6차(2023-11),,,
총계약,TCTRT,Total Contract,總契約. 관련되는 사람이나 조직체 사이에서 서로 지켜야 할 의무에 대하여 글이나 말로 정하여 둠 또는 그런 약속의 전체,N,,,,6차(2023-11),,,
총고지,TINFRM,Total Inform,總告知. 게시나 글을 통하여 알린 것의 전체,N,,,,8차(2025-11),,,
총공급,TSPLY,Total Supply,總供給. 요구나 필요에 따라 물품 따위를 제공하는 것의 전체,N,,,,6차(2023-11),,,
총공사,TCSTRN,Total Construction,總工事. 토목이나 건축 따위의 일을 전체 합한 것,N,,,,5차(2022-07),,,
총공사비,TCNSCO,Total Construction Cost,總工事費. 공사에 드는 비용의 전체,Y,비용,,,8차(2025-11),,,
총공제,TDDC,Total Deductions,總控除. 받을 몫에서 일정한 금액이나 수량을 뺀 것의 전체,N,,,,8차(2025-11),,,
총괄,OVRL,Overall,總括. 모든 일을 한데 묶어 관할함,N,,,,7차(2024-11),,,
총교육시간,TTRHR,Total Training Hours,總敎育時間. 지식과 기술 따위를 가르치며 인격을 길러 주는 것의 전체 시간,Y,시분초,,,6차(2023-11),,,
총구매,TPRCH,Total Purchase,總購買. 물건 따위를 사들이는 것의 전체,N,,,,6차(2023-11),,,
총근로,TLBR,Total Labor,總勤勞. 부지런히 일하는 것의 전체,N,,,,8차(2025-11),,,
총근로자수,TNOWK,Total Number of Workers,總勤勞者數. 근로에 의한 소득으로 생활을 하는 사람이 전체 수효,Y,수,,,6차(2023-11),,,
총근무,TWRK,Total Working,總勤務. 직장에 적을 두고 직무에 종사하는 날의 전체,N,,,,7차(2024-11),,,
총근무시간,TWKHR,Total Work Hours,總勤務時間. 노동자가 고용주와의 계약에 따라 노동력을 제공하는 시간의 전체,Y,시분초,,,6차(2023-11),,,
총금액,GRAMT,Gross Amount,總金額. 전체의 액수,Y,금액,총액,,2차(2020-12),,,
총급여,TSL,Total Salary,"總給與. 노동의 대가로 받은 기본급, 각종 수당 및 상여금, 성과급 따위를 모두 합한 금액",N,,,,6차(2023-11),,,
총납부,TPY,Total Payment,總納付/納附. 세금이나 공과금 따위를 관계 기관에 내는 것의 전체,N,,,,6차(2023-11),,,
총대출,TLOAN,Total Loan,總貸出. 돈이나 물건 따위를 빌려주거나 빌리는 것의 전체,N,,,,6차(2023-11),,,
총등록건수,TRGCNT,Total Registration Count,總登錄件數. 일정한 자격 조건을 갖추기 위하여 단체나 학교 따위에 문서를 올리는 것의 전체 수효,Y,수,,,6차(2023-11),,,
총매출,TSLS,Total Sales,總賣出. 물건을 내다 파는 것의 전체,N,,,,6차(2023-11),,,
총면적,GFA,Gross Floor Area,總面積. 하나의 건축물 각 층의 바닥면적의 합계,Y,면적,연면적,,2차(2020-12),,,
총반환,TGVBK,Total Giving Back,總返還. 빌리거나 차지했던 것을 되돌려준 것의 전체,N,,,,8차(2025-11),,,
총발열량,TCLVL,Total Calorific Value,總發熱量. 일정한 단위의 연료가 완전히 타서 생기는 열량의 전체,Y,수,,,7차(2024-11),,,
총발행주식수,TSHOSD,Total Shares Outstanding,總發行株式數. 이미 발행되어 회사 자본으로 넣은 주식의 전체 수효,Y,수,,,6차(2023-11),,,
총방문자,TVSTR,Total Visitors,總訪問者. 어떤 사람이나 장소를 찾아오는 사람의 전체,N,,,,7차(2024-11),,,
총배당,TDVD,Total Dividends,總配當. 일정한 기준에 따라 나누어 주는 것의 전체,N,,,,6차(2023-11),,,
총배정,TALTM,Total Allotment,總配定. 몫을 나누어 정한 것의 전체,N,,,,6차(2023-11),,,
총보유,THLD,Total Holdings,總保有. 가지고 있거나 간직하고 있는 것의 전체,N,,,,8차(2025-11),,,
총보증,TGRNT,Total Guarantee,總保證. 어떤 사물이나 사람에 대하여 책임지고 틀림이 없음을 증명하는 것의 전체,N,,,,6차(2023-11),,,
총부가가치세,TVAT,Total Value Added Tax,"總附加價値稅. 국세의 하나로, 거래 단계별로 상품이나 용역에 새로 부가하는 가치에 대하여 매기는 세금의 전체",N,,,,8차(2025-11),,,
총부채,TLBLT,Total Liabilities,總負債. 제삼자에게 지고 있는 금전상 의무의 합계,N,,,,6차(2023-11),,,
총분양,TLTOT,Total Lotting-Out,總分讓. 전체를 여러 부분으로 갈라서 여럿에게 나누어 준 것의 전체,N,,,,8차(2025-11),,,
총비용,TCO,Total Cost,總費用. 어떤 일을 하는 데 드는 돈의 전체,Y,비용,,,6차(2023-11),,,
총사업비,TPCO,Total Project Cost,總事業費. 일정한 사업을 하는 데 드는 비용을 모두 합한 금액,Y,비용,총사업비용,,2차(2020-12),,,
총사용,TUSE,Total Use,總使用. 일정한 목적이나 기능에 맞게 쓰는 것의 전체,N,,,,6차(2023-11),,,
총사용량,TUQTY,Total Usage Quantity,總使用量. 일정한 목적이나 기능에 맞게 쓰는 것의 전체의 분량이나 수량,Y,수,,,7차(2024-11),,,
총상여금,TBONUS,Total Bonus,總賞與金. 상여로 주는 돈의 전체,Y,금액,,,8차(2025-11),,,
총상환,TRPY,Total Repayment,總償還. 갚거나 돌려주는 것의 전체,N,,,,6차(2023-11),,,
총서,SRS,Series,"叢書. 일정한 형식과 체재로, 계속해서 출판되어 한 질을 이루는 책들",N,,,,7차(2024-11),,,
총세대수,TNOHSH,Total Number of Households,總世帶數. 세대(世代)의 전체 수효,Y,수,,,6차(2023-11),,,
총세액,TTXAMT,Total Tax Amount,總稅額. 조세의 액수 전체,Y,금액,,,8차(2025-11),,,
총소득,TEARN,Total Earnings,總所得. 일한 결과로 얻은 정신적·물질적 이익의 전체,N,,,,8차(2025-11),,,
총소요,TREQ,Total Requirement,總所要. 필요로 하거나 요구되는 바의 전체,N,,,,7차(2024-11),,,
총수납,TPYRC,Total Payments Received,總收納. 돈이나 물품 따위를 받아 거두어들인 것의 전체,N,,,,6차(2023-11),,,
총수익,TRVN,Total Revenue,總收益. 이익으로 거두어들인 돈의 전체,Y,금액,,,8차(2025-11),,,
총수입,TICM,Total Income,總收入. 돈이나 물품 따위를 거두어들임 또는 그 돈이나 물품의 전체,N,,,,6차(2023-11),,,
총승인,TAPRV,Total Approval,總承認. 어떤 행위를 하도록 승낙하거나 동의한 것의 전체,N,,,,7차(2024-11),,,
총신청,TRQST,Total Request,總申請. 단체나 기관에 어떠한 일이나 물건을 알려 청구하는 것의 전체,N,,,,6차(2023-11),,,
총여신,TCRDT,Total Credit,總與信. 금융 기관에서 고객에게 돈을 빌려주는 일의 전체,N,,,,6차(2023-11),,,
총연구비,TRSCO,Total Research Cost,總硏究費. 어떤 사물을 연구하는 데 드는 전체 비용,Y,비용,,,7차(2024-11),,,
총예산,TBGT,Total Budget,總豫算. 필요한 비용을 미리 헤아려 계산함 또는 그 비용의 전체,N,,,,6차(2023-11),,,
총원가,TPRMCO,Total Prime Cost,"總原價. 상품의 제조, 판매, 배급 따위에 든 재화와 용역을 단위에 따라 계산한 가격의 전체",Y,가격,,,8차(2025-11),,,
총이익,TPRF,Total Profit,總利益. 물질적으로나 정신적으로 보탬이 되는 것의 전체,Y,금액,,,7차(2024-11),,,
총이자,TINT,Total Interest Charge,總利子. 남에게 돈을 빌려 쓴 대가로 치르는 일정한 비율의 돈 전체,Y,금액,,,8차(2025-11),,,
총인구수,TPPL,Total Population,總人口數. 일정 지역 안에 사는 사람의 전체 수효,Y,수,,,6차(2023-11),,,
총인원수,TNOPE,Total Number Of People,總人員數. 전체 사람 수,Y,수,총명수,,5차(2022-07),,,
총입금,TDPST,Total Deposit,總入金. 돈을 들여놓거나 넣어 준 것의 전체,N,,,,8차(2025-11),,,
총자본금,TEQCP,Total Equity Capital,總資本金. 영리를 목적으로 사업에 투자한 전체 금액,Y,금액,,,6차(2023-11),,,
총자산,TAST,Total Assets,總資産. 개인이나 법인이 소유하고 있는 경제적 가치의 총합,N,,,,6차(2023-11),,,
총저장,TSTRG,Total Storage,總貯藏. 물건이나 재화 따위를 모아서 간수한 것의 전체,N,,,,8차(2025-11),,,
총정원,TCPC,Total Capacity,總定員. 일정한 규정에 의하여 정한 인원의 전체,N,,,,7차(2024-11),,,
총조회,TINQ,Total Inquiry,總照會. 어떠한 사항이나 내용이 맞는지 관계되는 기관 등에 알아보는 일의 전체,N,,,,7차(2024-11),,,
총주차,TPKCT,Total Parking Capacity,總駐車. 자동차를 일정한 곳에 세워 두는 것의 전체 합계,N,,,,5차(2022-07),,,
총주행,TDRVG,Total Driving,總走行. 주로 동력으로 움직이는 자동차나 열차 따위가 달린 것의 전체,N,,,,7차(2024-11),,,
총중량,TWGHT,Total Weight,總重量. 물건의 무거운 정도의 전체,Y,수,,,8차(2025-11),,,
총지급,TPMT,Total Payment,總支給. 돈이나 물품 따위를 정하여진 몫만큼 내준 것의 합,N,,,,5차(2022-07),,,
총지원,TSPRT,Total Support,總支援. 지지하여 도운 것의 전체,N,,,,8차(2025-11),,,
총지출,TEXPND,Total Expenditure,總支出. 어떤 목적을 위하여 지급한 모든 돈,N,,,,6차(2023-11),,,
총직원수,TNOEMP,Total Number of Employees,總職員數. 일정한 직장에 근무하는 사람의 전체 수효,Y,수,,,6차(2023-11),,,
총집행,TIMPL,Total Implementation,總執行. 실제로 시행한 것의 전체,N,,,,8차(2025-11),,,
총쪽,TPAGE,Total Pages,總쪽. 책이나 장부 따위의 면 전체,N,,,,7차(2024-11),,,
총차입,TBRW,Total Borrowings,總借入. 돈이나 물건을 꾸어 들인 것의 전체,N,,,,6차(2023-11),,,
총채권,TRCVB,Total Receivables,總債權. 특정인이 다른 특정인에게 어떤 행위를 청구할 수 있는 권리의 총합,N,,,,6차(2023-11),,,
총채무,TDBT,Total Debt,總債務. 특정인이 다른 특정인에게 어떤 행위를 하여야 할 의무의 전체,N,,,,6차(2023-11),,,
총처리,TPRCS,Total Processing,總處理. 사무나 사건 따위를 절차에 따라 정리하여 치르거나 마무리를 지은 것의 전체,N,,,,7차(2024-11),,,
총청구,TCLM,Total Claims,總請求. 남에게 돈이나 물건 따위를 달라고 요구하는 것의 전체,N,,,,6차(2023-11),,,
총체납,TNPMNT,Total Nonpayment,總滯納. 세금 따위를 기한까지 내지 못한 것의 전체,N,,,,8차(2025-11),,,
총출자,TINVST,Total Investment,總出資. 자금을 낸 것의 전체,N,,,,8차(2025-11),,,
총톤수,TTON,Total Tonnage,總ton數. 배의 크기를 나타내는 톤수,Y,수,,,8차(2025-11),,,
총투자,TIVST,Total Investment,總投資. 이익을 얻기 위하여 어떤 일이나 사업에 자본을 대거나 시간이나 정성을 쏟는 것의 전체,N,,,,6차(2023-11),,,
총판매,TNTSL,Total Net Sales,總販賣. 상품 따위를 판 것의 전체,N,,,,8차(2025-11),,,
총평,GRVW,General Review,總評. 총체적인 평가나 평정,N,,,,8차(2025-11),,,
총평가,TEVL,Total Evaluation,總評價. 사물의 가치나 수준 따위를 평한 것의 전체. 또는 그 가치나 수준의 전체,N,,,,7차(2024-11),,,
총환불,TRFND,Total Refundment,總換拂/總還拂. 돈이나 물건을 바꾸어 지불하거나 이미 지불한 돈을 되돌려준 것의 전체,N,,,,8차(2025-11),,,
총환수,TRDM,Total Redemption,總還收. 도로 거두어들인 것의 전체,N,,,,6차(2023-11),,,
총회수,TRTRVL,Total Retrieval,總回收. 도로 거두어들인 것의 전체,N,,,,6차(2023-11),,,
총횟수,TNMTM,Total Number Of Times,總回數. 돌아오는 차례의 수효 전체,Y,수,,,8차(2025-11),,,
촬영,SHT,Shooting,"撮影. 사람, 사물, 풍경 따위를 사진이나 영화로 찍음",N,,,,6차(2023-11),,,
최고,HGHST,Highest,最高. 가장 높음,N,,,,6차(2023-11),,,
최고가,HGPRC,The Highest Price,最高價. 가장 비싼 값,Y,가격,,,6차(2023-11),,,
최근,RCNT,Recent,最近. 얼마 되지 않은 지나간 날부터 현재 또는 바로 직전까지의 기간,N,,,,6차(2023-11),,,
최대,MAX,Maximum,"最大. 수나 양, 정도 따위가 가장 큼",N,,,,6차(2023-11),,,
최대출력,MXOT,Maximum Output,最大出力. 원동기의 최대한의 운전 상태에서 얻어지는 출력,Y,수,,,8차(2025-11),,,
최상위,HGHRK,The Highest Rank,最上位. 가장 높은 지위나 등급이나 위치,N,,,,4차(2021-12),,,
최소,MIN,Minimum,"最少. 수나 양, 정도 따위가 가장 적음",N,,,,6차(2023-11),,,
최심,MXDP,Maximum Depth,最深. 가장 깊음,N,,,,8차(2025-11),,,
최저,LOWST,Lowest,最低. 가장 낮음,N,,,,6차(2023-11),,,
최저가,LWPRC,The Lowest Price,最低價. 가장 싼 값,Y,가격,,,6차(2023-11),,,
최저한세,MNMTX,Minimum Tax,最低限稅. 개인이나 법인이 아무리 큰 감세 혜택을 받더라도 소득이 있으면 납부해야 하는 최소한의 세금,Y,금액,,,8차(2025-11),,,
최종,LAST,Last,最終. 맨 나중,N,,,,1차(2020-08),,,
최초,FRST,First,最初. 맨 처음,N,,,,1차(2020-08),,,
최하위,LWTRK,The Lowest Rank,最下位. 가장 낮은 지위나 등급이나 위치,N,,,,4차(2021-12),,,
추가,ADD,Addition,追加. 나중에 더 보탬,N,,,,6차(2023-11),,,
추경,SPBGT,Supplementary Budget,"追更. 추가경정의 약어로, 이미 확정되어 집행 중인 예산의 내용이나 규모를 새로운 필요나 사정 변화에 따라 추가로 변경하거나 보정하는 행위",N,,,,8차(2025-11),,,
추계,ESTM,Estimating,推計. 일부를 가지고 전체를 미루어 계산함,N,,,,7차(2024-11),,,
추심,EXCT,Exaction,推尋. 찾아내어 가지거나 받아 냄,N,,,,6차(2023-11),,,
추정,PRSMP,Presumption,推定. 미루어 생각하여 판정함,N,,,,6차(2023-11),,,
추진,PRPL,Propulsion,推進. 목표를 향하여 밀고 나아감,N,,,,6차(2023-11),,,
추징,ADCLTN,Additional Collection,追徵. 부족한 것을 뒤에 추가하여 징수함,N,,,,8차(2025-11),,,
추천,RCMDTN,Recommendation,推薦. 어떤 조건에 적합한 대상을 책임지고 소개함,N,,,,4차(2021-12),,,
추천인,RCMDR,Recommender,推薦人. 추천하는 사람,N,,추천자,,7차(2024-11),,,
추첨,LTRY,Lottery,抽籤. 제비를 뽑음,N,,,,6차(2023-11),,,
추출,EXTR,Extraction,"抽出. 전체 속에서 어떤 물건, 생각, 요소 따위를 뽑아냄. 모집단(母集團)에서 표본을 뽑아내는 일",N,,,,1차(2020-08),,,
축간거리,WHBS,Wheel Base,軸間距離. 자동차의 앞바퀴 중심과 뒷바퀴 중심 사이의 거리,Y,수,,,8차(2025-11),,,
축제,FSTVL,Festival,祝祭. 축하하여 벌이는 큰 규모의 행사,N,,,,6차(2023-11),,,
축척,RDSCL,Reduced Scale,縮尺. 지도에서의 거리와 지표에서의 실제 거리와의 비율,N,,,,7차(2024-11),,,
출고,SPMT,Shipment,出庫. 창고에서 물품을 꺼냄,N,,,,4차(2021-12),,,
출국,DPTCNY,Departure From A Country,出國. 나라의 국경 밖으로 나감,N,,,,4차(2021-12),,,
출근,GTWK,Go To Work,出勤. 일터로 근무하러 나가거나 나옴,N,,,,6차(2023-11),,,
출금,TKMNY,Taking out money,出金. 돈을 내어 쓰거나 내어 줌. 또는 그 돈,N,,,,2차(2020-12),,,
출동,DSPT,Dispatched,出動. 부대 따위가 일정한 목적을 실행하기 위하여 떠남,N,,,,6차(2023-11),,,
출력,OTPT,Output,出力. 컴퓨터 따위의 기기(機器)나 장치가 입력을 받아 일을 하고 외부로 결과를 내는 일. 또는 그 결과,N,,,,1차(2020-08),,,
출력물,PRNOT,Printout,"出力物. 컴퓨터 따위의 기기에 입력한 문서, 사진 따위를 프린터나 인쇄기 따위로 인쇄하여 나온 결과물",N,,,,7차(2024-11),,,
출발,DPTRE,Departure,出發. 목적지를 향하여 나아감,N,,,,4차(2021-12),,,
출발지,DPPL,Departure Place,出發地. 어디를 향하여 떠나는 곳,N,,,,6차(2023-11),,,
출산,CHLDB,Childbirth,出産. 아이를 낳음,N,,,,6차(2023-11),,,
출생,BRTH,Birth,出生. 세상에 나옴,N,,,,1차(2020-08),,,
출생지,BRTHPL,Birthplace,出生地. 사람이 태어난 곳,N,,,,8차(2025-11),,,
출석,ATNDC,Attendance,出席. 어떤 자리에 나아가 참석함,N,,,,6차(2023-11),,,
출석률,ATRT,Attendance Rate,出席率. 출석하여야 할 사람 수에 대해서 실제로 출석한 사람의 비율,Y,율,,,8차(2025-11),,,
출소,RLSPI,Release From Prison/Institution,"出所. 훈련소, 연구소, 교도소 따위에서 나옴",N,,,,8차(2025-11),,,
출연,CTRB,Contribution,出捐. 금품을 내어 도와줌,N,,,,6차(2023-11),,,
출원,APPL,Application,出願. 청원이나 원서를 냄,N,,,,5차(2022-07),,,
출입,ENEX,Entrance And Exit,出入. 어느 곳을 드나듦,N,,,,7차(2024-11),,,
출입자,ENTRT,Entrant,出入者. 드나드는 사람,N,,,,8차(2025-11),,,
출입증,ADPS,Admission Pass,出入證. 출입할 수 있도록 허가한 증표,N,,,,6차(2023-11),,,
출자,INVST,Investment,出資. 자금을 내는 일,N,,,,6차(2023-11),,,
출자구좌,IVACNT,Investment Account,出資口座. 조합원이 출자한 자본을 표시하는 지분 단위,N,,,,8차(2025-11),,,
출장,BZTRP,Business Trip,出張. 용무를 위하여 임시로 다른 곳으로 나감,N,,,,6차(2023-11),,,
출장비,BTEXP,Business Trip Expenses,出張費. 출장에 소요되는 비용,Y,비용,,,7차(2024-11),,,
출장소,LCOFC,Local Office,出張所. 관공서나 기업체 따위에서 본사나 본점 이외의 필요한 지역에 설치하는 사무소,N,,,,6차(2023-11),,,
출장자,BZTRVR,Business Traveler,出張者. 용무를 위하여 임시로 다른 곳으로 나가는 사람,N,,,,6차(2023-11),,,
출장지,BTDST,Business Trip Destination,出張地. 출장 가는 곳 또는 출장 임무를 수행하는 곳,N,,,,6차(2023-11),,,
출처,SRC,Source,出處.  사물이나 말 따위가 생기거나 나온 근거,N,,,,5차(2022-07),,,
출판,PBLSG,Publishing,出版. 서적이나 회화 따위를 인쇄하여 세상에 내놓음,N,,,,6차(2023-11),,,
출판사,PBLCO,Publishing Company,出版社. 서적이나 회화 따위를 인쇄하여 세상에 내놓는 사업을 하는 회사,N,,,,6차(2023-11),,,
출하,SHPM,Shipment,出荷. 짐이나 상품 따위를 내어보냄,N,,,,8차(2025-11),,,
출항,DFPT,Departure From Port,出航. 선박이나 항공기가 출발함,N,,,,7차(2024-11),,,
출항지,PODPT,Port Of Departure,出港地. 배가 출발하는 항구,N,,,,8차(2025-11),,,
충당,APRP,Appropriation,充當. 모자라는 것을 채워 메움,N,,,,5차(2022-07),,,
충당금,APAMT,Appropriation Amount,充當金. 특정 손해비(損害費)를 준비하기 위하여 설정하는 금액 또는 그 계정,Y,금액,,,6차(2023-11),변경,"형식단어, 공통표준도메인분류명",형식단어로 지정됨에 따라 공통표준도메인분류명 지정
충전,CHARG,Charging,充電. 축전지나 축전기에 전기 에너지를 축적하는 일,N,,,,7차(2024-11),,,
충전소,CHRSTN,Charging Station,充塡所/充電所. 자동차에 연료용 수소나 액화 석유 가스 따위를 채워 넣는 곳 또는 전기차 따위에 전력을 공급하여 채워 넣는 곳,N,,,,8차(2025-11),,,
충족,STSF,Satisfaction,充足. 넉넉하여 모자람이 없음,N,,,,6차(2023-11),,,
취급,HNDL,Handling,取扱. 물건을 사용하거나 소재나 대상으로 삼음,N,,,,6차(2023-11),,,
취급자,HDLR,Handler,取扱者. 어떤 물건이나 일을 다루는 사람,N,,,,6차(2023-11),,,
취급점,DSTBT,Distributor,取扱店. 어떤 상품이나 서비스를 판매하거나 중개하는 곳,N,,,,8차(2025-11),,,
취득,ACQS,Acquisition,取得. 자기 것으로 만들어 가짐,N,,,,1차(2020-08),,,
취득면적,ACQAR,Acquired Area,取得面積. 자기 것으로 만들어 가진 공간을 차지하는 넓이의 크기,Y,면적,,,7차(2024-11),,,
취득세,AQTX,Acquisition Tax,"取得稅. 지방세의 하나로 재산을 유통하는 과정에서 매기는데, 부동산·자동차·중기(重機)·입목(立木)·선박·광업권·어업권 따위를 취득할 때 매김",Y,금액,,,8차(2025-11),,,
취득세율,AQTXRT,Acquisition Tax Rate,取得稅率. 재산을 유통할 때 적용하는 세율,Y,율,,,8차(2025-11),,,
취미,HBY,Hobby,趣味. 전문적으로 하는 것이 아니라 즐기기 위하여 하는 일,N,,,,6차(2023-11),,,
취소,RTRCN,Retraction,取消. 발표한 의사를 거두어들이거나 예정된 일을 없애 버림. 일단 유효하게 성립한 법률 행위의 효력을 소급하여 소멸하는 의사 표시,N,,,,1차(2020-08),,,
취소자,CNCLR,Canceler,取消者. 발표한 의사를 거두어들이거나 예정된 일을 없애 버린 사람,N,,,,7차(2024-11),,,
취약계층,VLNCLS,Vulnerable Class,脆弱階層. 다른 계층에 비해 무르고 약하여 사회적으로 보호가 필요한 계층,N,,,,8차(2025-11),,,
취업,EMPM,Employment,就業. 일정한 직업을 잡아 직장에 나감,N,,,,6차(2023-11),,,
취업자,EMPR,Employed Person,就業者. 취직한 사람,N,,,,7차(2024-11),,,
취임,INGR,Inauguration,就任. 새로운 직무를 수행하기 위하여 맡은 자리에 처음으로 나아감,N,,,,6차(2023-11),,,
취지,INTN,Intent,趣旨. 어떤 일의 근본이 되는 목적이나 긴요한 뜻,N,,,,6차(2023-11),,,
취하,DISCON,Discontinuance,取下. 신청하였던 일이나 서류 따위를 취소함,N,,,,5차(2022-07),,,
취학전아동,PSCHLD,Preschool Child,就學前兒童. 의무 교육 기관인 초등학교에 입학하지 않는 아동,N,,,,8차(2025-11),,,
취합,GTRG,Gathering,聚合. 모아서 합침,N,,,,7차(2024-11),,,
측량,SVY,Surveying,"測量. 기기를 써서 물건의 높이, 깊이, 넓이, 방향 따위를 잼",N,,,,7차(2024-11),,,
측정,MSRMT,Measurement,測定. 일정한 양을 기준으로 하여 같은 종류의 다른 양의 크기를 잼,N,,,,3차(2021-10),,,
측정소,MSRSTN,Measuring Station,測定所. 일정한 양을 기준으로 하여 같은 종류의 다른 양의 크기를 재는 장소,N,,,,5차(2022-07),,,
측정지점,MSPT,Measurement Point,"測定地點. 관측, 실험, 검사, 환경 측정 등에서 특정 대상을 정해진 방법으로 측정하는 시설이나 장소",N,,,,8차(2025-11),,,
층,FLR,Floor,"層. 위로 높이 포개어 짓는 건물에서, 같은 높이를 이루는 부분",N,,,,4차(2021-12),,,
층수,NOFL,The Number Of Floors,層數. 층의 수효,Y,수,,,2차(2020-12),,,
치료,MDTRT,Medical Treatment,治療. 병이나 상처 따위를 잘 다스려 낫게 함,N,,,,6차(2023-11),,,
친환경,ECFRD,Eco-Friendly,親環境. 자연환경을 오염하지 않고 자연 그대로의 환경과 잘 어울리는 일,N,,,,5차(2022-07),,,
침해,INFR,Infringement,侵害. 침범하여 해를 끼침,N,,,,6차(2023-11),,,
카드,CARD,Card,"Card. 상품이나 서비스의 대금 지급을 그 자리에서 바로 하거나, 일정한 기간 뒤에 할 수 있도록 만든 네모난 판을 통틀어 이르는 말",N,,,,2차(2020-12),,,
카드사,CDCO,Card Company,Card社. 신용 카드를 발급하고 신용 판매에 관련된 업무를 맡아보는 회사,N,,,,8차(2025-11),,,
캠페인,CMPGN,Campaign,Campaign. 사회ㆍ정치적 목적 따위를 위하여 조직적이고도 지속적으로 행하는 운동,N,,,,6차(2023-11),,,
커뮤니티,CMNTY,Community,Community. 지연에 의하여 자연 발생적으로 이루어진 공동 사회,N,,,,6차(2023-11),,,
컨설턴트,CNSLTT,Consultant,Consultant. 기업 경영에 관한 전문적인 의견이나 조언을 말하여 주는 사람,N,,,,6차(2023-11),,,
컨설팅,CNSLT,Consulting,Consulting. 어떤 분야의 전문가가 고객을 상대로 상세하게 상담하고 도와주는 것,N,,,,6차(2023-11),,,
컬럼,COL,Column,Column. 논리적 데이터 요소인 애트리뷰트에 대응되는 물리적 개념으로 관계형 데이터베이스에서 테이블의 2차원 구조의 한 축을 구성하는 데이터의 가장 기본적인 물리적 단위,N,,,,2차(2020-12),,,
코드,CD,Code,Code. 정보를 나타내기 위한 기호 체계,Y,코드,,,2차(2020-12),,,
코스트센터,CSCNTR,Cost Center,Cost Center. 책임 회계 제도의 책임 중심점 가운데 하나로 통제가 가능한 원가의 발생에 대해서만 책임을 지는 가장 작은 활동 단위,N,,,,8차(2025-11),,,
콘도,CONDO,Condominium,Condo. 객실 단위로 분양을 하여 구입자가 사용하지 아니하는 기간에는 관리 회사에 운영권을 맡기고 임대료 수입을 받는 새로운 형태의 호텔. 또는 그런 호텔 경영법,N,,,,7차(2024-11),,,
콘텐츠,CONTS,Contents,Contents. 인터넷이나 컴퓨터 통신 등을 통하여 제공되는 각종 정보나 그 내용물. 유/무선 전기 통신망에서 사용하기 위하여 문자/부호/음성/음향/이미지/영상 등을 디지털 방식으로 제작해 처리/유통하는 각종 정보 또는 그 내용물을 통틀어 이른다,N,,,컨텐츠,5차(2022-07),,,
콜센터,CLCNTR,Call Center,"Call Center. 고객이나 민원인의 전화에 응대하여 상품이나 서비스에 대한 상담, 불만 접수 및 해결, 사후 관리 따위의 업무를 담당하는 부서나 기관",N,,,,8차(2025-11),,,
쿠폰,CPN,Coupon,"Coupon. 안내장, 광고지, 카탈로그상에 인쇄되거나 인터넷 쇼핑몰 따위에서 발급되어 하나씩 이용하거나 할인받을 수 있도록 한 우대권 또는 할인권",N,,,,7차(2024-11),,,
퀴즈,QZ,Quiz,Quiz. 어떤 질문에 대한 답을 알아맞히는 놀이 또는 그 질문을 통틀어 이르는 말,N,,,,7차(2024-11),,,
크기,SZ,Size,"크기. 사물의 넓이, 부피, 양 따위의 큰 정도",Y,수,,,2차(2020-12),,,
클라이언트,CLNT,Client,Client. 서버 시스템과 연결하여 주된 작업이나 정보를 서버에게 요청하고 그 결과를 돌려받는 컴퓨터,N,,,,4차(2021-12),,,
클릭,CLCK,Click,Click. 마우스의 단추를 누름 또는 그런 행위,N,,,,6차(2023-11),,,
키워드,KYWD,Keyword,"Keyword. 데이터를 검색할 때에, 특정한 내용이 들어 있는 정보를 찾기 위하여 사용하는 단어나 기호",N,,,,6차(2023-11),,,
타기관,OINST,Other Institution,他機關. 사회생활의 영역에서 일정한 역할과 목적을 위하여 설치한 기구나 조직 중 본인이 소속되지 않은 기구나 조직,N,,,,6차(2023-11),,,
타인자본,DBCPTL,Debt Capital,他人資本. 기업의 자본 가운데 출자자 이외의 제삼자로부터 끌어들인 자본,N,,,,8차(2025-11),,,
탄소,CRBN,Carbon,炭素. 주기율표 제14족에 속하는 비금속 원소의 하나,N,,,,8차(2025-11),,,
탈락,ELMT,Elimination ,脫落. 범위에 들지 못하고 떨어지거나 빠짐,N,,,,7차(2024-11),,,
탈퇴,WHDWL,Withdrawal,脫退. 관계하고 있던 조직이나 단체 따위에서 관계를 끊고 물러남,N,,,,1차(2020-08),,,
탈퇴자,SCDR,Seceder,脫退者. 관계하고 있던 조직이나 단체 따위에서 관계를 끊고 물러나는 사람,N,,,,7차(2024-11),,,
탑승,BRDG,Boarding,"搭乘. 배나 비행기, 차 따위에 올라탐",N,,,,6차(2023-11),,,
탑승자,PSGR,Passenger,"搭乘者. 배나 비행기, 차 따위에 타고 있는 사람",N,,,,7차(2024-11),,,
태그,TAG,Tag,Tag. 어떠한 항목을 보충 설명하거나 분류하는 하나의 낱말 또는 키워드,N,,,,8차(2025-11),,,
태아,FETUS,Fetus,胎兒. 어머니 뱃속에 있는 아이,N,,,,8차(2025-11),,,
태풍,TYPHN,Typhoon,"颱風. 북태평양 서남부에서 발생하여 아시아 대륙 동부로 불어오는, 폭풍우를 수반한 맹렬한 열대 저기압",N,,,,7차(2024-11),,,
탭메뉴,TBMN,Tabmenu,Tab Menu. 하나의 화면에서 여러 섹션(콘텐츠)을 빠르고 직관적으로 전환할 수 있게 해주는 대표적 UI 용어,N,,,,8차(2025-11),,,
터널,TNL,Tunnel,"Tunnel. 산, 바다, 강 따위의 밑을 뚫어 만든 철도나 도로 따위의 통로",N,,,,6차(2023-11),,,
테마,THM,Theme,"Theme. 그래픽 사용자 인터페이스(GUI)의 전반적인 모양과 색상, 디자인 요소의 집합을 미리 설정한 꾸러미",N,,,,8차(2025-11),,,
테이블,TBL,Table,Table. 행과 열로 구성된 관계형 데이터베이스의 기본적인 저장 매체의 단위,N,,,,2차(2020-12),,,
테이블스페이스,TBLSP,Table Space,"Tablespace. 데이터베이스에서 데이터, 인덱스, 대형 오브젝트(LOB) 등이 저장되는 논리적 저장 공간",N,,,,8차(2025-11),,,
텍스트,TXT,Text,"Text. 주석, 번역, 서문 및 부록 따위에 대한 본문이나 원문",N,,,,7차(2024-11),,,
토론,DSCS,Discussion,討論. 어떤 문제에 대하여 여러 사람이 각각 의견을 말하며 논의함,N,,,,7차(2024-11),,,
토사량,ESVLM,Earth And Sand Volume,"土砂量. 흙과 모래, 자갈 등 토사가 특정 구간이나 장소에서 측정된 분량",Y,수,,,8차(2025-11),,,
토요일,SAT,Saturday,土曜日. 월요일을 기준으로 한 주의 여섯째 날,N,,,,7차(2024-11),,,
토익,TOEIC,Test of English for International Communication,TOEIC. 외국인의 영어 능력을 측정하기 위하여 미국의 교육 기관에서 개발한 영어 능력 시험,N,,,,7차(2024-11),,,
토지,LAND,Land,土地. 경지나 주거지 따위의 사람의 생활과 활동에 이용하는 땅,N,,,,4차(2021-12),,,
토지대장,LNDRG,Land Register,"土地臺帳. 토지에 관한 장부. 토지의 소재, 지번(地番), 지목(地目), 면적, 소유자의 주소와 성명, 지상권자의 주소와 성명 따위를 기재",N,,"지적대장,지적부",,4차(2021-12),,,
토지면적,LDAR,Land Area,"土地面積. 지적상 1필지로 구획된 전체면적으로, 지번 부여 지역 안의 토지로서 소유자와 용도가 동일하고 지반이 연속된 토지는 1필지로 지정",Y,면적,,,2차(2020-12),,,
토지이동,AOCR,Alteration Of Cadastral Record,"土地異動. 지적 공부(토지대장,임야대장)에 등록된 토지의 표시 사항이 달라지는 일",N,,,,4차(2021-12),,,
토출량,DCQTY,Discharge Quantity,吐出量. 펌프에서 단위 시간 동안 끌어 올릴 수 있는 물의 양,Y,수,,,8차(2025-11),,,
토큰,TKN,Token,Token. 정보 체계나 전산 처리 과정에서 독립적으로 구분되어 식별할 수 있는 최소 단위,N,,,,8차(2025-11),,,
토플,TOEFL,Test Of English As A Foreign Language,TOEFL. 미국 등 영어를 공용어로 사용하고 있는 나라에 유학하려는 사람을 대상으로 한 영어 시험,N,,,,8차(2025-11),,,
톤수,TON,Tonnage,Ton數. 화물의 중량이나 배의 용적량 따위를 톤의 단위로 나타낸 것,Y,수,,,6차(2023-11),,,
통계,STATS,Statistics,統計. 한데 몰아서 어림잡아 계산함. 어떤 현상을 종합적으로 한눈에 알아보기 쉽게 일정한 체계에 따라 숫자로 나타냄,N,,,,1차(2020-08),,,
통계표,STTBL,Statistics Table,統計表. 통계 결과를 나타낸 표,N,,,,8차(2025-11),,,
통관,CSCL,Customs Clearance,通關. 관세법에 따른 절차를 이행하여 물품을 수출・수입・반송하는 일,N,,,,7차(2024-11),,,
통보,NTFCTN,Notification,通報. 통지하여 보고함. 또는 그 보고,N,,,,1차(2020-08),,,
통보자,ANCR,Announcer,通報者. 통지하여 보고한 사람,N,,,,7차(2024-11),,,
통상임금,ORWG,Ordinary Wage,通常賃金. 근로자에게 전체 근로 또는 정해진 근로에 대하여 정기적ㆍ일률적으로 지급하기로 한 금액,Y,금액,,,7차(2024-11),변경,"형식단어, 공통표준도메인분류명",형식단어로 지정됨에 따라 공통표준도메인분류명 지정
통신,COMM,Communication,"通信. 편지, 전신, 전화, 전파 따위의 수단을 이용하여 정보나 의사를 주고받는 일 또는 그 과학적 기술",N,,,,8차(2025-11),,,
통신망,CMNW,Communication Network,"通信網. 전화, 무선, 컴퓨터 네트워크 등의 통신 설비를 통해 여러 곳을 서로 연결하여 정보나 의사를 주고받는 체계",N,,,,8차(2025-11),,,
통신비,CMCO,Communication Cost,通信費. 통신에 드는 비용,Y,비용,,,8차(2025-11),,,
통신사,TLCMCO,Telecommunication Company,"通信社. 신문사나 잡지사, 방송 사업체 따위에 뉴스를 제공하는 기관",N,,,,7차(2024-11),,,
통장,BNKBK,Bankbook,"通帳. 금융 기관에서, 예금한 사람에게 출납의 상태를 적어 주는 장부",N,,,,8차(2025-11),,,
통제,CNTRL,Control,統制. 일정한 방침이나 목적에 따라 행위를 제한하거나 제약함,N,,,,4차(2021-12),,,
통지,AVTSMT,Avertissement,通知. 기별을 보내어 알게 함,N,,,,1차(2020-08),,,
통지서,WRNTC,Written Notice,通知書. 어떤 사실을 기별하여 알리는 문서,N,,,,7차(2024-11),,,
통합,INTG,Integration,統合. 둘 이상의 조직이나 기구 따위를 하나로 합침,N,,,,7차(2024-11),,,
통행,PSG,Passage,通行. 일정한 장소를 지나다님,N,,,,8차(2025-11),,,
통행량,TRFVLM,Traffic Volume,通行量. 사람이나 차 따위가 일정한 장소를 지나다니는 양,Y,수,,,7차(2024-11),,,
통행료,TOLL,Toll,通行料. 일정한 장소를 지나는 데 내는 돈,Y,요금,,,8차(2025-11),,,
통화,CALL,Call,通話. 전화로 말을 주고받음,N,,,,6차(2023-11),,,
통화자,CALR,Caller,通話者. 전화로 말을 주고받는 사람,N,,,,7차(2024-11),,,
퇴거,EVCT,Eviction,退去. 있던 자리에서 옮겨 가거나 떠남,N,,,,6차(2023-11),,,
퇴근,LVWK,Leave Work,退勤. 일터에서 근무를 마치고 돌아가거나 돌아옴,N,,,,6차(2023-11),,,
퇴사,RSGNTN,Resignation,退社. 회사를 그만두고 물러남,N,,,,5차(2022-07),,,
퇴소,DSCG,Discharge,退所. 요양소・연수소・훈련소 따위에서 요양・연수・훈련 따위를 마치고 나옴,N,,,,7차(2024-11),,,
퇴실,LVRM,Leaving The Room,"退室. 방이나 교실, 병실 따위에서 물러 나감",N,,,,6차(2023-11),,,
퇴원,DFHSP,Discharged From Hospital,退院. 일정 기간 병원에 머물던 환자가 병원에서 나옴,N,,,,6차(2023-11),,,
퇴장,LVNG,Leaving,退場. 어떤 장소에서 물러남,N,,,,8차(2025-11),,,
퇴직,RTRM,Retirement,退職. 현직에서 물러남,N,,,,1차(2020-08),,,
퇴직금,SVRPY,Severance Pay,退職金. 퇴직하는 사람에게 근무처에서 지급하는 돈,Y,금액,,,8차(2025-11),,,
투약,MDCT,Medication,投藥. 약을 지어 주거나 씀,N,,,,7차(2024-11),,,
투입,INPUT,Input,"投入. 사람이나 물자, 자본 따위를 필요한 곳에 넣음",N,,,,7차(2024-11),,,
투자,IVST,Investment,投資. 이익을 얻기 위하여 어떤 일이나 사업에 자본을 대거나 시간이나 정성을 쏟음,N,,,,6차(2023-11),,,
투자자,INVSTR,Investor,投資者. 투자하는 사람,N,,,,8차(2025-11),,,
투찰,BDNG,Bidding,投札. 경매 따위에서 낙찰을 받으려고 하는 사람이 희망하는 낙찰 가격을 서면으로 제출하는 일,N,,,,6차(2023-11),,,
투표,VOTE,Vote,投票. 선거를 하거나 가부를 결정할 때에 투표용지에 의사를 표시하여 일정한 곳에 내는 일. 또는 그런 표,N,,,,7차(2024-11),,,
트리거,TRGR,Trigger,Trigger. 특정 이벤트가 발생하면 자동으로 실행되는 작업,N,,,,8차(2025-11),,,
특기,SPCLT,Specialty,特技. 남이 가지지 못한 특별한 기술이나 기능,N,,,,6차(2023-11),,,
특례,SPCS,Special Case,特例. 특별한 예,N,,,,6차(2023-11),,,
특별,SPC,Special,特別. 보통과 구별되게 다름,N,,,,7차(2024-11),,,
특별세,SPTX,Special Tax,"特別稅. 특정한 목적을 달성하기 위한 경비에 충당하려고 매기는 조세. 방위세, 교육세 따위가 있다",Y,금액,목적세,,6차(2023-11),,,
특보,SPNWS,Special News,特報. 특별히 보도함. 또는 그런 보도,N,,,,7차(2024-11),,,
특성,CHRC,Characteristic,特性. 일정한 사물에만 있는 특수한 성질,N,,,,8차(2025-11),,,
특수,SPCL,Special,特殊. 특별히 다름,N,,,,6차(2023-11),,,
특수지,SPAREA,Special Area,特殊地. 도서/벽지/접적 지역 등 업무 수행상 생명의 직접적인 위험을 받거나 특수한 지역,N,,,,5차(2022-07),,,
특약,SPPRV,Special Provision,特約. 특별한 조건을 붙인 약속,N,,,,6차(2023-11),,,
특이,EXCPTN,Exception,特異. 보통 것이나 보통 상태에 비하여 두드러지게 다름,N,,,,5차(2022-07),,,
특허,PTNT,Patent,特許. 공업 소유권의 하나. 특허법ㆍ실용신안법ㆍ의장법(意匠法)에 의하여 발명ㆍ실용신안ㆍ의장에 관하여 독점적ㆍ배타적으로 가지는 지배권,N,,,,6차(2023-11),,,
팀,TEAM,Team,Team. 같은 일에 종사하는 한동아리의 사람,N,,,,6차(2023-11),,,
팀원,TMMBR,Team Member,Team員. 같은 일에 종사하는 한 팀의 구성원,N,,,,8차(2025-11),,,
팀장,TMLDR,Team Leader,Team長. 같은 일에 종사하는 한 팀의 책임자,N,,,,6차(2023-11),,,
파견,SND,Send,派遣. 일정한 임무를 주어 사람을 보냄,N,,,,6차(2023-11),,,
파고,WH,Wave Height,波高. 물결의 높이,Y,수,,,8차(2025-11),,,
파급,RPLE,Ripple,波及. 어떤 일의 여파나 영향이 차차 다른 데로 미침,N,,,,8차(2025-11),,,
파기,DSTRC,Destruction,"破棄. 계약, 조약, 약속 따위를 깨뜨려 버림",N,,,,7차(2024-11),,,
파산,BNKRP,Bankruptcy,破産. 재산을 모두 잃고 망함,N,,,,6차(2023-11),,,
파일,FILE,File,File. 여러 가지 서류를 한데 모아 매어 두게 만든 도구. 또는 그렇게 매어 둔 묶음. 하나의 단위로서 처리되는 서로 관련 있는 레코드의 집합,N,,,"화일, FILE",1차(2020-08),,,
판결,JDGM,Judgment,判決. 시비나 선악을 판단하여 결정함,N,,,,6차(2023-11),,,
판결문,RLNG,Ruling,"判決文. 법원이 판결을 내린 사실, 이유 및 판결 주문 따위를 적은 문서",N,,,,6차(2023-11),,,
판독,INTPR,Interpretation,"判讀. 어려운 문장이나 암호, 고문서 따위를 뜻을 헤아리며 읽음",N,,,,8차(2025-11),,,
판매,NTSL,Net Sales,販賣. 상품 따위를 팖,N,,,,2차(2020-12),,,
판매자,SLR,Seller,販賣者. 상품 따위를 파는 사람. 또는 그 기관,N,,,,7차(2024-11),,,
판매처,SLPL,Sales Place,販賣處. 상품 따위를 파는 장소. 또는 그 기관,N,,,,7차(2024-11),,,
판정,JGMT,Judgement,判定. 판별하여 결정함,N,,,,1차(2020-08),,,
팝업,POPUP,Popup,Popup. 축적되어 있는 데이터 중 가장 위에 있는 데이터를 꺼내는 것,N,,"팝업창, 팝업메뉴",,1차(2020-08),,,
패소,LSCS,Lose A Case,敗訴. 소송에서 짐,N,,,,6차(2023-11),,,
패키지,PKG,Package,Package. 물건을 보호하거나 수송하기 위한 포장 용기,N,,,,6차(2023-11),,,
팩스,FAX,Fax,"Fax. 문자, 도표, 사진 따위의 정지 화면을 화소(畫素)로 분해하여 전기 신호로 바꾸어 전송하고, 수신 지점에서 원화(原畫)와 같은 수신 기록을 얻는 통신 방법 또는 그런 기계 장치",N,,,,6차(2023-11),,,
팩스번호,FXNO,Fax Number,"FAX番號. 문자, 도표, 사진 따위의 정지 화면을 화소로 분해하여 전기 신호로 바꾸어 전송하고, 수신 지점에서 원화와 같은 수신 기록을 얻는 통신 기기의 번호",Y,팩스번호,,FAX번호,2차(2020-12),,,
펀드,FUND,Fund,Fund. 투자 신탁의 신탁 재산,N,,,,6차(2023-11),,,
편성,FRMT,Formation,編成. 예산ㆍ조직ㆍ대오 따위를 짜서 이룸,N,,,,6차(2023-11),,,
편의시설,CVNFCL,Convenient Facilities,便宜施設. 편하고 좋은 환경이나 조건을 갖춘 시설,N,,,,7차(2024-11),,,
편입,ENRL,Enrollment,編入. 이미 짜인 한 동아리나 대열 따위에 끼어 들어감,N,,,,6차(2023-11),,,
편입면적,ICLAR,Included Area,編入面積. 이미 짜인 한 동아리나 대열 따위에 끼어 들어간 면적,Y,면적,,,6차(2023-11),,,
편집기,EDTR,Editor,"編輯機. 원시(原始) 프로그램을 수정하여 새로운 원시 프로그램을 만들거나, 문장을 편집하는 기능을 갖는 프로그램",N,,,,5차(2022-07),,,
편차,DVTN,Deviation,"偏差. 수치, 위치, 방향 따위가 일정한 기준에서 벗어난 정도나 크기",Y,수,,,8차(2025-11),,,
평가,EVL,Evaluation,評價. 사물의 가치나 수준 따위를 평함. 또는 그 가치나 수준,N,,,,1차(2020-08),,,
평가군,EVLGRP,Evaluation Group,評價群. 사물의 가치나 수준 따위를 평가하기 위해 구성된 집단,N,,,,7차(2024-11),,,
평가자,EVLTR,Evaluator,評價者. 사물의 가치나 수준 따위를 평하는 사람,N,,,,6차(2023-11),,,
평가표,EVLSHT,Evaluation Sheet,評價表. 사물의 가치나 수준 따위를 평하기 위하여 만든 표. 또는 평한 결과를 적은 표,N,,,,7차(2024-11),,,
평균,AVG,Average,平均. 여러 수나 같은 종류의 양의 중간 값을 갖는 수 또는 여러 사물의 질이나 양 따위를 통일적으로 고르게 한 것,N,,,,6차(2023-11),,,
평일,WKDY,Weekday,"平日. 토요일, 일요일, 공휴일이 아닌 보통 날",N,,,,8차(2025-11),,,
평정,RTNG,Rating,評定. 평가하여 결정함,N,,,,8차(2025-11),,,
평정자,RATER,Rater,評定者. 평가하여 결정하는 사람,N,,,,8차(2025-11),,,
평형,PYTP,Pyeong Type,坪型. 특정 평수(면적) 기반으로 설계된 아파트 등의 구조·유형,N,,,,8차(2025-11),,,
폐간,DSCT,Discontinuation,"廢刊. 신문, 잡지 따위의 간행을 폐지함",N,,,,7차(2024-11),,,
폐강,CLCTR,Closing Lecture,閉講. 있던 강좌나 강의를 폐지함,N,,,,6차(2023-11),,,
폐관,CLOS,Close,"閉館. 일정 시간에 도서관, 박물관, 영화관 따위의 문을 닫음",N,,,,8차(2025-11),,,
폐교,CLSCH,Close A School,廢校. 학교의 운영을 폐지함 또는 그렇게 된 학교,N,,,,8차(2025-11),,,
폐기,DSCD,Discard,廢棄. 못 쓰게 된 것을 버림,N,,,,1차(2020-08),,,
폐기물,WST,Waste,廢棄物. 못 쓰게 되어 버리는 물건,N,,,,8차(2025-11),,,
폐사,MTLTY,Mortality,斃死. 주로 짐승이나 어패류가 갑자기 죽음,N,,,,8차(2025-11),,,
폐쇄,CLSG,Closing,閉鎖. 문 따위를 닫아걸거나 막아 버림. 기관이나 시설을 없애거나 기능을 정지함,N,,,,1차(2020-08),,,
폐업,CLSBIZ,Closing of Business,廢業. 직업이나 영업을 그만둠,N,,,,1차(2020-08),,,
폐지,ABL,Abolition,"廢止. 실시하여 오던 제도나 법규, 일 따위를 그만두거나 없앰",N,,,,1차(2020-08),,,
포괄손익,CPICM,Comprehensive Income,包括損益. 기업이 일정한 기간 동안 소유주와의 자본 거래를 제외한 모든 거래나 사건으로 인하여 인식한 자본의 변동 금액,N,,,,8차(2025-11),,,
포기,ABND,Abandonment,抛棄. 하려던 일을 도중에 그만두어 버림,N,,,,6차(2023-11),,,
포맷,FRMAT,Format,Format. 컴퓨터 데이터 저장 환경을 만들기 위한 저장매체 초기화 및 파일 시스템 설정 작업,N,,,,8차(2025-11),,,
포상,RWRD,Reward,褒賞. 칭찬하고 장려하여 상을 줌,N,,,,6차(2023-11),,,
포용조수량,MTRVLM,Maximum Tidal Retention Volume,包容潮水量. 최고 만조 시에 간척지에 유입될 조수의 양,Y,수,,,8차(2025-11),,,
포인트,PNT,Point,"Point. 일정 기준에 따라 부여되는 점수, 숫자, 측정된 수치",N,,,,8차(2025-11),,,
포트,PORT,Port,Port. 중앙 처리 장치와 주변 장치가 통신하는 데 사용하는 컴퓨터의 연결 부분,N,,,,8차(2025-11),,,
포함,INCL,Inclusion,包含. 어떤 사물이나 현상 가운데 함께 들어 있거나 함께 넣음,N,,,,6차(2023-11),,,
폴더,FLDR,Folder,Folder. 윈도우에서 서로 관련 있는 소프트웨어를 묶어서 하나의 아이콘으로 나타낸 것,N,,,,6차(2023-11),,,
표기,MARK,Mark,表記. 적어서 나타냄. 또는 그런 기록,N,,,,8차(2025-11),,,
표면,SRFC,Surface,表面. 사물의 가장 바깥쪽. 또는 가장 윗부분,N,,,,6차(2023-11),,,
표본,SAMPLE,Sample,標本. 여러 통계 자료를 포함하는 집단 속에서 그 일부를 뽑아내어 조사한 결과로써 본디의 집단의 성질을 추측할 수 있는 통계 자료,N,,,,7차(2024-11),변경,공통표준단어 설명,유관 단어와의 통일성 및 적합성을 고려하여 설명 수정
표시,INDCT,Indication,表示/標示. 겉으로 드러내 보임 또는 표를 하여 외부에 드러내 보임,N,,,,1차(2020-08),변경,공통표준단어 설명,유관 단어와의 통일성 및 적합성을 고려하여 설명 수정
표준,STD,Standard,標準. 사물의 정도나 성격 등을 알기 위한 근거나 기준,N,,,,3차(2021-10),,,
표지,CVR,Cover,表紙. 책의 맨 앞뒤의 겉장,N,,,,7차(2024-11),,,
표출,EXPRS,Expression,表出. 겉으로 나타냄,N,,,,6차(2023-11),,,
푸시알림,PSHNT,Push Notification,Push알림. 정보를 밀어내는 기술을 이용하여 정보를 전달하는것,N,,,,8차(2025-11),,,
품목,ITEM,Item,品目. 물품의 이름을 쓴 목록,N,,,,5차(2022-07),,,
품의,CNSL,Consultation,稟議. 웃어른이나 상사에게 말이나 글로 여쭈어 의논함,N,,,,6차(2023-11),,,
품의서,APRQ,Approval Request,稟議書. 웃어른이나 상사에게 여쭈어 의논하는 글,N,,,,8차(2025-11),,,
품종,VRTY,Variety,"品種. 물품의 종류나 농작물·가축 따위를 분류하는 최종 단계의 이름으로, 생물 분류학에서는 종(種)의 하위 단위를 이르는 말",N,,,,6차(2023-11),변경,공통표준단어 설명,유관 단어와의 통일성 및 적합성을 고려하여 설명 수정
품질,QLTY,Quality,品質. 물건의 성질과 바탕,N,,,,8차(2025-11),,,
풍속,WSPD,Wind Speed,風速. 바람의 속도. 지상 10미터에서 어떤 시각의 10분 전에 측정한 것을 이른다,Y,수,,,7차(2024-11),,,
프레임,FRME,Frame,"Frame. 자동차, 자전거 따위의 뼈대 또는 전산분야에서 다양한 정보를 효과적으로 나누고 다루기 위한, 표준화된 논리적 틀이나 작동의 단위",N,,,,8차(2025-11),,,
프로그램,PRGRM,Program,Program. 어떤 일의 진행 계획이나 순서 또는 컴퓨터에 주어지는 일련의 명령문 집합체,N,,,,5차(2022-07),변경,공통표준단어 설명,유관 단어와의 통일성 및 적합성을 고려하여 설명 수정
프로세스,PROC,Process,Process. 일이 처리되는 경로나 공정 또는 프로그램이 메모리에서 실행되어 작업을 수행하는 실행 단위,N,,,,8차(2025-11),,,
프로시저,PRCD,Procedure,Procedure. 프로그램 내에서 특정 작업이나 동작을 수행하도록 이름이 붙여진 코드 블록 또는 일련의 명령어 집합,N,,,,8차(2025-11),,,
피감사,ADTE,Auditee,被監査. 감사를 받음,N,,,,8차(2025-11),,,
피고,DFND,Defendant,"被告. 민사 소송에서, 소송을 당한 측의 당사자",N,,,,6차(2023-11),,,
피공탁자,DPBN,Deposit Beneficiary,"被供託者. 공탁 절차에서 공탁물(금전, 물품 등)을 받을 자격이 있는 사람 또는 그 권리를 인정받은 사람",N,,,,8차(2025-11),,,
피보험자,ISRT,Insurant,被保險者. 가입한 보험을 통해 보장을 받는 사람,N,,,,6차(2023-11),,,
피복비,CLTEXP,Clothing Expenses,"被服費. 생활필수품비의 하나로 가계에서 옷, 신발, 장식품 따위에 쓰는 비용을 이른다",Y,비용,,,8차(2025-11),,,
피상속인,DCDNT,Decedent,"被相續人. 상속인에게 자기의 권리, 의무를 물려주는 사람",N,,,,8차(2025-11),,,
피신고자,RPTPR,Reported Person,被申告者. 신고를 당한 사람,N,,,,8차(2025-11),,,
피신청인,RSPND,Respondent,"被申請人. 관청이나 기관, 단체로부터 어떤 사항을 요청받은 사람",N,,,,8차(2025-11),,,
피의자,SSPCT,Suspect,"被疑者. 범죄의 혐의가 있어서 정식으로 입건되었으나, 아직 공소 제기가 되지 아니한 사람",N,,,,7차(2024-11),,,
피평가자,APRSE,Appraisee,被評價者. 평가를 받는 사람,N,,,,8차(2025-11),,,
피해,DAM,Damage,"被害. 생명이나 신체, 재산, 명예 따위에 손해를 입음",N,,,,6차(2023-11),,,
피해자,VCTM,Victim,"被害者. 자신의 생명이나 신체, 재산, 명예 따위에 침해 또는 위협을 받은 사람",N,,,,6차(2023-11),,,
필기,NTTK,Note-Taking,"筆記. 글씨를 씀 또는 강의, 강연, 연설 따위의 내용을 받아 적음",N,,,,7차(2024-11),,,
필수,ESNTL,Essential,必需. 반드시 있어야 함. 또는 반드시 쓰임,N,,,,1차(2020-08),,,
필요,NEED,Need,必要. 반드시 요구되는 바가 있음,N,,,,6차(2023-11),,,
필지,LTLND,Lot Of Land,"筆地. 구획된 논이나 밭, 임야, 대지 따위를 세는 단위",N,,,,6차(2023-11),,,
필지면적,LPAR,Land Parcel Area,"筆地面積. 구획된 논이나 밭, 임야, 대지 따위를 세는 단위의 면적",Y,면적,,,7차(2024-11),,,
하단,LWPT,Low Part,下段. 여러 단으로 된 것의 아래의 단,N,,,,8차(2025-11),,,
하도급,SBCTR,Subcontract,下都給. 어떤 사람이 청부 받은 일을 다시 다른 사람이 청부 받는 일,N,,,,6차(2023-11),,,
하드디스크,HDD,Hard Disk,"Hard Disk. 헤드, 디스크 따위를 넣어 밀봉한 고정 자기 디스크 장치",N,,,,8차(2025-11),,,
하드웨어,HW,Hardware,Hardware. 컴퓨터를 구성하는 기계 장치의 몸체를 통틀어 이르는 말,N,,,,7차(2024-11),,,
하선,DSMB,Disembarkation,下船. 배에서 내림,N,,,,8차(2025-11),,,
하수급인,SBCNTR,Subcontractor,下受給人. 수급인으로부터 하도급을 받은 사람,N,,,,8차(2025-11),,,
하위,LWR,Lower,下位. 낮은 지위나 등급이나 위치,N,,,,7차(2024-11),,,
하자,FLW,Flaw,瑕疵. 법률 또는 당사자가 예기한 상태나 성질이 결여되어 있는 일,N,,,,6차(2023-11),,,
하자보수,DFRP,Defect Repair,"瑕疵補修. 완성된 제품, 공사, 서비스 또는 전산시스템의 결함을 보수하여 정상적인 상태로 회복하는 일",N,,,,8차(2025-11),,,
하차,GTOF,Get Off,下車. 타고 있던 차에서 내림,N,,,,8차(2025-11),,,
하천,RVR,River,河川. 강과 시내를 아울러 이르는 말,N,,,,5차(2022-07),,,
하한,LLMT,The Lower Limit,"下限. 위아래로 일정한 범위를 이루고 있을 때, 아래쪽의 한계",N,,,,7차(2024-11),,,
학과,SCSBJT,School Subject,學科. 교수 또는 연구의 편의를 위하여 구분한 학술의 분과,N,,,,5차(2022-07),,,
학교,SCHL,School,學校. 일정한 목적ㆍ교과 과정ㆍ설비ㆍ제도 및 법규에 의하여 계속적으로 학생에게 교육을 실시하는 기관,N,,,,4차(2021-12),,,
학급,CLAS,Class,學級. 한 교실에서 공부하는 학생의 단위 집단,N,,,,7차(2024-11),,,
학년,SCYR,School Year,學年. 일 년간의 학습 과정의 단위,N,,,,7차(2024-11),,,
학력,ACBG,Academic Background,學歷. 학교를 다닌 경력,N,,,,2차(2020-12),,,
학번,STDNO,Student Number,"學番. 주로 대학교나 대학원에서, 학교 행정상의 필요에 의하여 입학 연도와 학과에 따라 학생에게 부여한 고유 번호",Y,번호,,,8차(2025-11),,,
학사,BCHLR,Bachelor,學士. 대학의 학부 과정을 마치고 규정된 절차를 밟은 사람에게 수여하는 학위 또는 그 학위를 딴 사람,N,,,,8차(2025-11),,,
학생,STDNT,Student,學生. 학예를 배우거나 학교에 다니며 공부하는 사람,N,,,,6차(2023-11),변경,공통표준단어 설명,유관 단어와의 통일성 및 적합성을 고려하여 설명 수정
학술대회,SMPSM,Symposium,"學術大會. 학문의 방법이나 이론, 발전 방향 따위에 대하여 발표하고 토론하고자 다수의 사람이 때를 정하여 한곳에 모이는 큰 모임",N,,,,6차(2023-11),,,
학술지,ACJRNL,Academic Journal,學術誌. 학술ㆍ예술 분야에 관한 전문적인 글을 싣는 잡지,N,,,,6차(2023-11),,,
학습,LRN,Learning,學習. 배워서 익힘,N,,,,7차(2024-11),,,
학원,ACDM,Academy,學院. 일정한 목적·교과 과정·설비·제도 및 법규에 의하여 계속적으로 학생에게 교육을 실시하는 기관,N,,,,8차(2025-11),,,
학원비,ACDFE,Academy Fee,學院費. 수업을 듣는 대가로 학원에 내는 비용,Y,비용,,,8차(2025-11),,,
학위,DGR,Degree,學位. 어떤 부문의 학문을 전문적으로 익히고 공부하여 일정한 수준에 오른 사람에게 대학에서 주는 자격,N,,,,6차(2023-11),,,
학점,CDT,Credits,學點. 대학 또는 대학원에서 학생의 학과 이수를 계산하는 단위,Y,수,,,8차(2025-11),,,
학회,ACSCT,Academic Society,學會. 학문을 깊이 있게 연구하고 더욱 발전하게 하기 위하여 공부하는 사람들이 만든 모임,N,,,,6차(2023-11),,,
한국은행,BOK,Bank Of Korea,韓國銀行. 우리나라의 중앙은행,N,,,,8차(2025-11),,,
한국표준산업분류,KSIC,Korean Standard Industrial Classification,"韓國標準産業分類. 표준으로 정하여진 한국의 산업 분류. 국제 연합의 산업 분류에 준거하고, 십진분류법을 쓰며, 각종 통계는 이에 의하여 나타냄",N,,,,2차(2020-12),,,
한글,KORN,Korean (Language),Korean. 대한민국의 고유 문자의 이름,N,,,,2차(2020-12),,,
한도,LIM,Limit,限度. 일정한 정도 또는 한정된 정도,N,,,,6차(2023-11),,,
한부모,SGPRN,Single Parent,한父母. 부모 중 어느 한쪽만 있음,N,,,,7차(2024-11),,,
한자,CHNCRT,Chinese Character,漢字. 고대 중국에서 만들어져 오늘날에도 쓰이고 있는 표의 문자,N,,,,6차(2023-11),,,
할당,ALOT,Allotment,割當. 몫을 갈라 나눔 또는 그 몫,N,,,,6차(2023-11),,,
할당량,QT,Quota,割當量. 몫을 갈라 나눈 양,Y,수,,,7차(2024-11),,,
할부,IS,Installment,割賦. 돈을 여러 번에 나누어 냄,N,,,,6차(2023-11),,,
할인,DSCNT,Discount,割引. 일정한 값에서 얼마를 뺌,N,,,,2차(2020-12),,,
할인료,DSCFE,Discount Fee,"割引料. 어음 할인을 할 때, 현금으로 바꾼 날부터 만기까지의 날수를 계산하여 빼는 이자",Y,요금,,,8차(2025-11),,,
할인율,DSCRT,Discount Rate,割引率. 어음을 할인할 때 빼는 이율,Y,율,,,6차(2023-11),,,
할증,EXCHRG,Extra Charge,割增. 일정한 값에 얼마를 더함,N,,,,6차(2023-11),,,
함량,CONT,Content,含量. 물질이 어떤 성분을 포함하고 있는 분량,Y,수,함유량,,8차(2025-11),,,
함수,FNC,Function,"函數. 수학에서 어떤 집합의 원소를 다른 집합의 원소에 일정한 규칙에 따라 대응시키는 것, 또는 프로그래밍에서 입력값을 받아 계산이나 처리를 수행한 뒤 결과값을 내는 코드의 단위",N,,,,7차(2024-11),변경,공통표준단어 설명,유관 단어와의 통일성 및 적합성을 고려하여 설명 수정
함수율,MSTRT,Moisture Rate,含水率. 수분이 들어 있는 비율,Y,율,,,8차(2025-11),,,
합격,PASS,Pass,"合格. 시험, 검사, 심사 따위에서 일정한 조건을 갖추어 어떠한 자격이나 지위 따위를 얻음",N,,,,1차(2020-08),,,
합격률,PSRT,Pass Rate,合格率. 지원자 수에 대한 합격자 수의 비율,Y,율,,,8차(2025-11),,,
합격자,SCCND,Successful Candidate,"合格者. 시험, 검사, 심사 따위에서 일정한 조건을 충족하여 어떠한 자격이나 지위 따위를 얻은 사람",N,,,,8차(2025-11),,,
합계,SUM,Sum,合計. 한데 합하여 계산함. 또는 그런 수효,N,,,,5차(2022-07),,,
합병,MERG,Merger,"合倂. 둘 이상의 기구나 단체, 나라 따위가 하나로 합쳐짐. 또는 그렇게 만듦",N,,병합,,7차(2024-11),,,
합산,ADUP,Adding Up,合算. 합하여 계산함,N,,,,6차(2023-11),,,
합숙,LDTG,Lodge Together,合宿. 여러 사람이 한곳에서 집단적으로 묵음,N,,,,6차(2023-11),,,
합의,ACRD,Accord,合意. 서로 의견이 일치하거나 둘 이상의 당사자의 의사가 일치함,N,,,,6차(2023-11),변경,공통표준단어 설명,유관 단어와의 통일성 및 적합성을 고려하여 설명 수정
합의금,STAMT,Settlement Amount,合意金. 합의를 하기 위하여 주는 돈,Y,금액,,,8차(2025-11),,,
항공기,ARPLN,Airplane,航空機. 사람이나 물건을 싣고 공중을 비행할 수 있는 탈것을 통틀어 이르는 말,N,,,,7차(2024-11),,,
항공료,ARFR,Airfare,航空料. 항공기를 이용하는 대가로 내는 돈,Y,요금,,,8차(2025-11),,,
항공사,ARLN,Airline,航空社. 항공 운송 사업을 하는 회사,N,,,,7차(2024-11),,,
항구,PRT,Port,港口. 배가 안전하게 드나들도록 강가나 바닷가에 부두 따위를 설비한 곳,N,,,,7차(2024-11),,,
항만,HRBR,Harbor,"港灣. 바닷가가 굽어 들어가서 선박이 안전하게 머물 수 있고, 화물 및 사람이 배로부터 육지에 오르내리기에 편리한 곳. 또는 그렇게 만든 해역",N,,,,5차(2022-07),,,
항목,ARTCL,Article,項目. 전체를 구성하고 있는 낱낱의 부분이나 갈래,N,,,,5차(2022-07),변경,공통표준단어 설명,유관 단어와의 통일성 및 적합성을 고려하여 설명 수정
항소,APL,Appeal,"抗訴. 민사 소송에서, 제일심의 종국 판결에 대하여 불복하여 상소함 또는 그 상소",N,,,,6차(2023-11),,,
항속,CRSPD,Cruise Speed,航速. 선박이나 비행기의 속도,N,,,,7차(2024-11),,,
항차,VYG,Voyage,航次. 항해나 비행의 차례,N,,,,7차(2024-11),,,
항해,VOYAGE,Voyage,航海. 배를 타고 바다 위를 다님,N,,,,8차(2025-11),,,
해결,SLTN,Solution,解決. 제기된 문제를 해명하거나 얽힌 일을 잘 처리함,N,,,,8차(2025-11),,,
해당,RLVT,Relevant,"該當. 무엇에 관계되는 바로 그것, 어떤 범위나 조건 따위에 바로 들어맞음",N,,,,1차(2020-08),,,
해면,SSRFC,Sea Surface,海面. 바닷물의 표면,N,,해수면,,7차(2024-11),,,
해발,ELVT,Elevation,海拔. 해수면으로부터 계산하여 잰 육지나 산의 높이,N,,,,7차(2024-11),,,
해산,DSBND,Disband,"解散. 모였던 사람이 흩어짐. 또는 흩어지게 하거나, 집단, 조직, 단체 따위가 해체하여 없어짐. 또는 없어지게 함",N,,,,7차(2024-11),,,
해상도,RSL,Resolution,解像度. 텔레비전 화면이나 컴퓨터의 디스플레이 따위의 표시의 선명도,Y,내용,,,8차(2025-11),,,
해소,RSLV,Resolve,解消. 어려운 일이나 문제가 되는 상태를 해결하여 없애 버림,N,,,,6차(2023-11),,,
해시태그,HSTG,Hashtag,Hashtag. 특정 핵심어 앞에 ‘#’ 기호를 붙여 써서 식별을 용이하게 하는 메타데이터 태그의 한 형태,N,,,,8차(2025-11),,,
해약,CNCL,Cancellation,解約. 약속이나 계약 따위가 깨어짐. 또는 약속이나 계약 따위를 깨뜨림,N,,,,6차(2023-11),,,
해역,SAR,Sea Area,海域. 바다 위의 일정한 구역,N,,,,8차(2025-11),,,
해외,OVSEA,Overseas,海外. 바다의 밖 또는 다른 나라를 이르는 말 ,N,,,,7차(2024-11),,,
해임,DSMSL,Dismissal,解任. 어떤 지위나 맡은 임무를 그만두게 함,N,,,,3차(2021-10),,,
해제,RMV,Remove,解除. 설치했거나 장비한 것 따위를 풀어 없앰. 묶인 것이나 행동에 제약을 가하는 법령 따위를 풀어 자유롭게 함,N,,,,1차(2020-08),,,
해조류,SWDS,Seaweeds,海藻類. 바다에서 나는 조류를 통틀어 이르는 말,N,,해조,,8차(2025-11),,,
해지,CNCLTN,Cancellation,解止. 계약 당사자 한쪽의 의사 표시에 의하여 계약에 기초한 법률관계를 말소하는 것,N,,,,1차(2020-08),,,
해체,DSMT,Dismantlement,解體. 단체 따위가 흩어짐. 또는 그것을 흩어지게 함,N,,,,7차(2024-11),,,
해촉,DSMS,Dismissal,解囑. 위촉했던 직책이나 자리에서 물러나게 함,N,,,,6차(2023-11),,,
핵심,CORE,Core,核心. 사물의 가장 중심이 되는 부분,N,,,,8차(2025-11),,,
핵심성과지표,KPI,Key Performance Indicator,核心成果指標. 기업의 목표를 성공적으로 달성하는 데 핵심적으로 관리해야 하는 요소들에 대한 성과 지표,N,,,,7차(2024-11),,,
행사,EVNT,Event,行事. 어떤 일을 시행함. 또는 그 일,N,,,,3차(2021-10),,,
행위,ACT,Act,行爲. 사람이 의지를 가지고 하는 짓,N,,,,7차(2024-11),,,
행위자,ACTR,Actor,行爲者. 행위를 수행하는 사람 혹은 행동의 주체,N,,,,8차(2025-11),,,
행정,PBADMS,Public Administration,行政. 정치나 사무를 행함,N,,,,3차(2021-10),,,
행정구역,ADMDST,Administrative District,"行政區域. 행정 기관의 권한이 미치는 범위의 일정한 구역. 특별시, 광역시, 도, 군, 읍, 면 따위이다",N,,,,5차(2022-07),,,
행정기관,ADMNST,Administrative Institution,行政機關. 국가 또는 지방 자치 단체의 행정 사무를 맡아보는 기관,N,,,,6차(2023-11),,,
행정동,DONG,Dong (Administrative District) ,行政洞. 주민들이 거주하는 지역을 행정능률과 주민편의를 위하여 구분한 행정 구역 단위,N,,,,2차(2020-12),,,
행정정보공동이용,ADINSR,Administrative Information Sharing,"行政情報共同利用. 행정기관 등에서 수집·보유하고 있는 행정정보를 다른 기관에서도 민원, 내부 업무 처리 등을 위해 이용할 수 있는 제도",N,,,,6차(2023-11),,,
행정처분,ADMDSP,Administrative Disposition,行政處分. 행정 주체가 구체적 사실에 관한 법 집행으로서 행하는 공법 행위 가운데 권력적 단독 행위,N,,,,2차(2020-12),,,
향후,HCFH,Henceforth,向後. 이것에 뒤이어 오는 때나 자리,N,,,,6차(2023-11),,,
허가,PRMSN,Permission,"許可. 행동이나 일을 하도록 허용함, 법령에 의하여 일반적으로 금지되어 있는 행위를 행정기관이 특정한 경우에 해제하고 적법하게 이를 행할 수 있게 하는 일",N,,,,1차(2020-08),,,
허가면적,PMTAR,Permitted Area,許可面積. 행동이나 일을 하도록 허용한 면적,Y,면적,,,7차(2024-11),,,
허용,PRM,Permit,許容. 허락하여 너그럽게 받아들임,N,,,,6차(2023-11),,,
허위,FLSHD,Falsehood,虛僞. 진실이 아닌 것을 진실인 것처럼 꾸민 것,N,,,,8차(2025-11),,,
헌혈,BLDN,Blood Donation,獻血. 수혈이 필요한 환자를 위하여 피를 뽑아 줌,N,,,,8차(2025-11),,,
현금,CASH,Cash,現金. 정부나 중앙은행에서 발행하는 지폐나 주화를 유가 증권과 구별하여 이르는 말,N,,,,6차(2023-11),,,
현금매도율,CSSRT,Cash Selling Rate,現金賣渡率. 은행이나 환전소가 고객에게 외화를 판매할 때 적용하는 현금 거래 기준 환율,Y,율,,,7차(2024-11),,,
현금영수증,CSRT,Cash Receipt,現金領收證. 현금을 주고 물건을 산 사실을 표시하는 증서,N,,,,6차(2023-11),,,
현물,SPOT,Spot,現物. 물품 또는 주식이나 상품 따위의 현품,N,,,,8차(2025-11),,,
현안,PDIS,Pending Issue,懸案. 이전부터 의논하여 오면서도 아직 해결되지 않은 채 남아 있는 문제나 의안,N,,,,8차(2025-11),,,
현장,GRNDS,Grounds,現場. 사물이 현재 있는 곳,N,,,,6차(2023-11),,,
현장소장,STMGR,Site Manager,"現場所長. 공사 업자가 지정하는 책임 시공 기술자. 현장의 공사 관리 및 기술 관리, 기타 공사 업무를 시행한다",N,,,,7차(2024-11),,,
현재,NOW,Now,現在. 지금의 시간,N,,,,6차(2023-11),,,
현지,LOCAL,Local,現地. 사물이 현재 있는 곳 또는 일을 실제 진행하거나 작업하는 그곳,N,,,,7차(2024-11),변경,공통표준단어 설명,유관 단어와의 통일성 및 적합성을 고려하여 설명 수정
현행범,FLOFDR,Flagrant Offender,現行犯. 범죄를 실행하는 중이거나 실행한 직후에 잡힌 범인,N,,,,8차(2025-11),,,
현황,PRST,Present Situation,現況. 현재의 상황,N,,,,7차(2024-11),,,
혈당,BLSG,Blood Sugar,血糖. 혈액 속에 포함되어 있는 당,N,,,,8차(2025-11),,,
혈압,BDPR,Blood Pressure,"血壓. 심장에서 혈액을 밀어낼 때, 혈관 내에 생기는 압력",N,,,,7차(2024-11),,,
혈액형,BLDTY,Blood Type,血液型. 혈액의 유형,N,,,,6차(2023-11),,,
혐의,SSPC,Suspicion,嫌疑. 범죄를 저질렀을 가능성이 있다고 봄 또는 그 가능성,N,,,,8차(2025-11),,,
협력,CLBR,Collaboration,協力. 힘을 합하여 서로 도움,N,,,,7차(2024-11),,,
협약,CVTN,Convention,協約. 협상에 의하여 조약을 맺음 또는 그 조약,N,,,,6차(2023-11),,,
협약서,AGRM,Agreement,協約書. 협약의 내용을 적은 문서,N,,,,8차(2025-11),,,
협업,CPRTN,Cooperation,協業. 많은 노동자들이 협력하여 계획적으로 노동하는 일,N,,,,8차(2025-11),,,
협의,CNSLTN,Consultation,協議. 둘 이상의 사람이 서로 협력하여 의논함,N,,,,3차(2021-10),,,
협의자,DSCSNT,Discussant,協議者. 어떤 사안에 대해 서로 의논하거나 합의하는 데에 참가하는 사람,N,,,,8차(2025-11),,,
협조,CRDNT,Coordination,協助. 힘을 보태어 도움,N,,,,8차(2025-11),,,
협조자,HLPR,Helper,協助者. 힘을 보태어 도와주는 사람,N,,,,7차(2024-11),,,
협회,ASCTN,Association,協會. 같은 목적을 가진 사람들이 설립하여 유지해 나아가는 모임,N,,,,8차(2025-11),,,
형벌,CRPNLT,Criminal Penalties,刑罰. 범죄에 대한 법률의 효과로서 국가 따위가 범죄자에게 제재를 가함 또는 그 제재,N,,,,8차(2025-11),,,
형사,CMLC,Criminal Case,刑事. 형법의 적용을 받는 사건,N,,,,7차(2024-11),,,
형식,FRM,Formality,形式. 사물이 외부로 나타나 보이는 모양,N,,,,6차(2023-11),,,
형태,SHP,Shape,形態. 어떠한 구조나 전체를 이루고 있는 구성체가 일정하게 갖추고 있는 모양,N,,,,7차(2024-11),,,
호봉,SLCLS,Salary Class,"號俸. 급여 체계 안에서의 등급. 직계, 연공(年功) 따위를 기초로 하여 정해진다",N,,,,7차(2024-11),,,
호수,LAKE,Lake,湖水. 땅이 우묵하게 들어가 물이 괴어 있는 곳,N,,,,8차(2025-11),,,
호실,RMNO,Room Number,號室. 일정한 호수가 매겨진 방,Y,수,,,8차(2025-11),,,
호출,CLOT,Call Out,呼出. 전화나 전신 따위의 신호로 상대편을 부르는 일,N,,,,7차(2024-11),,,
혼인신고,MRGRG,Marriage Registration,婚姻申告. 결혼한 사실을 행정 관청에 신고하는 일,N,,,,8차(2025-11),,,
홍보,PBRL,Public Relations,弘報. 널리 알림 또는 그 소식이나 보도,N,,,,6차(2023-11),,,
홍보물,PRMTRL,Promotional Materials,"弘報物. 어떤 사실이나 정책, 상품 따위를 널리 알리기 위하여 만든 인쇄물 따위의 물건",N,,,,8차(2025-11),,,
홍수량,FLDQTY,Flood Quantity,洪水量. 홍수 때에 증가한 하천의 유량,Y,수,,,8차(2025-11),,,
홍수위,FDWL,Flood Water Level,洪水位. 하천의 수위 중에서 몇 년에 한 번씩 발생할 정도의 홍수 때의 수위,Y,수,,,8차(2025-11),,,
화면,SCRN,Screen,畫面. 텔레비전이나 컴퓨터 따위에서 그림이나 영상이 나타나는 면,N,,,,4차(2021-12),,,
화물,FRGHT,Freight,貨物. 운반할 수 있는 유형(有形)의 재화나 물품을 통틀어 이르는 말,N,,,,7차(2024-11),,,
화요일,TUE,Tuesday,火曜日. 월요일을 기준으로 한 주의 둘째 날,N,,,,7차(2024-11),,,
화재,FIRE,Fire,火災. 불이 나는 재앙. 또는 불로 인한 재난,N,,,,7차(2024-11),,,
화폐,CRNC,Currency,貨幣. 상품 교환 가치의 척도가 되며 그것의 교환을 매개하는 일반화된 수단,N,,,,7차(2024-11),,,
화학,CHEM,Chemistry,"化學. 자연 과학의 한 분야. 물질의 조성과 구조, 성질 및 변화, 제법, 응용 따위를 연구한다",N,,,,7차(2024-11),,,
확인,IDNTY,Identify,確認. 틀림없이 그러한가를 알아보거나 인정함. 또는 그런 인정,N,,,,1차(2020-08),,,
확인서,CNFDOC,Confirmation Document,確認書. 어떤 사실을 확인하는 뜻으로 쓴 글이나 서류,N,,,,6차(2023-11),,,
확인자,IDFR,Identifier,確認者. 틀림없이 그러한가를 알아보거나 인정한 사람,N,,,,2차(2020-12),,,
확장,EXPN,Expansion,"擴張. 범위, 규모, 세력 따위를 늘려서 넓힘",N,,,,8차(2025-11),,,
확장자,EXTN,Extension,"擴張字. 컴퓨터에서, 파일의 종류를 구분하기 위하여 파일명의 마침표 뒤에 붙이는 문자",N,,,,2차(2020-12),,,
확정,CFMTN,Confirmation,確定. 일을 확실하게 정함,N,,,,1차(2020-08),,,
확정자,DCSMKR,Decision-Maker,確定者. 확실히 정해진 사람,N,,,,8차(2025-11),,,
환가료,EXFE,Exchange Fee (Exchange Commission),換價料. 환을 발행하는 데에 드는 수수료,Y,요금,,,8차(2025-11),,,
환경,ENV,Environment,環境. 생물에게 직접·간접으로 영향을 주는 자연적 조건이나 사회적 상황,N,,,,8차(2025-11),,,
환급,RMBR,Reimbursement,還給. 도로 돌려줌,N,,,,2차(2020-12),,,
환매,RPRCH,Repurchase,還買. 일단 남에게 팔았던 물건을 도로 사들임,N,,,,6차(2023-11),,,
환불,RFND,Refundment,換拂/還拂. 돈이나 물건을 바꾸어 지불하거나 이미 지불한 돈을 되돌려줌,N,,,,2차(2020-12),변경,공통표준단어 설명,유관 단어와의 통일성 및 적합성을 고려하여 설명 수정
환산,CNVS,Conversion,換算. 어떤 단위나 척도로 된 것을 다른 단위나 척도로 고쳐서 헤아림,N,,,,6차(2023-11),,,
환산율,EXRT,Exchange Rates,換算率. 어떤 단위 척도로 된 것을 다른 단위나 척도로 고치어 헤아리는 비율,Y,율,,,8차(2025-11),,,
환수,RDM,Redemption,還收. 도로 거두어들임,N,,,,2차(2020-12),,,
환승역,TRFSTN,Transfer Station,換乘驛. 다른 노선으로 바꾸어 탈 수 있도록 마련된 역,N,,,,4차(2021-12),,,
환율,EXCHRT,Exchange Rate,換率. 자기 나라 돈과 다른 나라 돈의 교환 비율,Y,율,,,6차(2023-11),,,
환입,RTRN,Returns,換入. 바꾸어 넣음,N,,,,6차(2023-11),,,
환자,PTN,Patient,患者. 병들거나 다쳐서 치료를 받아야 할 사람,N,,,,6차(2023-11),,,
환전,CREX,Currency Exchange,"換錢. 서로 종류가 다른 화폐와 화폐, 또는 화폐와 지금(地金)을 교환함. 또는 그런 일",N,,,,7차(2024-11),,,
환지면적,RPLTAR,Replotting Area,換地面積. 토지를 바꾸거나 토지를 팔고 대신 얻은 땅의 넓이,Y,면적,,,8차(2025-11),,,
활동,ACTV,Activity,活動. 몸을 움직여 행동함,N,,,,6차(2023-11),,,
활동비,ACTCO,Activity Cost,活動費. 어떤 일의 성과를 거두기 위하여 힘쓰는 데에 필요한 비용,Y,비용,,,8차(2025-11),,,
활성,ACTVTN,Activation,活性. 어떤 시스템이 동작할 수 있는 수준에 있는 것,N,,,,5차(2022-07),,,
활성화,VTLZ,Vitalization,活性化. 사회나 조직 등의 기능이 활발함 또는 그러한 기능을 활발하게 함,N,,,,6차(2023-11),,,
활용,UTLZ,Utilize,活用. 충분히 잘 이용함,N,,,,6차(2023-11),,,
활주로,RNWY,Runway,滑走路. 비행장에서 비행기가 뜨거나 내릴 때에 달리는 길,N,,,,8차(2025-11),,,
회계,ACNTG,Accounting,會計.개인이나 기업 등의 경제 활동 상황을 일정한 계산 방법으로 기록하고 정보화함,N,,,,3차(2021-10),,,
회계연도,FYR,Fiscal Year,"會計年度. 정부가 회계 상 또는 예산 상 재무제표를 계산하는 데 사용하는 기간으로, 매년 1월 1일에 시작하여 12월 31일에 종료",Y,연도,,,1차(2020-08),,,
회기,SESN,Session,會期. 회합하는 시기,N,,,,7차(2024-11),,,
회복,RCVRY,Recovery,回復/恢復. 원래의 상태로 돌이키거나 원래의 상태를 되찾음,N,,,,6차(2023-11),,,
회사,CO,Company,會社. 상행위 또는 그 밖의 영리 행위를 목적으로 하는 사단 법인,N,,,,1차(2020-08),,,
회사채,CPBND,Corporate Bond,會社債. 주식회사가 일반 사람들에게 채권이라는 유가 증권을 발행하여 사업에 필요한 자금을 조달하는 채무,N,,,,8차(2025-11),,,
회생,RVVL,Revival,回生. 거의 죽어 가다가 다시 살아남,N,,소생,,6차(2023-11),,,
회수,RTRVL,Retrieval,回收. 도로 거두어들임,N,,,,3차(2021-10),,,
회신,RPLY,Reply,"回信. 편지, 전신, 전화 따위로 회답을 함",N,,,,1차(2020-08),,,
회원,MBR,Member,會員. 어떤 모임을 구성하는 사람,N,,,,2차(2020-12),,,
회원사,MBRCO,Member Company,會員社. 어떤 회를 구성하는 회사 또는 어떤 단체에 가입한 회사,N,,,,6차(2023-11),,,
회의,MTG,Meeting,會議. 어떤 사항을 여럿이 모여 의논함,N,,,,1차(2020-08),,,
회의실,CFRM,Conference Room,會議室. 여럿이 모여 의논하는 데에 쓰는 방,N,,,,7차(2024-11),,,
회장,CHRMN,Chairman,會長. 모임을 대표하고 모임의 일을 총괄하는 사람,N,,,,7차(2024-11),,,
회전,RTTN,Rotation,回轉/廻轉. 어떤 것을 축으로 물체 자체가 빙빙 돎,N,,,,8차(2025-11),,,
회전율,RTTRT,Rotation Rate,回轉率. 회전하는 비율이나 정도,Y,율,,,6차(2023-11),,,
횟수,NMTM,Number Of Times,回數. 돌아오는 차례의 수효,Y,수,,,5차(2022-07),,,
효과,EFCT,Effect,效果. 어떤 목적을 지닌 행위에 의하여 드러나는 보람이나 좋은 결과,N,,,,6차(2023-11),,,
효력,EFC,Effect,效力. 법률이나 규칙 따위의 작용,N,,,,8차(2025-11),,,
효율,EFCN,Efficiency,效率. 들인 노력과 얻은 결과의 비율,Y,율,,,8차(2025-11),,,
후기내용,RVCN,Review Contents,後記內用. 본문 끝에 덧붙여 기록함. 또는 뒷날의 기록,Y,내용,,,7차(2024-11),,,
후보자,CNDD,Candidate,"候補者. 선거에서, 어떤 직위나 신분을 얻으려고 일정한 자격을 갖추어 나선 사람",N,,,,8차(2025-11),,,
후속,FLWUP,Follow-Up,後續. 뒤를 이어 계속함,N,,,,8차(2025-11),,,
후원,SPNSR,Sponsorship,後援. 뒤에서 도와줌,N,,,,8차(2025-11),,,
훈련,TRNG,Training,訓鍊. 일정한 목표나 기준에 도달할 수 있도록 만드는 실제적 교육 활동,N,,,,6차(2023-11),,,
훈련비,TRNFE,Training Fee,訓鍊費. 가르쳐서 익히게 하는 데 드는 비용,Y,비용,,,8차(2025-11),,,
훼손,DMG,Damage,毁損. 체면이나 명예를 손상함. 또는 헐거나 깨뜨려 못 쓰게 만듦,N,,,,7차(2024-11),,,
휴가,VCT,Vacation,"休暇. 직장ㆍ학교ㆍ군대 따위의 단체에서, 일정한 기간 동안 쉬는 일 또는 그런 겨를",N,,,,6차(2023-11),,,
휴가비,VABNS,Vacation Bonus,休暇費. 기업 따위에서 휴가를 얻은 사람에게 주는 돈,Y,비용,,,8차(2025-11),,,
휴게,BRK,Break,休憩. 어떤 일을 하다가 잠깐 동안 쉼,N,,,,8차(2025-11),,,
휴경,FALW,Fallow,"休耕. 부치던 땅을, 농사를 짓지 아니하고 얼마 동안 묵힘",N,,,,8차(2025-11),,,
휴관,CLSR,Closure,"休館. 도서관, 미술관, 영화관 따위가 일반에 대한 공개 업무를 하루 또는 한동안 쉼",N,,,,7차(2024-11),,,
휴대,MBL,Mobile,携帶. 손에 들거나 몸에 지니고 다님,N,,,,1차(2020-08),,,
휴면,DRMC,Dormancy,休眠. 쉬면서 거의 아무런 활동도 하지 아니함,N,,,,7차(2024-11),,,
휴무,DYOFF,Day Off,休務. 직무를 보지 아니하고 하루 또는 한동안 쉼,N,,,,6차(2023-11),,,
휴식,RST,Rest,休息. 하던 일을 멈추고 잠깐 쉼,N,,,,8차(2025-11),,,
휴업,TCBIZ,Temporary Close of Business,"休業. 사업이나 영업, 작업 따위를 일시적으로 중단하고 하루 또는 한동안 쉼",N,,,,1차(2020-08),,,
휴일,HLDY,Holiday,休日. 일요일이나 공휴일 따위의 일을 하지 아니하고 쉬는 날,N,,,쉬는날,1차(2020-08),,,
휴지,PAUS,Pause,休止. 하던 것을 멈추고 쉼,N,,,,7차(2024-11),,,
휴직,LVABSN,Leave Of Absence,休職. 일정한 기간 동안 직무를 쉼,N,,,,6차(2023-11),,,
휴폐업,SCBIZ,Suspension or Closing of Business,休閉業. 휴업과 폐업을 아울러 이르는 말,N,,,,6차(2023-11),,,
흉고,BRHGT,Breast Height,胸高. 가슴까지의 높이,Y,수,,,8차(2025-11),,,
흡연,SMK,Smoking,吸煙. 담배를 피움,N,,,,6차(2023-11),,,
희망,HOPE,Hope,希望. 어떤 일을 이루거나 하기를 바람,N,,,,7차(2024-11),,,
힌트,HINT,Hint,Hint. 어떠한 일을 해결하는 데 실마리가 되는 것,N,,,,8차(2025-11),,,
보훈,RWDPTR,Rewarding Patriotism,報勳. 공훈에 보답함,N,,,,6차(2023-11)(폐기),,,
중권역,SBSN,Subbasin,"中圈域. 수질 및 수생태계 보전에 관한 법률에서 정하는 바에 따라 수질 보전을 위하여 면적과 지형 따위의 하천 유역의 특성을 고려하여 수계 영향권을 대, 중, 소로 구분한 것들 중 '중'에 해당",N,,,,5차(2022-07)(폐기),,,
법정리,STLI,Statutory Li(Administrative District),法定里. 촌락을 기준으로 한 일정한 명칭과 영역으로 법률로 지정한 구역,N,,,,2차(2020-12)(폐기),폐기,공통표준단어,폐기후 제정
실효,ACEF,Actual Effect,實效. 실제로 나타나는 효과,N,,,,6차(2023-11)(폐기),폐기,공통표준단어,폐기후 제정
